Navegador de incidentesNavegador de incidentes-05/10/2026 15:00:51.929;;;;;;;;;;;;;;;;;;;;;;;;;;;;;;;;;;;;;;;;;;;;;;;
AND Grupo AOR contiene TN;;;;;;;;;;;;;;;;;;;;;;;;;;;;;;;;;;;;;;;;;;;;;;;
Y Grupo AOR contiene ;;;;;;;;;;;;;;;;;;;;;;;;;;;;;;;;;;;;;;;;;;;;;;;
Y Creado por contiene Lla;;;;;;;;;;;;;;;;;;;;;;;;;;;;;;;;;;;;;;;;;;;;;;;
;;;;;;;;;;;;;;;;;;;;;;;;;;;;;;;;;;;;;;;;;;;;;;;
#;Instrucción;Fecha de creación;Identificación;ID del Padre;Dispositivo;Circuito normal;Subestación;Causa;Cuadrillas;Clientes no restaurados;Críticos no restaurados.;Llamadas;Subregión;Región;Sector;Grupo AOR;Dispositivo aguas arriba;Usuario asignado;Circuito actual;Tipo;Prioridad;Está anidado;Carácter;Problema;Confirmado;Estado;Estado de energía;Tensión [kV];Estado de cuadrilla;Fases afectadas;Fecha de interrupción;Afectados;Afectados críticos;Prioridad del suscriptor;Transformadores de servicio;Restauración verificada;Localización del incidente;Eventos de medidor inteligente;Creado por;Hora de restauración real;Tipo de dispositivo;Dirección del dispositivo;Adjuntos;Tiene enlaces;Negocio;Subtipo;Esta anidado/acoplado
1;DP BT;22/09/2026;INC 145557822;;66944832A;LIBANO 3 13.2 KV;LIBANO;Alta vegetación;"BOLM-369 (M-20A); DP-CA-S-NorteTolima";0;0;3;TOLIMA NORTE;DISTRIBUCION TOLIMA;CELSIA - TOLIMA NORTE;CO-TOL-DI-CELSIA-TNORTE-NORTE;2589788A;;LIBANO 3 13.2 KV;MT-No Programada Con Interrupción;1;No;Permanente;LRD;Sí;Despachado;Restaurado;0;"Finalizada; Pendiente";L1;13:13.9;8;0;Low;1;0;(-8349685.0, 540657.4);0;Llamada;45:49.1;Interruptor compuesto;VDA CALIFORNIA;No;No;DISTRIBUCION;Alimentador/Troncal MT;Sí
2;DP;25/09/2026;INC 145562009;;1855841-A;EL TABLAZO 13.2 KV;PADUA;Línea reventada;"BOLM-319 (I-19); DP-CA-S-NorteTolima";12;0;7;TOLIMA NORTE;DISTRIBUCION TOLIMA;CELSIA - TOLIMA NORTE;CO-TOL-DI-CELSIA-TNORTE-NORTE;S02413;;EL TABLAZO 13.2 KV;MT-No Programada Con Interrupción;1;No;Permanente;;Sí;Despachado;No restablecido;0;"Cancelada; Pendiente";L1 L2;06:04.5;12;0;Low;1;0;(-8360109.9, 576141.4);0;Llamada;;Interruptor compuesto;VDA LA TRINCHERA;No;No;DISTRIBUCION;Alimentador/Troncal MT;No
3;DP BT;26/09/2026;INC 145562760;;SAC380605;HERVEO 2 13.2 KV;HERVEO;Línea reventada;"BOLM-318 (I-18); DP-CA-S-NorteTolima";0;0;13;TOLIMA NORTE;DISTRIBUCION TOLIMA;CELSIA - TOLIMA NORTE;CO-TOL-DI-CELSIA-TNORTE-NORTE;66967565A;;HERVEO 2 13.2 KV;MT-No Programada Con Interrupción;1;No;Permanente;;No;Despachado;No hay interrupción;0;"Cancelada; Pendiente";L2;42:37.5;1;0;Low;0;0;(-8372206.5, 570489.0);0;Llamada;;Alimentador de clientes;VDA DELGADITAS FCA EL TRIUNFO;No;No;DISTRIBUCION;Transformador de Distribución MT;No
4;DP BT ;27/09/2026;INC 145564006;;66800083REPA;HERVEO 2 13.2 KV;HERVEO;Línea reventada;"BOLM-318 (I-18); DP-CA-S-NorteTolima";0;0;2;TOLIMA NORTE;DISTRIBUCION TOLIMA;CELSIA - TOLIMA NORTE;CO-TOL-DI-CELSIA-TNORTE-NORTE;S04017;;HERVEO 2 13.2 KV;MT-No Programada Con Interrupción;1;No;Permanente;;No;Despachado;No hay interrupción;0;"No Realizado; Pendiente";L1 L2;03:07.6;10;0;Low;1;0;(-8379516.1, 568948.8);0;Llamada;;Interruptor compuesto;VDA DELGADITAS;No;No;DISTRIBUCION;Alimentador/Troncal MT;No
5;DP BT;15/09/2026;INC 146589868;;SAC199819;LIBANO 3 13.2 KV;LIBANO;Línea reventada;"BOLM-369 (M-20A); DP-CA-S-NorteTolima";1;0;2;TOLIMA NORTE;DISTRIBUCION TOLIMA;CELSIA - TOLIMA NORTE;CO-TOL-DI-CELSIA-TNORTE-NORTE;66060438A;;LIBANO 3 13.2 KV;MT-No Programada Con Interrupción;1;No;Permanente;;No;Despachado;No restablecido;0;"Finalizada; Pendiente";L2;48:37.4;1;0;Low;0;0;(-8352907.2, 542661.7);0;Llamada;;Alimentador de clientes;VDA EL TESORO FCA EL JARDIN;No;No;DISTRIBUCION;Transformador de Distribución MT;Sí
6;DP BT;15/09/2026;INC 146589912;;SAC585474;MARIQUITA 4 13.2 KV;MARIQUITA;Alta vegetación;"BOLV-396 (Apoyo); DP-CA-S-NorteTolima";0;0;2;TOLIMA NORTE;DISTRIBUCION TOLIMA;CELSIA - TOLIMA NORTE;CO-TOL-DI-CELSIA-TNORTE-NORTE;2295342-A;;MARIQUITA 4 13.2 KV;MT-No Programada Con Interrupción;1;No;Permanente;;No;Despachado;Restaurado;0;"Finalizada; Pendiente";L1;40:16.6;1;0;Low;0;0;(-8342923.8, 586780.6);0;Llamada;02:22.0;Alimentador de clientes;VDA GUACAS EL ROSAL;No;No;DISTRIBUCION;Alimentador/Troncal MT;No
7;DP-BT;18/09/2026;INC 146592647;;SAC542069;ARRIEROS CTO 1;ARRIEROS;Línea reventada;"BOLM-371 (M-21A); DP-CA-S-NorteTolima";0;0;1;TOLIMA NORTE;DISTRIBUCION TOLIMA;CELSIA - TOLIMA NORTE;CO-TOL-DI-CELSIA-TNORTE-NORTE;2223341A;;ARRIEROS CTO 1;MT-No Programada Con Interrupción;1;No;Permanente;;No;Despachado;Restaurado;0;"Finalizada; Pendiente";L2;24:28.5;1;0;None;0;0;(-8345359.2, 545951.0);0;Llamada;44:12.9;Alimentador de clientes;VDA PANTANILLO FCA TEREVINTO YASPA EL ORIENTE;No;No;DISTRIBUCION;Alimentador/Troncal MT;No
8;DP BT;19/09/2026;INC 146592919;;SAC142328;ANZOATEGUI 13.2 KV;SANTA ISABEL;Línea reventada;"BOLM-322 (I-22); CUAD-357";0;0;1;TOLIMA NORTE;DISTRIBUCION TOLIMA;CELSIA - TOLIMA NORTE;CO-TOL-DI-CELSIA-TNORTE-NORTE;2810468-A;;ANZOATEGUI 13.2 KV;MT-No Programada Con Interrupción;1;No;Permanente;;No;Despachado;Restaurado;0;"No Realizado; Pendiente";L1;21:35.5;1;0;Low;0;0;(-8358128.0, 515101.1);0;Llamada;31:24.7;Alimentador de clientes;VDA LAS CAMELIAS FCA LA ESPERANZA;No;No;DISTRIBUCION;Alimentador/Troncal MT;No
9;;28/09/2026;INC 146595011;;65567768A;PASTALES 13.2 KV;CHAPETON;Desconocida;BOLV-337;0;0;3;TOLIMA NORTE;DISTRIBUCION TOLIMA;CELSIA - TOLIMA CENTRO;CO-TOL-DI-CELSIA-TNORTE-CENTRO;RC1087;;PASTALES 13.2 KV;MT-No Programada Con Interrupción;1;No;Permanente;;No;Despachado;Restaurado;0;Pendiente;L1;58:28.3;65;0;Medium;1;0;(-8381678.8, 501800.5);0;Llamada;39:43.0;Interruptor compuesto;VDA PUERTA PERU;No;No;DISTRIBUCION;Alimentador/Troncal MT;No
10;DP ;28/09/2026;INC 146595543;;2228807A;ARRIEROS CTO 3;ARRIEROS;Transformador distribución averiado;"BOLV-370 (M-20B); DP-CA-S-NorteTolima";25;2;6;TOLIMA NORTE;DISTRIBUCION TOLIMA;CELSIA - TOLIMA NORTE;CO-TOL-DI-CELSIA-TNORTE-NORTE;66593551A;;ARRIEROS CTO 3;MT-No Programada Con Interrupción;1;No;Permanente;;Sí;Despachado;No restablecido;0;"Cancelada; Pendiente";L1 L3;22:46.5;25;2;Raised;1;0;(-8359750.9, 553315.6);0;Llamada;;Interruptor compuesto;VEREDA LA PLAYA VIA GUADALITO;No;No;DISTRIBUCION;Alimentador/Troncal MT;No
11;DP;29/09/2026;INC 146595886;;2072947-A;GUAYABAL 2 13.2 KV;GUAYABAL;Transformador distribución averiado;"BOLV-363 (M-18A); DP-CA-S-NorteTolima";22;0;4;TOLIMA NORTE;DISTRIBUCION TOLIMA;CELSIA - TOLIMA NORTE;CO-TOL-DI-CELSIA-TNORTE-NORTE;66026701B;;GUAYABAL 2 13.2 KV;MT-No Programada Con Interrupción;1;No;Permanente;;Sí;Despachado;No restablecido;0;"Finalizada; Pendiente";L2;40:48.3;22;0;Low;1;0;(-8316963.3, 558376.7);0;Llamada;;Interruptor compuesto;FCA PARCELAS;No;No;DISTRIBUCION;Alimentador/Troncal MT;No
12;DP ;29/09/2026;INC 146595917;;66695743A;EL TABLAZO 13.2 KV;PADUA;Transformador distribución averiado;"BOLM-319 (I-19); BOLV-317; DP-CA-S-NorteTolima";32;0;10;TOLIMA NORTE;DISTRIBUCION TOLIMA;CELSIA - TOLIMA NORTE;CO-TOL-DI-CELSIA-TNORTE-NORTE;RB2546;;EL TABLAZO 13.2 KV;MT-No Programada Con Interrupción;1;No;Permanente;TRD;Sí;Despachado;No restablecido;0;"Cancelada; Finalizada; Pendiente";L2 L3;38:02.4;32;0;Low;1;0;(-8356263.9, 578402.3);0;Llamada;;Interruptor compuesto;VDA BARRETO;No;No;DISTRIBUCION;Transformador de Distribución MT;No
13;DP;29/09/2026;INC 146596134;;66586571A;GUAYABAL 2 13.2 KV;GUAYABAL;Desconocida;"BOLM-362; DP-CA-S-NorteTolima";6;0;1;TOLIMA NORTE;DISTRIBUCION TOLIMA;CELSIA - TOLIMA NORTE;CO-TOL-DI-CELSIA-TNORTE-NORTE;66586588C;;"GUAYABAL 2 13.2 KV; GUAYABAL 1 13.2 KV";MT-No Programada Con Interrupción;1;No;Permanente;;Sí;Despachado;No restablecido;0;"Finalizada; Pendiente";L1 L3;08:34.7;6;0;Low;1;0;(-8331586.6, 554735.1);0;Llamada;;Interruptor compuesto;VDA MARACAIBO;No;No;DISTRIBUCION;Alimentador/Troncal MT;No
14;DP;30/09/2026;INC 146596923;;66677567REPA;CAJAMARCA 2 CT 2;NUEVA CAJAMARCA;Conexion floja;"BOLM-301 (I-1); BOLV-337";16;0;8;TOLIMA NORTE;DISTRIBUCION TOLIMA;CELSIA - TOLIMA CENTRO;CO-TOL-DI-CELSIA-TNORTE-CENTRO;;;CAJAMARCA 2 CT 2;MT-No Programada Con Interrupción;1;No;Permanente;;Sí;Despachado;No restablecido;0;"Finalizada; Finalizada";L1 L2;43:53.6;16;0;Low;1;0;(-8385458.0, 491788.9);0;Llamada;;Interruptor compuesto;PERICO PARTE ALTA FINCA MARIA SANTISIMA;No;No;DISTRIBUCION;Alimentador/Troncal MT;No
15;DP BT;30/09/2026;INC 146597044;;66582078A;FRESNO 3 13.2 KV;FRESNO;Poste averiado;"BOLV-317; DP-CA-S-NorteTolima";0;0;3;TOLIMA NORTE;DISTRIBUCION TOLIMA;CELSIA - TOLIMA NORTE;CO-TOL-DI-CELSIA-TNORTE-NORTE;66752755A;;FRESNO 3 13.2 KV;MT-No Programada Con Interrupción;1;No;Permanente;;No;Despachado;Restaurado;0;"Finalizada; Pendiente";L1 L3;31:15.2;49;1;Raised;1;0;(-8358151.5, 574715.1);0;Llamada;04:13.9;Interruptor compuesto;VDA ALEGRIAS;No;No;DISTRIBUCION;Alimentador/Troncal MT;Sí
16;DP;30/09/2026;INC 146597241;;66632288A;PALOCABILDO 2 13.2 KV;PALOCABILDO;Puente averiado;"BOLM-314 (I-14); OBRAS-5";4;0;1;TOLIMA NORTE;DISTRIBUCION TOLIMA;CELSIA - TOLIMA NORTE;CO-TOL-DI-CELSIA-TNORTE-NORTE;;;PALOCABILDO 2 13.2 KV;MT-No Programada Con Interrupción;1;No;Permanente;;Sí;Despachado;No restablecido;0;"Finalizada; Finalizada";L1 L2;06:01.0;4;0;Medium;1;0;(-8356352.3, 562652.1);0;Llamada;;Interruptor compuesto;VDA BUENOS AIRES;No;No;DISTRIBUCION;Alimentador/Troncal MT;Sí
17;DP;30/09/2026;INC 146597327;;2077345-A;MARIQUITA 4 13.2 KV;MARIQUITA;Transformador distribución averiado;"BOLV-368 (M-19B); DP-CA-S-NorteTolima";10;0;3;TOLIMA NORTE;DISTRIBUCION TOLIMA;CELSIA - TOLIMA NORTE;CO-TOL-DI-CELSIA-TNORTE-NORTE;S08592;;MARIQUITA 4 13.2 KV;MT-No Programada Con Interrupción;1;No;Permanente;;Sí;Despachado;No restablecido;0;"Finalizada; Pendiente";L1 L2;27:54.4;10;0;Low;1;0;(-8342405.7, 585191.1);0;Llamada;;Interruptor compuesto;VDA EL RIO;No;No;DISTRIBUCION;Alimentador/Troncal MT;No
18;DP BT;30/09/2026;INC 146597492;;SAC198943;ARRIEROS CTO 3;ARRIEROS;Línea reventada;"BOLM-369 (M-20A); DP-CA-S-NorteTolima";0;0;2;TOLIMA NORTE;DISTRIBUCION TOLIMA;CELSIA - TOLIMA NORTE;CO-TOL-DI-CELSIA-TNORTE-NORTE;66622401A;;ARRIEROS CTO 3;MT-No Programada Con Interrupción;1;No;Permanente;;No;Despachado;Restaurado;0;"Finalizada; Pendiente";L1;37:40.5;1;0;Low;0;0;(-8356604.5, 551086.2);0;Llamada;27:42.3;Alimentador de clientes;VDA EL DELIRIO FCA EL JARDIN;No;No;DISTRIBUCION;Transformador de Distribución MT;No
19;;1/10/2026;INC 146597744;;66945324C;ARRIEROS CTO 2;ARRIEROS;Descargas atmosfericas;BOLM-369 (M-20A);0;0;1;TOLIMA NORTE;DISTRIBUCION TOLIMA;CELSIA - TOLIMA NORTE;CO-TOL-DI-CELSIA-TNORTE-NORTE;66038238A;;SANTA ISABEL 13.2 KV;MT-No Programada Con Interrupción;1;No;Permanente;;No;Despachado;Restaurado;0;Finalizada;L1;43:22.9;1;0;Medium;1;0;(-8369906.1, 543089.8);0;Llamada;31:11.7;Interruptor compuesto;LAS NOVILLAS;No;No;DISTRIBUCION;Alimentador/Troncal MT;No
20;DP;1/10/2026;INC 146598178;;2075831-A;LERIDA 3 13.2 KV;LERIDA;Transformador distribución averiado;"BOLV-372 (M-21B); DP-CA-S-NorteTolima";2;0;1;TOLIMA NORTE;DISTRIBUCION TOLIMA;CELSIA - TOLIMA NORTE;CO-TOL-DI-CELSIA-TNORTE-NORTE;;CORE\ohcastro;LERIDA 3 13.2 KV;MT-No Programada Con Interrupción;1;No;Permanente;;Sí;Despachado;No restablecido;0;"Finalizada; Pendiente";L1 L2;55:40.8;2;0;Low;1;0;(-8336416.2, 548205.0);0;Llamada;;Interruptor compuesto;VDA SAN JORGE;No;No;DISTRIBUCION;Alimentador/Troncal MT;No
21;;1/10/2026;INC 146598196;;65577666A;LIBANO 3 13.2 KV;LIBANO;Desconocida;BOLM-371 (M-21A);0;0;1;TOLIMA NORTE;DISTRIBUCION TOLIMA;CELSIA - TOLIMA NORTE;CO-TOL-DI-CELSIA-TNORTE-NORTE;S04769;;LIBANO 3 13.2 KV;MT-No Programada Con Interrupción;1;No;Permanente;;No;Despachado;Restaurado;0;Finalizada;L1 L2;03:08.5;2;0;Low;1;0;(-8342891.5, 543523.4);0;Llamada;54:23.4;Interruptor compuesto;VDA COLOYA;No;No;DISTRIBUCION;Alimentador/Troncal MT;Sí
22;;1/10/2026;INC 146598410;;SW21477;LIBANO 3 13.2 KV;LIBANO;Alta vegetación;BOLV-372 (M-21B);0;0;4;TOLIMA NORTE;DISTRIBUCION TOLIMA;CELSIA - TOLIMA NORTE;CO-TOL-DI-CELSIA-TNORTE-NORTE;2589788A;;LIBANO 3 13.2 KV;MT-No Programada Con Interrupción;1;No;Permanente;;No;Despachado;Restaurado;0;Finalizada;L1 L2 L3;14:07.7;16;0;Low;1;0;(-8349261.5, 539384.9);0;Llamada;45:49.1;Interruptor compuesto;SIN DIRECCION;No;No;DISTRIBUCION;Alimentador/Troncal MT;Sí
23;;1/10/2026;INC 146598459;;2227487-A;LIBANO 3 13.2 KV;LIBANO;Desconocida;BOLV-370 (M-20B);8;1;1;TOLIMA NORTE;DISTRIBUCION TOLIMA;CELSIA - TOLIMA NORTE;CO-TOL-DI-CELSIA-TNORTE-NORTE;2590603A;;LIBANO 3 13.2 KV;MT-No Programada Con Interrupción;1;No;Permanente;;No;Despachado;No restablecido;0;Pendiente;L2;26:07.4;8;1;Raised;1;0;(-8351654.0, 543211.4);0;Llamada;;Interruptor compuesto;VDA RIO RECIO;No;No;DISTRIBUCION;Alimentador/Troncal MT;Sí
24;DP;1/10/2026;INC 146598516;;2220059-A;LIBANO 3 13.2 KV;LIBANO;Línea reventada;"BOLM-371 (M-21A); DP-CA-S-NorteTolima";16;0;1;TOLIMA NORTE;DISTRIBUCION TOLIMA;CELSIA - TOLIMA NORTE;CO-TOL-DI-CELSIA-TNORTE-NORTE;S05581;;LIBANO 3 13.2 KV;MT-No Programada Con Interrupción;1;No;Permanente;;Sí;Despachado;No restablecido;0;"No Realizado; Pendiente";L2;47:13.2;16;0;Low;1;0;(-8349692.4, 538197.6);0;Llamada;;Interruptor compuesto;VDA DELICIAS;No;No;DISTRIBUCION;Alimentador/Troncal MT;Sí
25;DP BT;1/10/2026;INC 146598772;;SAC343887;JUNIN 13.2 KV;SANTA ISABEL;Línea reventada;"BOLM-324 (I-24); DP-CA-S-NorteTolima";0;0;3;TOLIMA NORTE;DISTRIBUCION TOLIMA;CELSIA - TOLIMA NORTE;CO-TOL-DI-CELSIA-TNORTE-NORTE;S07247;;JUNIN 13.2 KV;MT-No Programada Con Interrupción;1;No;Permanente;;No;Despachado;Restaurado;0;"Finalizada; Pendiente";L2;08:05.0;1;0;Low;0;0;(-8353945.9, 525332.7);0;Llamada;55:07.5;Alimentador de clientes;VDA EL SALTO FCA LA CONSENTIDA;No;No;DISTRIBUCION;Alimentador/Troncal MT;No
26;;1/10/2026;INC 146598945;;2590603A;LIBANO 3 13.2 KV;LIBANO;Desconocida;BOLV-370 (M-20B);35;0;10;TOLIMA NORTE;DISTRIBUCION TOLIMA;CELSIA - TOLIMA NORTE;CO-TOL-DI-CELSIA-TNORTE-NORTE;RB3285;;LIBANO 3 13.2 KV;MT-No Programada Con Interrupción;1;No;Permanente;;No;Despachado;No restablecido;0;Pendiente;L1 L2;00:01.0;35;0;Low;3;0;(-8353594.9, 543030.6);0;Llamada;;Interruptor compuesto;SIN DIRECCION;No;No;DISTRIBUCION;Alimentador/Troncal MT;Sí
27;DP;1/10/2026;INC 146599199;;66036561A;ARRIEROS CTO 1;ARRIEROS;Transformador distribución averiado;"CUAD-353; DP-CA-S-NorteTolima";27;1;8;TOLIMA NORTE;DISTRIBUCION TOLIMA;CELSIA - TOLIMA NORTE;CO-TOL-DI-CELSIA-TNORTE-NORTE;66944654B;CORE\ohcastro;ARRIEROS CTO 1;MT-No Programada Con Interrupción;1;No;Permanente;;Sí;Despachado;No restablecido;0;"Finalizada; Pendiente";L1 L2 L3;43:32.0;27;1;Raised;1;0;(-8350695.1, 552235.0);0;Llamada;;Interruptor compuesto;VDA HORIZONTE, FCA LA FONDA;No;No;DISTRIBUCION;Alimentador/Troncal MT;No
28;DP;1/10/2026;INC 146599227;;65183935A;LIBANO 3 13.2 KV;LIBANO;Transformador distribución averiado;"BOLV-370 (M-20B); GRUA-358";9;0;1;TOLIMA NORTE;DISTRIBUCION TOLIMA;CELSIA - TOLIMA NORTE;CO-TOL-DI-CELSIA-TNORTE-NORTE;S02239;;LIBANO 3 13.2 KV;MT-No Programada Con Interrupción;1;No;Permanente;;Sí;Despachado;No restablecido;0;"Finalizada; Pendiente";L1 L3;08:52.1;9;0;Medium;1;0;(-8353883.0, 547702.2);0;Llamada;;Interruptor compuesto;VDA SAN JUAN;No;No;DISTRIBUCION;Alimentador/Troncal MT;Sí
29;DP BT;1/10/2026;INC 146599371;;SAC190689;PALOCABILDO 3 13.2 KV;PALOCABILDO;Línea reventada;"BOLM-320; CUAD-351 (M-16)";0;0;1;TOLIMA NORTE;DISTRIBUCION TOLIMA;CELSIA - TOLIMA NORTE;CO-TOL-DI-CELSIA-TNORTE-NORTE;2231204A;;PALOCABILDO 3 13.2 KV;MT-No Programada Con Interrupción;1;No;Permanente;;No;Despachado;Restaurado;0;"No Realizado; Pendiente";L1;11:49.7;1;0;Low;0;0;(-8349191.2, 569565.0);0;Llamada;56:38.2;Alimentador de clientes;VDA PRIMAVERA VIA A GUADUALITO;No;No;DISTRIBUCION;Alimentador/Troncal MT;No
30;DP;1/10/2026;INC 146599387;;3461626A;SANTA ISABEL 13.2 KV;SANTA ISABEL;Transformador distribución averiado;"BOLM-369 (M-20A); DP-CA-S-NorteTolima";5;0;2;TOLIMA NORTE;DISTRIBUCION TOLIMA;CELSIA - TOLIMA NORTE;CO-TOL-DI-CELSIA-TNORTE-NORTE;;;SANTA ISABEL 13.2 KV;MT-No Programada Con Interrupción;1;No;Permanente;;Sí;Despachado;No restablecido;0;"Finalizada; Pendiente";L2 L3;26:31.4;5;0;Low;1;0;(-8370854.0, 541758.3);0;Llamada;;Interruptor compuesto;VDA REQUINTADEROS;No;No;DISTRIBUCION;Transformador de Distribución MT;No
31;;1/10/2026;INC 146599444;;2228521A;ARRIEROS CTO 1;ARRIEROS;Desconocida;BOLV-370 (M-20B);0;0;7;TOLIMA NORTE;DISTRIBUCION TOLIMA;CELSIA - TOLIMA NORTE;CO-TOL-DI-CELSIA-TNORTE-NORTE;L250;;ARRIEROS CTO 1;MT-No Programada Con Interrupción;1;No;Permanente;;No;Despachado;Restaurado;0;Pendiente;L1 L2;08:56.3;11;0;Low;1;0;(-8355748.1, 549461.9);0;Llamada;16:08.8;Interruptor compuesto;VDA ALTO DE SAN JUAN;No;No;DISTRIBUCION;Alimentador/Troncal MT;No
32;DP;2/10/2026;INC 146599548;;3495473A;FRESNO 3 13.2 KV;FRESNO;Transformador distribución averiado;"BOLV-317; DP-CA-S-NorteTolima";24;1;7;TOLIMA NORTE;DISTRIBUCION TOLIMA;CELSIA - TOLIMA NORTE;CO-TOL-DI-CELSIA-TNORTE-NORTE;;;FRESNO 3 13.2 KV;MT-No Programada Con Interrupción;1;No;Permanente;;Sí;Despachado;No restablecido;0;"Finalizada; Pendiente";L1 L2;31:55.6;24;1;Raised;1;0;(-8349319.5, 576855.0);0;Llamada;;Interruptor compuesto;VDA EL ESPEJO;No;No;DISTRIBUCION;Alimentador/Troncal MT;No
33;;2/10/2026;INC 146599569;;65577631A;LIBANO 3 13.2 KV;LIBANO;Desconocida;BOLM-371 (M-21A);0;0;1;TOLIMA NORTE;DISTRIBUCION TOLIMA;CELSIA - TOLIMA NORTE;CO-TOL-DI-CELSIA-TNORTE-NORTE;S04769;;LIBANO 3 13.2 KV;MT-No Programada Con Interrupción;1;No;Permanente;;No;Despachado;No hay interrupción;0;Finalizada;L2;52:35.1;1;0;None;1;0;(-8342539.1, 543871.2);0;Llamada;;Interruptor compuesto;VDA COLOYA;No;No;DISTRIBUCION;Alimentador/Troncal MT;Sí
34;;2/10/2026;INC 146599579;;66695638A;ARRIEROS CTO 3;ARRIEROS;Ninguna;BOLV-370 (M-20B);0;0;8;TOLIMA NORTE;DISTRIBUCION TOLIMA;CELSIA - TOLIMA NORTE;CO-TOL-DI-CELSIA-TNORTE-NORTE;1724509A;;ARRIEROS CTO 3;MT-No Programada Con Interrupción;1;No;Permanente;;No;Despachado;No hay interrupción;0;Pendiente;L1;02:28.5;15;0;Low;1;0;(-8358933.7, 549653.7);0;Llamada;;Interruptor compuesto;VDA LA GREGORITA FCA PRIMAVERA;No;No;DISTRIBUCION;Alimentador/Troncal MT;No
35;;2/10/2026;INC 146599586;;2225280A;LIBANO 3 13.2 KV;LIBANO;Desconocida;BOLV-372 (M-21B);0;0;2;TOLIMA NORTE;DISTRIBUCION TOLIMA;CELSIA - TOLIMA NORTE;CO-TOL-DI-CELSIA-TNORTE-NORTE;4036837A;;LIBANO 3 13.2 KV;MT-No Programada Con Interrupción;1;No;Permanente;;No;Despachado;Restaurado;0;Pendiente;L1;11:02.0;12;0;Low;1;0;(-8346136.8, 540393.9);0;Llamada;54:23.4;Interruptor compuesto;VDA CARABALI;No;No;DISTRIBUCION;Alimentador/Troncal MT;Sí
36;DP BT ;2/10/2026;INC 146599668;;66038084A;PALOCABILDO 2 13.2 KV;PALOCABILDO;Línea reventada;"BOLM-323 (I-23); DP-CA-S-NorteTolima";0;0;2;TOLIMA NORTE;DISTRIBUCION TOLIMA;CELSIA - TOLIMA NORTE;CO-TOL-DI-CELSIA-TNORTE-NORTE;S07862;;PALOCABILDO 2 13.2 KV;MT-No Programada Sin Interrupción;1;No;Permanente;;No;Despachado;No hay interrupción;0;"No Realizado; Pendiente";None;11:55.1;2;0;Low;0;0;(-8350673.9, 562451.6);0;Llamada;48:42.3;Interruptor compuesto;VDA TOPACIO;No;No;DISTRIBUCION;Alimentador/Troncal MT;Sí
37;;2/10/2026;INC 146599671;;65178508A;JUNIN 13.2 KV;SANTA ISABEL;Desconocida;BOLV-370 (M-20B);0;0;1;TOLIMA NORTE;DISTRIBUCION TOLIMA;CELSIA - TOLIMA NORTE;CO-TOL-DI-CELSIA-TNORTE-NORTE;S05576;;LERIDA 2 13.2 KV;MT-No Programada Con Interrupción;1;No;Permanente;;No;Despachado;Restaurado;0;Pendiente;L2;13:56.6;25;0;Low;1;0;(-8357199.2, 541393.8);0;Llamada;24:48.7;Interruptor compuesto;VDA MARENGO;No;No;DISTRIBUCION;Alimentador/Troncal MT;No
38;;2/10/2026;INC 146599676;;3424399-A;SANTA ISABEL 13.2 KV;SANTA ISABEL;Desconocida;BOLM-369 (M-20A);0;0;2;TOLIMA NORTE;DISTRIBUCION TOLIMA;CELSIA - TOLIMA NORTE;CO-TOL-DI-CELSIA-TNORTE-NORTE;66592881A;;SANTA ISABEL 13.2 KV;MT-No Programada Con Interrupción;1;No;Permanente;;No;Despachado;Restaurado;0;Pendiente;L1;18:45.1;13;1;Raised;1;0;(-8363123.0, 531329.5);0;Llamada;31:11.7;Interruptor compuesto;VDA EL BOSQUE;No;No;DISTRIBUCION;Alimentador/Troncal MT;No
39;DP BT;2/10/2026;INC 146599706;;SAC96039;CAJAMARCA 2 13.2 KV;CAJAMARCA;Poste averiado;"BOLV-303; DP-CA-S-CentroTolima";0;0;1;TOLIMA NORTE;DISTRIBUCION TOLIMA;CELSIA - TOLIMA CENTRO;CO-TOL-DI-CELSIA-TNORTE-CENTRO;65619199A;;CAJAMARCA 2 13.2 KV;MT-No Programada Con Interrupción;1;No;Permanente;;No;Despachado;No hay interrupción;0;"No Realizado; Pendiente";L1;45:47.1;1;0;Low;0;0;(-8399220.5, 493182.1);0;Llamada;;Alimentador de clientes;VDA .CAJAMARQ. FNCA.LA JUDEA;No;No;DISTRIBUCION;Alimentador/Troncal MT;No
40;;2/10/2026;INC 146599725;;66707016A;RURAL 13.2 KV;ROVIRA;Desconocida;BOLV-307;0;0;3;TOLIMA NORTE;DISTRIBUCION TOLIMA;CELSIA - TOLIMA CENTRO;CO-TOL-DI-CELSIA-TNORTE-CENTRO;3407200A;;RURAL 13.2 KV;MT-No Programada Con Interrupción;1;No;Permanente;;No;Despachado;Restaurado;0;Pendiente;L1;55:51.8;15;0;Low;1;0;(-8388829.3, 460884.2);0;Llamada;24:18.5;Interruptor compuesto;VDA LA MIRANDA;No;No;DISTRIBUCION;Alimentador/Troncal MT;No
41;DP;2/10/2026;INC 146599754;;4036796-A;EL TABLAZO 13.2 KV;PADUA;Descargas atmosfericas;"BOLV-317; DP-CA-S-NorteTolima";16;0;3;TOLIMA NORTE;DISTRIBUCION TOLIMA;CELSIA - TOLIMA NORTE;CO-TOL-DI-CELSIA-TNORTE-NORTE;RB2546;CORE\jramirezs;EL TABLAZO 13.2 KV;MT-No Programada Con Interrupción;1;No;Permanente;;Sí;Despachado;No restablecido;0;"Finalizada; Pendiente";L1 L3;19:57.5;16;0;Medium;1;0;(-8358914.4, 576603.3);0;Llamada;;Interruptor compuesto;VDA LINDA;No;No;DISTRIBUCION;Alimentador/Troncal MT;No
42;DP;2/10/2026;INC 146599812;;65153203-A;ANZOATEGUI 13.2 KV;SANTA ISABEL;Línea reventada;"BOLM-322 (I-22); DP-CA-S-NorteTolima";6;0;1;TOLIMA NORTE;DISTRIBUCION TOLIMA;CELSIA - TOLIMA NORTE;CO-TOL-DI-CELSIA-TNORTE-NORTE;S08787;;ANZOATEGUI 13.2 KV;MT-No Programada Con Interrupción;1;No;Permanente;;Sí;Despachado;No restablecido;0;"No Realizado; Pendiente";L1;06:09.6;6;0;Low;1;0;(-8355785.3, 521907.9);0;Llamada;;Interruptor compuesto;VDA BUENOS AIRES FCA CAJITA;No;No;DISTRIBUCION;Alimentador/Troncal MT;No
43;;2/10/2026;INC 146599870;;2070103-A;PAPAYO 7 13.2 KV;PAPAYO;Desconocida;BOLM-302 (I-2);0;0;2;TOLIMA NORTE;DISTRIBUCION TOLIMA;CELSIA - TOLIMA CENTRO;CO-TOL-DI-CELSIA-TNORTE-CENTRO;65969882A;;PAPAYO 7 13.2 KV;MT-No Programada Con Interrupción;1;No;Permanente;;No;Despachado;Restaurado;0;Pendiente;L2;53:22.0;3;0;Medium;1;0;(-8368100.5, 482905.6);0;Llamada;31:46.6;Interruptor compuesto;IBAGUE VDA LLANO DE COMBEIMA FCA MONACO;No;No;DISTRIBUCION;Alimentador/Troncal MT;No
44;;2/10/2026;INC 146599945;;66793893A;CAJAMARCA 2 CT 2;NUEVA CAJAMARCA;Desconocida;BOLV-337;0;0;1;TOLIMA NORTE;DISTRIBUCION TOLIMA;CELSIA - TOLIMA CENTRO;CO-TOL-DI-CELSIA-TNORTE-CENTRO;4035976A;;CAJAMARCA 2 CT 2;MT-No Programada Con Interrupción;1;No;Permanente;;No;Despachado;Restaurado;0;No Realizado;L1;45:50.2;2;0;Low;1;0;(-8383522.8, 484877.5);0;Llamada;46:09.5;Interruptor compuesto;VDA SAN ISIDRO;No;No;DISTRIBUCION;Alimentador/Troncal MT;No
45;;2/10/2026;INC 146600140;;SW16820;PAYANDE 2 13.2 KV;PAYANDE;Desconocida;BOLM-310 (I-10);10;0;2;TOLIMA NORTE;DISTRIBUCION TOLIMA;CELSIA - TOLIMA CENTRO;CO-TOL-DI-CELSIA-TNORTE-CENTRO;S08144;;PAYANDE 2 13.2 KV;MT-No Programada Con Interrupción;1;No;Permanente;;No;Despachado;No restablecido;0;Pendiente;L1;17:25.9;10;0;Low;1;0;(-8369896.5, 455204.1);0;Llamada;;Interruptor compuesto;SIN DIRECCION;No;No;DISTRIBUCION;Alimentador/Troncal MT;Sí
46;DP;2/10/2026;INC 146600307;;2709180-A;DOIMA 1 13.2 KV;DOIMA;Cortacircuito averiado;"BOLM-313 (I-13); DP-CA-S-CentroTolima";0;0;10;TOLIMA NORTE;DISTRIBUCION TOLIMA;CELSIA - TOLIMA CENTRO;CO-TOL-DI-CELSIA-TNORTE-CENTRO;RB3450;;DOIMA 1 13.2 KV;MT-No Programada Con Interrupción;1;No;Permanente;;No;Despachado;Restaurado;0;"Finalizada; Pendiente";L2;39:20.3;65;0;Low;1;0;(-8345153.4, 492341.7);0;Llamada;20:11.1;Interruptor compuesto;VDA LAS VILLAS;No;No;DISTRIBUCION;Transformador de Distribución MT;Sí
47;DP BT;2/10/2026;INC 146600557;;2073978-A;GUAYABAL 2 13.2 KV;GUAYABAL;Alta vegetación;"BOLM-361 (I-61); DP-CA-S-NorteTolima";0;0;1;TOLIMA NORTE;DISTRIBUCION TOLIMA;CELSIA - TOLIMA NORTE;CO-TOL-DI-CELSIA-TNORTE-NORTE;RB1771;;GUAYABAL 1 13.2 KV;MT-No Programada Con Interrupción;1;No;Permanente;;No;Despachado;Restaurado;0;"Finalizada; Pendiente";L2;37:03.4;3;0;Low;1;0;(-8340776.0, 557206.8);0;Llamada;13:35.2;Interruptor compuesto;VDA SANTO DOMINGO;No;No;DISTRIBUCION;Transformador de Distribución MT;No
48;;2/10/2026;INC 146600560;;3411315A;ARRIEROS CTO 2;ARRIEROS;Desconocida;BOLM-369 (M-20A);0;0;2;TOLIMA NORTE;DISTRIBUCION TOLIMA;CELSIA - TOLIMA NORTE;CO-TOL-DI-CELSIA-TNORTE-NORTE;2580284A;;SANTA ISABEL 13.2 KV;MT-No Programada Con Interrupción;1;No;Permanente;;No;Despachado;Restaurado;0;Pendiente;L1;43:13.6;5;0;Low;1;0;(-8373927.5, 540332.2);0;Llamada;31:11.7;Interruptor compuesto;VDA ALFOMBRALES;No;No;DISTRIBUCION;Alimentador/Troncal MT;No
49;;2/10/2026;INC 146600589;;1367072A;PAPAYO 6 13.2 KV;PAPAYO;Ninguna;BOLM-302 (I-2);0;0;1;TOLIMA NORTE;DISTRIBUCION TOLIMA;CELSIA - TOLIMA CENTRO;CO-TOL-DI-CELSIA-TNORTE-CENTRO;65973847A;;PAPAYO 6 13.2 KV;MT-No Programada Con Interrupción;1;No;Permanente;VCD;No;Despachado;No hay interrupción;0;Pendiente;L1 L2 L3;56:11.9;81;0;Medium;1;0;(-8367863.0, 491205.9);0;Llamada;;Interruptor compuesto;CLL 113SURNº433-84;No;No;DISTRIBUCION;Alimentador/Troncal MT;No
50;;2/10/2026;INC 146600620;;2228874A;ARRIEROS CTO 3;ARRIEROS;Ninguna;BOLV-370 (M-20B);0;0;2;TOLIMA NORTE;DISTRIBUCION TOLIMA;CELSIA - TOLIMA NORTE;CO-TOL-DI-CELSIA-TNORTE-NORTE;RB1852;;ARRIEROS CTO 3;MT-No Programada Con Interrupción;1;No;Permanente;;No;Despachado;No hay interrupción;0;Pendiente;L1;13:58.2;11;0;Low;1;0;(-8354437.7, 555378.1);0;Llamada;;Interruptor compuesto;VDA MESETAS;No;No;DISTRIBUCION;Alimentador/Troncal MT;No
51;DP ;2/10/2026;INC 146600662;;66632256-A;ANZOATEGUI 13.2 KV;SANTA ISABEL;Transformador distribución averiado;"BOLM-325 (I-25); DP-CA-S-NorteTolima";21;1;3;TOLIMA NORTE;DISTRIBUCION TOLIMA;CELSIA - TOLIMA NORTE;CO-TOL-DI-CELSIA-TNORTE-NORTE;S07590;;ANZOATEGUI 13.2 KV;MT-No Programada Con Interrupción;1;No;Permanente;;Sí;Despachado;No restablecido;0;"Finalizada; Pendiente";L1;37:00.1;21;1;Raised;1;0;(-8361079.6, 521031.3);0;Llamada;;Interruptor compuesto;VDA. BRASIL;No;No;DISTRIBUCION;Alimentador/Troncal MT;No
52;;2/10/2026;INC 146600685;;66851591A;RURAL 13.2 KV;ROVIRA;Desconocida;BOLV-307;0;0;2;TOLIMA NORTE;DISTRIBUCION TOLIMA;CELSIA - TOLIMA CENTRO;CO-TOL-DI-CELSIA-TNORTE-CENTRO;S07932;;RURAL 13.2 KV;MT-No Programada Con Interrupción;1;No;Permanente;;No;Despachado;Restaurado;0;Pendiente;L3;46:37.3;11;0;Low;1;0;(-8386724.9, 465875.3);0;Llamada;24:18.5;Interruptor compuesto;VEREDA GUAIMARAL FINCALA ESPERANZA;No;No;DISTRIBUCION;Alimentador/Troncal MT;No
53;;2/10/2026;INC 146600699;;65207753A;URBANO 13.2 KV;ROVIRA;Desconocida;BOLM-308 (I-59);0;0;1;TOLIMA NORTE;DISTRIBUCION TOLIMA;CELSIA - TOLIMA CENTRO;CO-TOL-DI-CELSIA-TNORTE-CENTRO;65174804A;;URBANO 13.2 KV;MT-No Programada Con Interrupción;1;No;Permanente;;No;Despachado;Restaurado;0;Pendiente;L1;51:17.1;26;0;Low;1;0;(-8384624.2, 472422.2);0;Llamada;23:33.1;Interruptor compuesto;VDA LA PALMITA FCA ARRAYANES;No;No;DISTRIBUCION;Alimentador/Troncal MT;No
54;;2/10/2026;INC 146600715;;S03858;URBANO 13.2 KV;ROVIRA;Desconocida;BOLM-308 (I-59);0;0;1;TOLIMA NORTE;DISTRIBUCION TOLIMA;CELSIA - TOLIMA CENTRO;CO-TOL-DI-CELSIA-TNORTE-CENTRO;S03855;;URBANO 13.2 KV;MT-No Programada Con Interrupción;1;No;Permanente;;No;Despachado;Restaurado;0;Pendiente;L2;57:24.4;6;0;Low;1;0;(-8371291.1, 475072.6);0;Llamada;23:33.1;Interruptor compuesto;VDA GOLUPO;No;No;DISTRIBUCION;Alimentador/Troncal MT;No
55;;2/10/2026;INC 146600835;;S06673;LA VEGA 13.2 KV;CHAPETON;Desconocida;BOLM-301 (I-1);0;0;17;TOLIMA NORTE;DISTRIBUCION TOLIMA;CELSIA - TOLIMA CENTRO;CO-TOL-DI-CELSIA-TNORTE-CENTRO;RB2130;;LA VEGA 13.2 KV;MT-No Programada Con Interrupción;1;No;Permanente;;No;Despachado;Restaurado;0;Pendiente;L2;04:58.0;55;0;Medium;1;0;(-8377998.8, 497340.9);0;Llamada;39:33.0;Interruptor compuesto;SECCIONAMIENTO HACIA VEREDA CAY SECTOR EL MIRADOR;No;No;DISTRIBUCION;Alimentador/Troncal MT;No
56;;2/10/2026;INC 146600839;;65922576-A;SAN JORGE 4 13.2 KV;SAN JORGE;Desconocida;CUAD-305;0;0;7;TOLIMA NORTE;DISTRIBUCION TOLIMA;CELSIA - TOLIMA CENTRO;CO-TOL-DI-CELSIA-TNORTE-CENTRO;65921979B;;SAN JORGE 4 13.2 KV;MT-No Programada Con Interrupción;1;No;Permanente;;No;Despachado;Restaurado;0;Pendiente;L1 L2 L3;08:56.1;92;0;Medium;1;0;(-8374744.5, 495164.7);0;Llamada;46:50.7;Interruptor compuesto;CALLE 20 CARRERA 7 BARRIO EL CARMEN;No;No;DISTRIBUCION;Alimentador/Troncal MT;No
57;;2/10/2026;INC 146600917;;S05962;URBANO 13.2 KV;ROVIRA;Desconocida;BOLM-330;0;0;1;TOLIMA NORTE;DISTRIBUCION TOLIMA;CELSIA - TOLIMA CENTRO;CO-TOL-DI-CELSIA-TNORTE-CENTRO;S05960;;PAPAYO 7 13.2 KV;MT-No Programada Con Interrupción;1;No;Permanente;;No;Despachado;Restaurado;0;Pendiente;L1;02:10.3;9;0;Low;1;0;(-8375247.5, 485146.2);0;Llamada;30:47.3;Interruptor compuesto;SIN DIRECCION;No;No;DISTRIBUCION;Alimentador/Troncal MT;Sí
58;DP;3/10/2026;INC 146601179;;1838032-A;ANZOATEGUI 13.2 KV;SANTA ISABEL;Alta vegetación;"BOLM-309 (I-9); DP-CA-S-NorteTolima";30;1;3;TOLIMA NORTE;DISTRIBUCION TOLIMA;CELSIA - TOLIMA CENTRO;CO-TOL-DI-CELSIA-TNORTE-NORTE;;;ANZOATEGUI 13.2 KV;MT-No Programada Con Interrupción;1;No;Permanente;;Sí;Despachado;No restablecido;0;"Finalizada; Pendiente";L1 L2;30:55.0;30;1;High;1;0;(-8358633.2, 506967.2);0;Llamada;;Interruptor compuesto;VDA LA PLUMA;No;No;DISTRIBUCION;Alimentador/Troncal MT;No
59;;3/10/2026;INC 146601213;;66652122B;SAN JORGE 5 13.2 KV;SAN JORGE;Desconocida;"BOLM-330; BOLM-302 (I-2); BOLV-337";0;0;12;TOLIMA NORTE;DISTRIBUCION TOLIMA;CELSIA - TOLIMA CENTRO;CO-TOL-DI-CELSIA-TNORTE-CENTRO;RB2558;;SAN JORGE 5 13.2 KV;MT-No Programada Con Interrupción;1;No;Permanente;;No;Despachado;Restaurado;0;"Pendiente; Cancelada; Cancelada";L1 L2 L3;40:05.6;98;2;Raised;20;0;(-8380099.1, 487131.9);0;Llamada;39:05.3;Interruptor compuesto;VDA SAN CRISTOBAL PARTE ALTA;No;No;DISTRIBUCION;Alimentador/Troncal MT;Sí
60;;3/10/2026;INC 146601229;;66945847A;CAJAMARCA 2 CT 2;NUEVA CAJAMARCA;Desconocida;BOLV-337;0;0;14;TOLIMA NORTE;DISTRIBUCION TOLIMA;CELSIA - TOLIMA CENTRO;CO-TOL-DI-CELSIA-TNORTE-CENTRO;MP74836A;CORE\acastellanos;CAJAMARCA 2 CT 2;MT-No Programada Con Interrupción;1;No;Permanente;LRD;No;Restablecido;Restaurado;0;Cancelada;L1;02:52.7;39;0;Medium;1;0;(-8382511.5, 489876.1);0;Llamada;46:09.5;Interruptor compuesto;VDA LOMA COCORA;No;No;DISTRIBUCION;Alimentador/Troncal MT;No
61;;3/10/2026;INC 146601257;;66592138A;PAPAYO 7 13.2 KV;PAPAYO;Descargas atmosfericas;BOLM-302 (I-2);0;0;1;TOLIMA NORTE;DISTRIBUCION TOLIMA;CELSIA - TOLIMA CENTRO;CO-TOL-DI-CELSIA-TNORTE-CENTRO;65971021A;;PAPAYO 7 13.2 KV;MT-No Programada Con Interrupción;1;No;Permanente;;No;Despachado;Restaurado;0;Finalizada;L2 L3;18:02.7;1;0;Medium;1;0;(-8370126.0, 490684.9);0;Llamada;31:46.6;Interruptor compuesto;VDA CAÑADAS POTRERITO FINCA LOS MANGOS IBAGUE;No;No;DISTRIBUCION;Alimentador/Troncal MT;No
62;;3/10/2026;INC 146601266;;66855465A;LIBANO 1 13.2 KV;LIBANO;Ninguna;BOLV-370 (M-20B);0;0;17;TOLIMA NORTE;DISTRIBUCION TOLIMA;CELSIA - TOLIMA NORTE;CO-TOL-DI-CELSIA-TNORTE-NORTE;RB1991;;LIBANO 1 13.2 KV;MT-No Programada Con Interrupción;1;No;Permanente;;No;Despachado;No hay interrupción;0;Pendiente;L1 L2;21:44.4;202;1;Raised;1;0;(-8356052.0, 549275.1);0;Llamada;;Interruptor compuesto;CLL 11 CRR 10;No;No;DISTRIBUCION;Alimentador/Troncal MT;Sí
63;;3/10/2026;INC 146601301;;65131595A;URBANO 13.2 KV;ROVIRA;Desconocida;BOLM-308 (I-59);0;0;2;TOLIMA NORTE;DISTRIBUCION TOLIMA;CELSIA - TOLIMA CENTRO;CO-TOL-DI-CELSIA-TNORTE-CENTRO;66792005B;;URBANO 13.2 KV;MT-No Programada Con Interrupción;1;No;Permanente;;No;Despachado;Restaurado;0;Pendiente;L3;36:43.0;8;0;Low;1;0;(-8372480.5, 471341.4);0;Llamada;23:33.1;Interruptor compuesto;VDA LA CHAPA;No;No;DISTRIBUCION;Alimentador/Troncal MT;No
64;;3/10/2026;INC 146601303;;3411312A;ARRIEROS CTO 2;ARRIEROS;Desconocida;BOLM-369 (M-20A);0;0;1;TOLIMA NORTE;DISTRIBUCION TOLIMA;CELSIA - TOLIMA NORTE;CO-TOL-DI-CELSIA-TNORTE-NORTE;2580284A;;SANTA ISABEL 13.2 KV;MT-No Programada Con Interrupción;1;No;Permanente;;No;Despachado;Restaurado;0;Pendiente;L1;38:38.7;4;0;Low;1;0;(-8374643.5, 540999.0);0;Llamada;31:11.7;Interruptor compuesto;VDA ALFOMBRALES;No;No;DISTRIBUCION;Alimentador/Troncal MT;No
65;;3/10/2026;INC 146601318;;65160617-A;PASTALES 13.2 KV;CHAPETON;Desconocida;BOLM-301 (I-1);0;0;1;TOLIMA NORTE;DISTRIBUCION TOLIMA;CELSIA - TOLIMA CENTRO;CO-TOL-DI-CELSIA-TNORTE-CENTRO;S03721;;PASTALES 13.2 KV;MT-No Programada Con Interrupción;1;No;Permanente;;No;Despachado;Restaurado;0;Pendiente;L1;50:19.6;18;0;Low;1;0;(-8380478.9, 500706.6);0;Llamada;39:43.0;Interruptor compuesto;FINCA LA ESPERANZA;No;No;DISTRIBUCION;Alimentador/Troncal MT;No
66;;3/10/2026;INC 146601342;;65244322A;URBANO 13.2 KV;ROVIRA;Desconocida;BOLV-307;6;0;1;TOLIMA NORTE;DISTRIBUCION TOLIMA;CELSIA - TOLIMA CENTRO;CO-TOL-DI-CELSIA-TNORTE-CENTRO;S03892;;URBANO 13.2 KV;MT-No Programada Con Interrupción;1;No;Permanente;;No;Despachado;No restablecido;0;Pendiente;L3;03:34.7;6;0;Low;1;0;(-8382116.6, 481339.9);0;Llamada;;Interruptor compuesto;VDA PAJUIL ANDES;No;No;DISTRIBUCION;Alimentador/Troncal MT;Sí
67;;3/10/2026;INC 146601364;;1908731-A;PASTALES 13.2 KV;CHAPETON;Desconocida;BOLM-301 (I-1);0;0;4;TOLIMA NORTE;DISTRIBUCION TOLIMA;CELSIA - TOLIMA CENTRO;CO-TOL-DI-CELSIA-TNORTE-CENTRO;65570300B;;PASTALES 13.2 KV;MT-No Programada Con Interrupción;1;No;Permanente;;No;Despachado;Restaurado;0;Pendiente;L1 L2;14:19.7;29;0;Low;1;0;(-8378062.9, 498701.0);0;Llamada;39:43.0;Interruptor compuesto;VDA CAY ALTO FINCA LA FLOR;No;No;DISTRIBUCION;Alimentador/Troncal MT;No
68;;3/10/2026;INC 146601373;;66632202A;LIBANO 3 13.2 KV;LIBANO;Conexion floja;BOLV-372 (M-21B);0;0;1;TOLIMA NORTE;DISTRIBUCION TOLIMA;CELSIA - TOLIMA NORTE;CO-TOL-DI-CELSIA-TNORTE-NORTE;S06403;;LIBANO 3 13.2 KV;MT-No Programada Con Interrupción;1;No;Permanente;;No;Despachado;Restaurado;0;Finalizada;L2;17:21.0;12;0;Low;1;0;(-8347317.5, 538785.3);0;Llamada;54:23.4;Interruptor compuesto;VDA SAN JOSE;No;No;DISTRIBUCION;Alimentador/Troncal MT;Sí
69;DP BT;3/10/2026;INC 146601419;;SAC97419;CAJAMARCA 2 13.2 KV;CAJAMARCA;Línea reventada;"BOLV-303; DP-CA-S-CentroTolima";0;0;1;TOLIMA NORTE;DISTRIBUCION TOLIMA;CELSIA - TOLIMA CENTRO;CO-TOL-DI-CELSIA-TNORTE-CENTRO;2071517-A;;CAJAMARCA 2 CT 2;MT-No Programada Con Interrupción;1;No;Permanente;;No;Despachado;No hay interrupción;0;"No Realizado; Pendiente";L1;38:48.7;1;0;Low;0;0;(-8401761.4, 485804.6);0;Llamada;;Alimentador de clientes;VDA EL AGUILA FCA LA PRADERA;No;No;DISTRIBUCION;Transformador de Distribución MT;No
70;;3/10/2026;INC 146601436;;66767574A;LA VEGA 13.2 KV;CHAPETON;Desconocida;BOLM-301 (I-1);0;0;1;TOLIMA NORTE;DISTRIBUCION TOLIMA;CELSIA - TOLIMA CENTRO;CO-TOL-DI-CELSIA-TNORTE-CENTRO;S08060;;LA VEGA 13.2 KV;MT-No Programada Con Interrupción;1;No;Permanente;;No;Despachado;Restaurado;0;Pendiente;L1;43:14.2;20;2;High;1;0;(-8379695.6, 495462.3);0;Llamada;39:33.0;Interruptor compuesto;VDA LAS AMARILLAS;No;No;DISTRIBUCION;Alimentador/Troncal MT;No
71;;3/10/2026;INC 146601570;;66974006A;LIBANO 3 13.2 KV;LIBANO;Desconocida;BOLV-372 (M-21B);0;0;1;TOLIMA NORTE;DISTRIBUCION TOLIMA;CELSIA - TOLIMA NORTE;CO-TOL-DI-CELSIA-TNORTE-NORTE;S05581;;LIBANO 3 13.2 KV;MT-No Programada Con Interrupción;1;No;Permanente;;No;Despachado;Restaurado;0;Pendiente;L2;43:56.7;5;0;Low;1;0;(-8348987.4, 536797.5);0;Llamada;45:49.1;Interruptor compuesto;VDA ALTAMIRADA;No;No;DISTRIBUCION;Alimentador/Troncal MT;Sí
72;;3/10/2026;INC 146601701;;2070278-A;URBANO 13.2 KV;ROVIRA;Desconocida;BOLM-302 (I-2);0;0;2;TOLIMA NORTE;DISTRIBUCION TOLIMA;CELSIA - TOLIMA CENTRO;CO-TOL-DI-CELSIA-TNORTE-CENTRO;RB1950;;PAPAYO 7 13.2 KV;MT-No Programada Con Interrupción;1;No;Permanente;;No;Despachado;Restaurado;0;Pendiente;L3;54:34.1;20;0;Low;1;0;(-8370053.3, 486194.0);0;Llamada;30:47.3;Interruptor compuesto;VDA EL RODEO;No;No;DISTRIBUCION;Alimentador/Troncal MT;Sí
73;;3/10/2026;INC 146601713;;65576813A;PASTALES 13.2 KV;CHAPETON;Desconocida;BOLM-301 (I-1);0;0;1;TOLIMA NORTE;DISTRIBUCION TOLIMA;CELSIA - TOLIMA CENTRO;CO-TOL-DI-CELSIA-TNORTE-CENTRO;S03779;;PASTALES 13.2 KV;MT-No Programada Con Interrupción;1;No;Permanente;;No;Despachado;Restaurado;0;Pendiente;L1;07:18.9;2;0;Low;1;0;(-8385133.5, 510232.7);0;Llamada;39:43.0;Interruptor compuesto;VIA EL SILECIO;No;No;DISTRIBUCION;Alimentador/Troncal MT;No
74;;3/10/2026;INC 146601765;;2070308-A;URBANO 13.2 KV;ROVIRA;Pararrayo averiado;BOLM-302 (I-2);0;0;8;TOLIMA NORTE;DISTRIBUCION TOLIMA;CELSIA - TOLIMA CENTRO;CO-TOL-DI-CELSIA-TNORTE-CENTRO;RB2508;;PAPAYO 7 13.2 KV;MT-No Programada Con Interrupción;1;No;Permanente;;No;Despachado;Restaurado;0;Finalizada;L1;03:09.0;26;0;Medium;1;0;(-8370663.5, 486202.4);0;Llamada;30:47.3;Interruptor compuesto;VRD EL RODEO;No;No;DISTRIBUCION;Alimentador/Troncal MT;Sí
75;;3/10/2026;INC 146601777;;3441101-A;URBANO 13.2 KV;ROVIRA;Desconocida;BOLM-302 (I-2);0;0;4;TOLIMA NORTE;DISTRIBUCION TOLIMA;CELSIA - TOLIMA CENTRO;CO-TOL-DI-CELSIA-TNORTE-CENTRO;RB2508;;PAPAYO 7 13.2 KV;MT-No Programada Con Interrupción;1;No;Permanente;;No;Despachado;Restaurado;0;Pendiente;L1;16:39.1;7;0;Medium;1;0;(-8372731.3, 487180.7);0;Llamada;30:47.3;Interruptor compuesto;VDA LA MONTAÑA;No;No;DISTRIBUCION;Alimentador/Troncal MT;Sí
76;;3/10/2026;INC 146601779;;66582477A;SANTA ISABEL 13.2 KV;SANTA ISABEL;Desconocida;BOLM-325 (I-25);0;0;2;TOLIMA NORTE;DISTRIBUCION TOLIMA;CELSIA - TOLIMA NORTE;CO-TOL-DI-CELSIA-TNORTE-NORTE;4044240A;;SANTA ISABEL 13.2 KV;MT-No Programada Con Interrupción;1;No;Permanente;;No;Despachado;Restaurado;0;Finalizada;L1;17:39.4;7;1;Raised;1;0;(-8358779.3, 528230.3);0;Llamada;31:11.7;Interruptor compuesto;VDA BUENA VISTA;No;No;DISTRIBUCION;Alimentador/Troncal MT;No
77;;3/10/2026;INC 146601794;;2067676-A;LA VEGA 13.2 KV;CHAPETON;Desconocida;BOLV-337;0;0;1;TOLIMA NORTE;DISTRIBUCION TOLIMA;CELSIA - TOLIMA CENTRO;CO-TOL-DI-CELSIA-TNORTE-CENTRO;S05989;;LA VEGA 13.2 KV;MT-No Programada Con Interrupción;1;No;Permanente;;No;Despachado;Restaurado;0;Pendiente;L1;31:44.1;30;0;Low;1;0;(-8389671.7, 496259.1);0;Llamada;39:33.0;Interruptor compuesto;VRD EL MURALITO;No;No;DISTRIBUCION;Alimentador/Troncal MT;No
78;;3/10/2026;INC 146601803;;2250161A;URBANO 13.2 KV;ROVIRA;Desconocida;BOLM-308 (I-59);0;0;2;TOLIMA NORTE;DISTRIBUCION TOLIMA;CELSIA - TOLIMA CENTRO;CO-TOL-DI-CELSIA-TNORTE-CENTRO;RC1389;;URBANO 13.2 KV;MT-No Programada Con Interrupción;1;No;Permanente;;No;Despachado;Restaurado;0;Pendiente;L2;39:21.0;54;3;Raised;1;0;(-8382126.9, 473503.1);0;Llamada;23:33.1;Interruptor compuesto;VEREDA LA LUISA SECTOR COLEGIO;No;No;DISTRIBUCION;Alimentador/Troncal MT;No
79;DP;3/10/2026;INC 146601823;;S00624;PAPAYO 8 13.2 KV;PAPAYO;Línea reventada;"BOLM-330; DP-CA-S-NorteTolima";0;0;10;TOLIMA NORTE;DISTRIBUCION TOLIMA;CELSIA - TOLIMA CENTRO;CO-TOL-DI-CELSIA-TNORTE-CENTRO;RB2664;;PAPAYO 8 13.2 KV;MT-No Programada Con Interrupción;1;No;Permanente;;No;Despachado;No hay interrupción;0;"No Realizado; Pendiente";L1 L2;05:59.9;245;4;High;11;0;(-8373026.3, 493065.9);0;Llamada;;Interruptor compuesto;SECCIONAMINETO MARTIRES- MARTINICA;No;No;DISTRIBUCION;Alimentador/Troncal MT;Sí
80;DP;3/10/2026;INC 146601826;;1690388A;ARRIEROS CTO 1;ARRIEROS;Descargas atmosfericas;"BOLV-370 (M-20B); DP-CA-S-NorteTolima";18;0;9;TOLIMA NORTE;DISTRIBUCION TOLIMA;CELSIA - TOLIMA NORTE;CO-TOL-DI-CELSIA-TNORTE-NORTE;66036286A;;ARRIEROS CTO 1;MT-No Programada Con Interrupción;1;No;Permanente;;Sí;Despachado;No restablecido;0;"Finalizada; Pendiente";L1 L3;36:57.6;18;0;Low;1;0;(-8352713.3, 549274.9);0;Llamada;;Interruptor compuesto;VDA TARAPACA - FCA LA MARIA;No;No;DISTRIBUCION;Alimentador/Troncal MT;No
81;;3/10/2026;INC 146601845;;2250365-A;RURAL 13.2 KV;ROVIRA;Desconocida;BOLV-307;0;0;1;TOLIMA NORTE;DISTRIBUCION TOLIMA;CELSIA - TOLIMA CENTRO;CO-TOL-DI-CELSIA-TNORTE-CENTRO;S07918;;RURAL 13.2 KV;MT-No Programada Con Interrupción;1;No;Permanente;;No;Despachado;Restaurado;0;Pendiente;L1;32:24.4;4;0;Low;1;0;(-8377154.0, 465310.9);0;Llamada;24:18.5;Interruptor compuesto;VDA BOLAÑOS FCA MATEGUADUA;No;No;DISTRIBUCION;Alimentador/Troncal MT;No
82;DP;3/10/2026;INC 146601855;;65134047A;RURAL 13.2 KV;ROVIRA;Transformador distribución averiado;BOLV-307;18;1;4;TOLIMA NORTE;DISTRIBUCION TOLIMA;CELSIA - TOLIMA CENTRO;CO-TOL-DI-CELSIA-TNORTE-CENTRO;;;RURAL 13.2 KV;MT-No Programada Con Interrupción;1;No;Permanente;;Sí;Despachado;No restablecido;0;Finalizada;L1 L2;32:02.4;18;1;Raised;1;0;(-8375305.5, 462566.9);0;Llamada;;Interruptor compuesto;ROVIRA VDA LA RETIRADA SECTOR ESCUELA;No;No;DISTRIBUCION;Alimentador/Troncal MT;No
83;;3/10/2026;INC 146601908;;66797627A;LA VEGA 13.2 KV;CHAPETON;Desconocida;BOLM-301 (I-1);0;0;4;TOLIMA NORTE;DISTRIBUCION TOLIMA;CELSIA - TOLIMA CENTRO;CO-TOL-DI-CELSIA-TNORTE-CENTRO;S06676;;LA VEGA 13.2 KV;MT-No Programada Con Interrupción;1;No;Permanente;;No;Despachado;Restaurado;0;Pendiente;L1;44:17.1;57;0;Low;1;0;(-8377116.3, 498900.5);0;Llamada;39:33.0;Interruptor compuesto;VDA LA CASCADA;No;No;DISTRIBUCION;Alimentador/Troncal MT;No
84;;3/10/2026;INC 146601935;;2521008-A;JUNIN 13.2 KV;SANTA ISABEL;Desconocida;"BOLM-328 (I-28); BOLM-324 (I-24)";0;0;1;TOLIMA NORTE;DISTRIBUCION TOLIMA;CELSIA - TOLIMA NORTE;CO-TOL-DI-CELSIA-TNORTE-NORTE;2520192A;;LERIDA 2 13.2 KV;MT-No Programada Con Interrupción;1;No;Permanente;;No;Despachado;Restaurado;0;"Pendiente; Pendiente";L1;11:50.3;14;0;Low;1;0;(-8352923.3, 536054.4);0;Llamada;17:31.4;Interruptor compuesto;ANTA TERESA VDA SUSPIRO FCA TEBAIDA;No;No;DISTRIBUCION;Alimentador/Troncal MT;No
85;;3/10/2026;INC 146602033;;65963485B;PAPAYO 7 13.2 KV;PAPAYO;Ninguna;BOLM-302 (I-2);0;0;1;TOLIMA NORTE;DISTRIBUCION TOLIMA;CELSIA - TOLIMA CENTRO;CO-TOL-DI-CELSIA-TNORTE-CENTRO;RB2109;;PAPAYO 7 13.2 KV;MT-No Programada Con Interrupción;1;No;Permanente;;No;Despachado;No hay interrupción;0;Pendiente;L1;07:32.5;38;0;Medium;1;0;(-8366627.6, 485376.6);0;Llamada;;Interruptor compuesto;APARCO;No;No;DISTRIBUCION;Alimentador/Troncal MT;No
86;DP;3/10/2026;INC 146602039;;4036953A;MARIQUITA 4 13.2 KV;MARIQUITA;Transformador distribución averiado;"BOLV-396 (Apoyo); DP-CA-S-NorteTolima";6;0;3;TOLIMA NORTE;DISTRIBUCION TOLIMA;CELSIA - TOLIMA NORTE;CO-TOL-DI-CELSIA-TNORTE-NORTE;S07961;;MARIQUITA 4 13.2 KV;MT-No Programada Con Interrupción;1;No;Permanente;;Sí;Despachado;No restablecido;0;"Cancelada; Pendiente";L1 L2;13:12.5;6;0;Low;1;0;(-8346386.7, 582538.6);0;Llamada;;Interruptor compuesto;VRD TRES ESQUINAS;No;No;DISTRIBUCION;Transformador de Distribución MT;No
87;;3/10/2026;INC 146602042;;66035786A;JUNIN 13.2 KV;SANTA ISABEL;Desconocida;BOLV-360;1;0;1;TOLIMA NORTE;DISTRIBUCION TOLIMA;CELSIA - TOLIMA NORTE;CO-TOL-DI-CELSIA-TNORTE-NORTE;S04768;;JUNIN 13.2 KV;MT-No Programada Con Interrupción;1;No;Permanente;;No;Despachado;No restablecido;0;Finalizada;L1;15:41.1;1;0;Low;1;0;(-8346519.3, 524289.4);0;Llamada;;Interruptor compuesto;CGTO POTRERIO TOTARE;No;No;DISTRIBUCION;Alimentador/Troncal MT;Sí
88;DP BT;3/10/2026;INC 146602100;;SAC132348;URBANO 13.2 KV;ALVARADO;Poste averiado;"BOLM-313 (I-13); DP-CA-S-CentroTolima";0;0;1;TOLIMA NORTE;DISTRIBUCION TOLIMA;CELSIA - TOLIMA CENTRO;CO-TOL-DI-CELSIA-TNORTE-CENTRO;3409807-A;;URBANO 13.2 KV;MT-No Programada Con Interrupción;1;No;Permanente;;No;Despachado;No hay interrupción;0;"No Realizado; Pendiente";L1;37:07.1;1;0;Low;0;0;(-8344803.4, 508910.0);0;Llamada;;Alimentador de clientes;VDA LA PALMITA;No;No;DISTRIBUCION;Transformador de Distribución MT;Sí
89;;4/10/2026;INC 146602299;;66859517A;PIEDRAS 13.2 KV;ALVARADO;Desconocida;BOLM-313 (I-13);0;0;1;TOLIMA NORTE;DISTRIBUCION TOLIMA;CELSIA - TOLIMA CENTRO;CO-TOL-DI-CELSIA-TNORTE-CENTRO;RB2620;;PIEDRAS 13.2 KV;MT-No Programada Con Interrupción;1;No;Permanente;;No;Despachado;Restaurado;0;No Realizado;L1 L3;55:20.8;10;0;Low;1;0;(-8343911.6, 499008.8);0;Llamada;59:36.6;Interruptor compuesto;VDA EL FUTURO;No;No;DISTRIBUCION;Alimentador/Troncal MT;No
90;;4/10/2026;INC 146602324;;2250322A;RURAL 13.2 KV;ROVIRA;Desconocida;BOLV-307;0;0;1;TOLIMA NORTE;DISTRIBUCION TOLIMA;CELSIA - TOLIMA CENTRO;CO-TOL-DI-CELSIA-TNORTE-CENTRO;S07918;;RURAL 13.2 KV;MT-No Programada Con Interrupción;1;No;Permanente;;No;Despachado;Restaurado;0;Pendiente;L1;35:40.0;8;0;Low;1;0;(-8377388.7, 462124.8);0;Llamada;24:18.5;Interruptor compuesto;VDA BOLAS FINCA SANTO DOMINGO;No;No;DISTRIBUCION;Alimentador/Troncal MT;No
91;;4/10/2026;INC 146602340;;66073599A;CAJAMARCA 2 CT 2;NUEVA CAJAMARCA;Desconocida;BOLV-303;0;0;1;TOLIMA NORTE;DISTRIBUCION TOLIMA;CELSIA - TOLIMA CENTRO;CO-TOL-DI-CELSIA-TNORTE-CENTRO;65610418A;;CAJAMARCA 2 CT 2;MT-No Programada Con Interrupción;1;No;Permanente;;No;Despachado;Restaurado;0;Finalizada;L2;56:24.4;9;0;Low;1;0;(-8383894.0, 491660.1);0;Llamada;46:09.5;Interruptor compuesto;VDA PERICO CAÑADAS;No;No;DISTRIBUCION;Alimentador/Troncal MT;No
92;;4/10/2026;INC 146602343;;S06092;JUNIN 13.2 KV;SANTA ISABEL;Desconocida;BOLV-370 (M-20B);0;0;1;TOLIMA NORTE;DISTRIBUCION TOLIMA;CELSIA - TOLIMA NORTE;CO-TOL-DI-CELSIA-TNORTE-NORTE;RC1335;;LERIDA 2 13.2 KV;MT-No Programada Con Interrupción;1;No;Permanente;;No;Despachado;Restaurado;0;Pendiente;L1;01:28.9;18;0;Low;1;0;(-8355555.2, 538155.1);0;Llamada;24:48.7;Interruptor compuesto;SIN DIRECCION;No;No;DISTRIBUCION;Alimentador/Troncal MT;No
93;;4/10/2026;INC 146602354;;65958686A;PAPAYO 7 13.2 KV;PAPAYO;Descargas atmosfericas;BOLM-302 (I-2);0;0;5;TOLIMA NORTE;DISTRIBUCION TOLIMA;CELSIA - TOLIMA CENTRO;CO-TOL-DI-CELSIA-TNORTE-CENTRO;S00786;;PAPAYO 7 13.2 KV;MT-No Programada Con Interrupción;1;No;Permanente;;No;Despachado;No hay interrupción;0;Finalizada;L1;16:00.1;41;0;Medium;1;0;(-8368925.7, 490976.6);0;Llamada;;Interruptor compuesto;VDA ALTO DEL COMBEIMA FCA ESPERANZA;No;No;DISTRIBUCION;Alimentador/Troncal MT;No
94;;4/10/2026;INC 146602363;;66967050A;JUNIN 13.2 KV;SANTA ISABEL;Desconocida;BOLM-325 (I-25);0;0;3;TOLIMA NORTE;DISTRIBUCION TOLIMA;CELSIA - TOLIMA NORTE;CO-TOL-DI-CELSIA-TNORTE-NORTE;S07255;;JUNIN 13.2 KV;MT-No Programada Con Interrupción;1;No;Permanente;;No;Despachado;Restaurado;0;Cancelada;L1;26:52.2;9;0;Low;1;0;(-8354103.7, 527272.7);0;Llamada;55:07.5;Interruptor compuesto;VDA LA ARGENTINA;No;No;DISTRIBUCION;Alimentador/Troncal MT;No
95;;4/10/2026;INC 146602373;;66929582B;RURAL 13.2 KV;ROVIRA;Desconocida;BOLV-307;0;0;9;TOLIMA NORTE;DISTRIBUCION TOLIMA;CELSIA - TOLIMA CENTRO;CO-TOL-DI-CELSIA-TNORTE-CENTRO;RC1090;;RURAL 13.2 KV;MT-No Programada Con Interrupción;1;No;Permanente;;No;Despachado;Restaurado;0;Pendiente;L1 L3;45:29.1;126;2;Raised;7;0;(-8383936.1, 467711.5);0;Llamada;24:18.5;Interruptor compuesto;VDA LA ESPERANZA;No;No;DISTRIBUCION;Alimentador/Troncal MT;No
96;;4/10/2026;INC 146602376;;S07257;JUNIN 13.2 KV;SANTA ISABEL;Desconocida;BOLV-360;0;0;5;TOLIMA NORTE;DISTRIBUCION TOLIMA;CELSIA - TOLIMA NORTE;CO-TOL-DI-CELSIA-TNORTE-NORTE;RC395;;JUNIN 13.2 KV;MT-No Programada Con Interrupción;1;No;Permanente;;No;Despachado;Restaurado;0;Cancelada;L1;43:16.7;17;0;Low;1;0;(-8353477.0, 528649.5);0;Llamada;55:07.5;Interruptor compuesto;SIN DIRECCION;No;No;DISTRIBUCION;Alimentador/Troncal MT;No
97;;4/10/2026;INC 146602397;;65243482A;SAN JORGE 5 13.2 KV;SAN JORGE;Desconocida;BOLV-337;0;0;7;TOLIMA NORTE;DISTRIBUCION TOLIMA;CELSIA - TOLIMA CENTRO;CO-TOL-DI-CELSIA-TNORTE-CENTRO;RB2558;;SAN JORGE 5 13.2 KV;MT-No Programada Con Interrupción;1;No;Permanente;;No;Despachado;Restaurado;0;No Realizado;L1;19:28.2;60;1;Raised;1;0;(-8378772.7, 489307.4);0;Llamada;39:05.3;Interruptor compuesto;VDA  SAN FRANCISCO;No;No;DISTRIBUCION;Alimentador/Troncal MT;No
98;;4/10/2026;INC 146602398;;2250527-A;RURAL 13.2 KV;ROVIRA;Desconocida;BOLV-307;0;0;1;TOLIMA NORTE;DISTRIBUCION TOLIMA;CELSIA - TOLIMA CENTRO;CO-TOL-DI-CELSIA-TNORTE-CENTRO;RB3238;;RURAL 13.2 KV;MT-No Programada Con Interrupción;1;No;Permanente;;No;Despachado;Restaurado;0;Pendiente;L1;19:52.2;19;1;Raised;1;0;(-8391395.6, 469786.2);0;Llamada;24:18.5;Interruptor compuesto;VDA SAN ELOY;No;No;DISTRIBUCION;Alimentador/Troncal MT;No
99;;4/10/2026;INC 146602399;;65959526;PAPAYO 7 13.2 KV;PAPAYO;Ninguna;BOLM-302 (I-2);0;0;4;TOLIMA NORTE;DISTRIBUCION TOLIMA;CELSIA - TOLIMA CENTRO;CO-TOL-DI-CELSIA-TNORTE-CENTRO;RB2109;;PAPAYO 7 13.2 KV;MT-No Programada Con Interrupción;1;No;Permanente;;No;Despachado;No hay interrupción;0;Pendiente;L1;21:41.6;19;0;Low;1;0;(-8367141.9, 486791.2);0;Llamada;;Interruptor compuesto;VDA LOS CLAVELES;No;No;DISTRIBUCION;Alimentador/Troncal MT;No
100;;4/10/2026;INC 146602414;;4044205A;JUNIN 13.2 KV;SANTA ISABEL;Desconocida;BOLM-324 (I-24);14;0;1;TOLIMA NORTE;DISTRIBUCION TOLIMA;CELSIA - TOLIMA NORTE;CO-TOL-DI-CELSIA-TNORTE-NORTE;66696731A;;JUNIN 13.2 KV;MT-No Programada Con Interrupción;1;No;Permanente;;No;Despachado;No restablecido;0;Pendiente;L3;41:43.3;14;0;Low;1;0;(-8348811.9, 524125.0);0;Llamada;;Interruptor compuesto;VDA POTRERITOS;No;No;DISTRIBUCION;Alimentador/Troncal MT;Sí
101;;4/10/2026;INC 146602415;;65557126;VERDESOL 13.2 KV;SALADO;Desconocida;BOLV-312;0;0;2;TOLIMA NORTE;DISTRIBUCION TOLIMA;CELSIA - TOLIMA CENTRO;CO-TOL-DI-CELSIA-TNORTE-CENTRO;RB3442;;VERDESOL 13.2 KV;MT-No Programada Con Interrupción;2;No;Permanente;;No;Despachado;Restaurado;0;Cancelada;L1;44:59.5;32;0;Medium;1;0;(-8366978.3, 498685.4);0;Llamada;10:57.5;Interruptor compuesto;SECCIONAMIENTO EN LA PALMILLA;No;No;DISTRIBUCION;Alimentador/Troncal MT;No
102;;4/10/2026;INC 146602451;;66849112A;URBANO 13.2 KV;ROVIRA;Desconocida;BOLM-308 (I-59);0;0;1;TOLIMA NORTE;DISTRIBUCION TOLIMA;CELSIA - TOLIMA CENTRO;CO-TOL-DI-CELSIA-TNORTE-CENTRO;S08556;;URBANO 13.2 KV;MT-No Programada Con Interrupción;1;No;Permanente;;No;Despachado;Restaurado;0;Pendiente;L1;21:10.5;3;0;Low;1;0;(-8389459.5, 474745.4);0;Llamada;23:33.1;Interruptor compuesto;VDA ISLANDIA;No;No;DISTRIBUCION;Alimentador/Troncal MT;Sí
103;;4/10/2026;INC 146602453;;65969807A;PAPAYO 7 13.2 KV;PAPAYO;Desconocida;BOLM-302 (I-2);0;0;1;TOLIMA NORTE;DISTRIBUCION TOLIMA;CELSIA - TOLIMA CENTRO;CO-TOL-DI-CELSIA-TNORTE-CENTRO;RB2519;;PAPAYO 7 13.2 KV;MT-No Programada Con Interrupción;1;No;Permanente;;No;Despachado;Restaurado;0;Pendiente;L2;22:30.4;26;0;Low;1;0;(-8367958.6, 484839.7);0;Llamada;31:46.6;Interruptor compuesto;VRD LLANOS DEL COMBEIMA;No;No;DISTRIBUCION;Alimentador/Troncal MT;No
104;;4/10/2026;INC 146602474;;S03403;RURAL 13.2 KV;ROVIRA;Desconocida;BOLM-308 (I-59);0;0;5;TOLIMA NORTE;DISTRIBUCION TOLIMA;CELSIA - TOLIMA CENTRO;CO-TOL-DI-CELSIA-TNORTE-CENTRO;S03401;;RURAL 13.2 KV;MT-No Programada Con Interrupción;1;No;Permanente;;No;Despachado;Restaurado;0;Pendiente;L1 L2;46:14.4;63;1;Raised;6;0;(-8378432.1, 471438.9);0;Llamada;24:18.5;Interruptor compuesto;SIN DIRECCION;No;No;DISTRIBUCION;Alimentador/Troncal MT;No
105;;4/10/2026;INC 146602489;;65217562A;PALOCABILDO 2 13.2 KV;PALOCABILDO;Descargas atmosfericas;BOLM-320;0;0;2;TOLIMA NORTE;DISTRIBUCION TOLIMA;CELSIA - TOLIMA NORTE;CO-TOL-DI-CELSIA-TNORTE-NORTE;S07449;;PALOCABILDO 2 13.2 KV;MT-No Programada Con Interrupción;1;No;Permanente;;No;Despachado;Restaurado;0;Finalizada;L1;07:08.5;10;0;Low;1;0;(-8353188.6, 567578.2);0;Llamada;59:29.2;Interruptor compuesto;VDA ABEJAS;No;No;DISTRIBUCION;Alimentador/Troncal MT;Sí
106;;4/10/2026;INC 146602499;;66827933A;PALOCABILDO 3 13.2 KV;PALOCABILDO;Descargas atmosfericas;BOLM-315 (I-15);0;0;3;TOLIMA NORTE;DISTRIBUCION TOLIMA;CELSIA - TOLIMA NORTE;CO-TOL-DI-CELSIA-TNORTE-NORTE;2080851-1D;;PALOCABILDO 3 13.2 KV;MT-No Programada Con Interrupción;1;No;Permanente;;No;Despachado;Restaurado;0;Finalizada;L3;14:40.2;18;0;Medium;1;0;(-8342402.5, 566406.4);0;Llamada;56:38.2;Interruptor compuesto;VDA EL CUCHARO;No;No;DISTRIBUCION;Alimentador/Troncal MT;Sí
107;;4/10/2026;INC 146602534;;S02145;PAYANDE 2 13.2 KV;PAYANDE;Desconocida;BOLM-311 (I-11);9;1;4;TOLIMA NORTE;DISTRIBUCION TOLIMA;CELSIA - TOLIMA CENTRO;CO-TOL-DI-CELSIA-TNORTE-CENTRO;RB2665;;PAYANDE 2 13.2 KV;MT-No Programada Con Interrupción;1;No;Permanente;;No;Despachado;No restablecido;0;Cancelada;L1 L3;12:02.9;9;1;Raised;1;0;(-8361707.1, 467791.3);0;Llamada;;Interruptor compuesto;SIN DIRECCION;No;No;DISTRIBUCION;Alimentador/Troncal MT;Sí
108;;4/10/2026;INC 146602559;;2481065-A;ALVARADO 13.2 KV;SALADO;Ninguna;BOLV-312;0;0;3;TOLIMA NORTE;DISTRIBUCION TOLIMA;CELSIA - TOLIMA CENTRO;CO-TOL-DI-CELSIA-TNORTE-CENTRO;RB2112;;ALVARADO 13.2 KV;MT-No Programada Con Interrupción;1;No;Permanente;;No;Despachado;No hay interrupción;0;Cancelada;L1;38:09.6;6;0;Low;1;0;(-8352398.1, 502826.0);0;Llamada;;Interruptor compuesto;VDA LA CHUMBA;No;No;DISTRIBUCION;Alimentador/Troncal MT;No
109;;4/10/2026;INC 146602560;;S04062;PIEDRAS 13.2 KV;ALVARADO;Descargas atmosfericas;BOLM-313 (I-13);0;0;2;TOLIMA NORTE;DISTRIBUCION TOLIMA;CELSIA - TOLIMA ORIENTE;CO-TOL-DI-CELSIA-TNORTE-CENTRO;65239485A;;PIEDRAS 13.2 KV;MT-No Programada Con Interrupción;1;No;Permanente;;No;Despachado;Restaurado;0;Finalizada;L3;39:45.9;8;0;Low;1;0;(-8337121.0, 499644.3);0;Llamada;59:36.5;Interruptor compuesto;SECCIONAMIENTO SECTOR EL PEDREGAL;No;No;DISTRIBUCION;Alimentador/Troncal MT;No
110;;4/10/2026;INC 146602562;;S08553;URBANO 13.2 KV;ROVIRA;Desconocida;BOLM-308 (I-59);0;0;4;TOLIMA NORTE;DISTRIBUCION TOLIMA;CELSIA - TOLIMA CENTRO;CO-TOL-DI-CELSIA-TNORTE-CENTRO;RB2370;;URBANO 13.2 KV;MT-No Programada Con Interrupción;1;No;Permanente;;No;Despachado;Restaurado;0;Pendiente;L1;42:40.0;141;2;Raised;14;0;(-8384044.1, 474595.7);0;Llamada;23:33.1;Interruptor compuesto;SIN DIRECCION;No;No;DISTRIBUCION;Alimentador/Troncal MT;Sí
111;;4/10/2026;INC 146602563;;66619117-A;URBANO 13.2 KV;ROVIRA;Desconocida;BOLM-308 (I-59);0;0;2;TOLIMA NORTE;DISTRIBUCION TOLIMA;CELSIA - TOLIMA CENTRO;CO-TOL-DI-CELSIA-TNORTE-CENTRO;S08482;CORE\fyela;URBANO 13.2 KV;MT-No Programada Con Interrupción;1;No;Permanente;;No;Despachado;Restaurado;0;Pendiente;L1;44:03.8;33;2;Raised;1;0;(-8382599.1, 475668.0);0;Llamada;23:33.1;Interruptor compuesto;VDA SAN VICENTE;No;No;DISTRIBUCION;Alimentador/Troncal MT;No
112;;4/10/2026;INC 146602590;;66632423-A;JUNIN 13.2 KV;SANTA ISABEL;Desconocida;BOLM-324 (I-24);0;0;2;TOLIMA NORTE;DISTRIBUCION TOLIMA;CELSIA - TOLIMA NORTE;CO-TOL-DI-CELSIA-TNORTE-NORTE;S06530;CORE\fyela;LERIDA 2 13.2 KV;MT-No Programada Con Interrupción;1;No;Permanente;;No;Despachado;Restaurado;0;Pendiente;L1;30:51.4;36;3;Raised;1;0;(-8350635.1, 531859.8);0;Llamada;13:30.3;Interruptor compuesto;VDA JUNIN;No;No;DISTRIBUCION;Alimentador/Troncal MT;No
113;;4/10/2026;INC 146602596;;1847678-A;LA VEGA 13.2 KV;CHAPETON;Desconocida;BOLV-337;0;0;1;TOLIMA NORTE;DISTRIBUCION TOLIMA;CELSIA - TOLIMA CENTRO;CO-TOL-DI-CELSIA-TNORTE-CENTRO;S02205;;LA VEGA 13.2 KV;MT-No Programada Con Interrupción;1;No;Permanente;;No;Despachado;Restaurado;0;Cancelada;L1;34:41.0;24;0;Low;1;0;(-8379299.0, 492462.9);0;Llamada;39:33.0;Interruptor compuesto;VDA CURAL FCA BOQUERON;No;No;DISTRIBUCION;Alimentador/Troncal MT;No
114;;4/10/2026;INC 146602609;;66786366A;URBANO 13.2 KV;ROVIRA;Desconocida;BOLM-308 (I-59);0;0;1;TOLIMA NORTE;DISTRIBUCION TOLIMA;CELSIA - TOLIMA CENTRO;CO-TOL-DI-CELSIA-TNORTE-CENTRO;66691608B;;URBANO 13.2 KV;MT-No Programada Con Interrupción;1;No;Permanente;;No;Despachado;Restaurado;0;Pendiente;L2;57:49.6;14;1;Raised;1;0;(-8382789.5, 471187.3);0;Llamada;23:33.1;Interruptor compuesto;VDA SAN ROQUE;No;No;DISTRIBUCION;Alimentador/Troncal MT;No
115;;4/10/2026;INC 146602636;;65221810-A;PAYANDE 2 13.2 KV;PAYANDE;Desconocida;BOLM-310 (I-10);8;0;3;TOLIMA NORTE;DISTRIBUCION TOLIMA;CELSIA - TOLIMA CENTRO;CO-TOL-DI-CELSIA-TNORTE-CENTRO;2748738A;;PAYANDE 2 13.2 KV;MT-No Programada Con Interrupción;1;No;Permanente;;No;Despachado;No restablecido;0;Cancelada;L2;57:20.4;8;0;Low;1;0;(-8360310.8, 460400.0);0;Llamada;;Interruptor compuesto;VRD PATIO BONITO;No;No;DISTRIBUCION;Alimentador/Troncal MT;Sí
116;;4/10/2026;INC 146602645;;2245299A;PALOCABILDO 2 13.2 KV;PALOCABILDO;Desconocida;BOLM-315 (I-15);0;0;1;TOLIMA NORTE;DISTRIBUCION TOLIMA;CELSIA - TOLIMA NORTE;CO-TOL-DI-CELSIA-TNORTE-NORTE;RB2538;;GUAYABAL 1 13.2 KV;MT-No Programada Con Interrupción;1;No;Permanente;;No;Despachado;Restaurado;0;Cancelada;L1;08:40.7;9;0;Low;1;0;(-8346911.1, 561113.6);0;Llamada;13:35.2;Interruptor compuesto;VDA BUENA VISTA;No;No;DISTRIBUCION;Alimentador/Troncal MT;Sí
117;;4/10/2026;INC 146602753;;1249215A;MARIQUITA 1 13.2 KV;MARIQUITA;Ninguna;BOLV-396 (Apoyo);0;0;1;TOLIMA NORTE;DISTRIBUCION TOLIMA;CELSIA - TOLIMA NORTE;CO-TOL-DI-CELSIA-TNORTE-NORTE;66711064A;;MARIQUITA 1 13.2 KV;MT-No Programada Con Interrupción;1;No;Permanente;;No;Despachado;No hay interrupción;0;Pendiente;L1;16:17.8;63;0;Low;1;0;(-8336038.1, 579057.9);0;Llamada;;Interruptor compuesto;CRA. 14 CALLE 11;No;No;DISTRIBUCION;Alimentador/Troncal MT;No
118;;4/10/2026;INC 146602779;;66632490A;PALOCABILDO 3 13.2 KV;PALOCABILDO;Ninguna;BOLM-315 (I-15);0;0;1;TOLIMA NORTE;DISTRIBUCION TOLIMA;CELSIA - TOLIMA NORTE;CO-TOL-DI-CELSIA-TNORTE-NORTE;66649962A;;PALOCABILDO 3 13.2 KV;MT-No Programada Con Interrupción;1;No;Permanente;;No;Despachado;No hay interrupción;0;Pendiente;L1;27:27.7;13;0;Low;1;0;(-8346161.5, 573312.1);0;Llamada;;Interruptor compuesto;VDA LA RICA FCA LA ESPERANSA;No;No;DISTRIBUCION;Alimentador/Troncal MT;No
119;;4/10/2026;INC 146602798;;65970414A;PAPAYO 7 13.2 KV;PAPAYO;Desconocida;BOLM-330;0;0;4;TOLIMA NORTE;DISTRIBUCION TOLIMA;CELSIA - TOLIMA CENTRO;CO-TOL-DI-CELSIA-TNORTE-CENTRO;RB2105;;PAPAYO 7 13.2 KV;MT-No Programada Con Interrupción;1;No;Permanente;;No;Despachado;Restaurado;0;Pendiente;L1 L2;35:01.0;28;1;High;4;0;(-8371715.1, 488605.2);0;Llamada;30:47.3;Interruptor compuesto;"	SECCIONAMIENTO GRANJA SAN LUIS";No;No;DISTRIBUCION;Alimentador/Troncal MT;No
120;;4/10/2026;INC 146602890;;S10475;BRISAS 3 13.2 KV;BRISAS;Desconocida;BOLV-333 (M-8A);0;0;1;TOLIMA NORTE;DISTRIBUCION TOLIMA;CELSIA - TOLIMA CENTRO;CO-TOL-DI-CELSIA-TNORTE-CENTRO;65206722A;;SAN JORGE 5 13.2 KV;MT-No Programada Con Interrupción;2;No;Permanente;;No;Despachado;Restaurado;0;Cancelada;L1;09:48.8;23;2;Raised;1;0;(-8376821.2, 492751.3);0;Llamada;39:05.3;Interruptor compuesto;SIN DIRECCION;No;No;DISTRIBUCION;Alimentador/Troncal MT;No
121;;4/10/2026;INC 146602902;;66706141A;RURAL 13.2 KV;ROVIRA;Desconocida;BOLV-307;0;0;1;TOLIMA NORTE;DISTRIBUCION TOLIMA;CELSIA - TOLIMA CENTRO;CO-TOL-DI-CELSIA-TNORTE-CENTRO;66697533A;;RURAL 13.2 KV;MT-No Programada Con Interrupción;1;No;Permanente;;No;Despachado;Restaurado;0;Pendiente;L1;17:53.0;16;0;Low;1;0;(-8374384.9, 462856.0);0;Llamada;24:18.5;Interruptor compuesto;VDA LA ALEGRIA;No;No;DISTRIBUCION;Alimentador/Troncal MT;No
122;;4/10/2026;INC 146602937;;S08653;PAYANDE 2 13.2 KV;PAYANDE;Desconocida;BOLM-311 (I-11);296;9;21;TOLIMA NORTE;DISTRIBUCION TOLIMA;CELSIA - TOLIMA CENTRO;CO-TOL-DI-CELSIA-TNORTE-CENTRO;RB1909;;PAYANDE 2 13.2 KV;MT-No Programada Con Interrupción;1;No;Permanente;;No;Despachado;No restablecido;0;Pendiente;L1 L3;35:49.0;296;9;Raised;22;0;(-8360524.9, 471086.7);0;Llamada;;Interruptor compuesto;SIN DIRECCION;No;No;DISTRIBUCION;Alimentador/Troncal MT;Sí
123;;4/10/2026;INC 146602959;;MHHMP115874-A;RURAL 13.2 KV;ROVIRA;Desconocida;BOLV-307;0;0;1;TOLIMA NORTE;DISTRIBUCION TOLIMA;CELSIA - TOLIMA CENTRO;CO-TOL-DI-CELSIA-TNORTE-CENTRO;66697533A;;RURAL 13.2 KV;MT-No Programada Con Interrupción;1;No;Permanente;;No;Despachado;Restaurado;0;Pendiente;L1;44:08.8;3;0;Low;1;0;(-8375247.1, 464714.1);0;Llamada;24:18.5;Interruptor compuesto;VDA RETIRADA;No;No;DISTRIBUCION;Alimentador/Troncal MT;No
124;;4/10/2026;INC 146603026;;2217171-A;PALOCABILDO 2 13.2 KV;PALOCABILDO;Descargas atmosfericas;BOLM-320;0;0;1;TOLIMA NORTE;DISTRIBUCION TOLIMA;CELSIA - TOLIMA NORTE;CO-TOL-DI-CELSIA-TNORTE-NORTE;S08297;;PALOCABILDO 2 13.2 KV;MT-No Programada Con Interrupción;1;No;Permanente;;No;Despachado;Restaurado;0;Finalizada;L2;16:17.8;19;0;Low;1;0;(-8353978.4, 565060.1);0;Llamada;59:29.2;Interruptor compuesto;VDA ALTO BONITO;No;No;DISTRIBUCION;Alimentador/Troncal MT;No
125;;4/10/2026;INC 146603032;;66584585C;PALOCABILDO 3 13.2 KV;PALOCABILDO;Descargas atmosfericas;BOLM-323 (I-23);0;0;5;TOLIMA NORTE;DISTRIBUCION TOLIMA;CELSIA - TOLIMA NORTE;CO-TOL-DI-CELSIA-TNORTE-NORTE;RB2554;;PALOCABILDO 3 13.2 KV;MT-No Programada Con Interrupción;1;No;Permanente;;No;Despachado;No hay interrupción;0;Finalizada;L1 L2 L3;20:33.9;78;0;Low;1;0;(-8349841.3, 570822.9);0;Llamada;;Interruptor compuesto;SIN DIRECCION;No;No;RED PROVISIONAL;Alimentador/Troncal MT;No
126;;4/10/2026;INC 146603044;;65943506A;PAPAYO 10 13.2 KV;PAPAYO;Desconocida;BOLV-399 (Apoyo);0;0;1;TOLIMA NORTE;DISTRIBUCION TOLIMA;CELSIA - TOLIMA CENTRO;CO-TOL-DI-CELSIA-TNORTE-CENTRO;65942372A;;PAPAYO 10 13.2 KV;MT-No Programada Con Interrupción;2;No;Permanente;;No;Despachado;No hay interrupción;0;Finalizada;L1 L2 L3;24:04.1;2;2;Raised;1;0;(-8373925.0, 493872.0);0;Llamada;;Interruptor compuesto;CLL 30Nº2A-31/20COLEGIOLEONIDASRUBIOVILLEGAS;No;No;DISTRIBUCION;Alimentador/Troncal MT;No
127;;4/10/2026;INC 146603102;;4022330-A;LIBANO 3 13.2 KV;LIBANO;Desconocida;BOLM-371 (M-21A);0;0;2;TOLIMA NORTE;DISTRIBUCION TOLIMA;CELSIA - TOLIMA NORTE;CO-TOL-DI-CELSIA-TNORTE-NORTE;S05578;;LIBANO 3 13.2 KV;MT-No Programada Con Interrupción;1;No;Permanente;;No;Despachado;Restaurado;0;Pendiente;L2;48:24.9;8;0;Low;1;0;(-8345826.4, 543450.2);0;Llamada;45:49.1;Interruptor compuesto;VDA MATEO;No;No;DISTRIBUCION;Alimentador/Troncal MT;Sí
128;;4/10/2026;INC 146603116;;66859908B;ANZOATEGUI 13.2 KV;SANTA ISABEL;Desconocida;BOLM-322 (I-22);0;0;1;TOLIMA NORTE;DISTRIBUCION TOLIMA;CELSIA - TOLIMA NORTE;CO-TOL-DI-CELSIA-TNORTE-NORTE;4100725A;CORE\jdordonez;ANZOATEGUI 13.2 KV;MT-No Programada Con Interrupción;1;No;Permanente;;No;Despachado;Restaurado;0;Cancelada;L1 L2;56:57.5;11;0;Medium;1;0;(-8358319.7, 517270.2);0;Llamada;31:24.7;Interruptor compuesto;VEREDA EL MANANTIAL;No;No;DISTRIBUCION;Alimentador/Troncal MT;No
129;;4/10/2026;INC 146603182;;65079666-A;URBANO 13.2 KV;ROVIRA;Desconocida;BOLV-307;73;1;2;TOLIMA NORTE;DISTRIBUCION TOLIMA;CELSIA - TOLIMA CENTRO;CO-TOL-DI-CELSIA-TNORTE-CENTRO;2351099A;;URBANO 13.2 KV;MT-No Programada Con Interrupción;1;No;Permanente;;No;Despachado;No restablecido;0;Pendiente;L1 L3;23:15.1;73;1;Raised;1;0;(-8371231.4, 475684.9);0;Llamada;;Interruptor compuesto;VDA EL GOLUPO;No;No;DISTRIBUCION;Alimentador/Troncal MT;Sí
130;;4/10/2026;INC 146603222;;1530283-A;AMBALEMA 1 13.2 KV;AMBALEMA;Desconocida;BOLM-321 (I-21);0;0;1;TOLIMA NORTE;DISTRIBUCION TOLIMA;CELSIA - TOLIMA NORTE;CO-TOL-DI-CELSIA-TNORTE-NORTE;S09501;;AMBALEMA 1 13.2 KV;MT-No Programada Con Interrupción;1;No;Permanente;;No;Despachado;Restaurado;0;Cancelada;L2;49:12.2;3;0;Low;1;0;(-8322147.9, 533801.3);0;Llamada;15:08.4;Interruptor compuesto;CRA 4CLL 16;No;No;DISTRIBUCION;Alimentador/Troncal MT;No
131;;4/10/2026;INC 146603234;;1620045-A;PAYANDE 2 13.2 KV;PAYANDE;Puente averiado;BOLV-304;136;3;6;TOLIMA NORTE;DISTRIBUCION TOLIMA;CELSIA - TOLIMA CENTRO;CO-TOL-DI-CELSIA-TNORTE-CENTRO;RC1066;;PAYANDE 2 13.2 KV;MT-No Programada Con Interrupción;1;No;Permanente;;No;Despachado;No restablecido;0;Finalizada;L1 L2 L3;52:59.7;136;3;Raised;1;0;(-8359834.2, 460484.6);0;Llamada;;Interruptor compuesto;CRA 5Nº24-45;No;No;DISTRIBUCION;Alimentador/Troncal MT;Sí
132;;4/10/2026;INC 146603257;;66683907A;CAJAMARCA 2 13.2 KV;CAJAMARCA;Desconocida;BOLV-303;0;0;1;TOLIMA NORTE;DISTRIBUCION TOLIMA;CELSIA - TOLIMA CENTRO;CO-TOL-DI-CELSIA-TNORTE-CENTRO;3474355B;;CAJAMARCA 2 CT 2;MT-No Programada Con Interrupción;1;No;Permanente;;No;Despachado;No hay interrupción;0;Finalizada;L1;05:33.9;37;2;Raised;1;0;(-8405663.5, 488661.2);0;Llamada;;Interruptor compuesto;EL CAJON ESCUELA;No;No;DISTRIBUCION;Alimentador/Troncal MT;No
133;;4/10/2026;INC 146603309;;S07442;PALOCABILDO 2 13.2 KV;PALOCABILDO;Descargas atmosfericas;BOLM-323 (I-23);0;0;8;TOLIMA NORTE;DISTRIBUCION TOLIMA;CELSIA - TOLIMA NORTE;CO-TOL-DI-CELSIA-TNORTE-NORTE;RC1073;;PALOCABILDO 2 13.2 KV;MT-No Programada Con Interrupción;1;No;Permanente;;No;Despachado;Restaurado;0;Finalizada;L2 L3;35:56.4;68;2;Raised;5;0;(-8351137.0, 569414.1);0;Llamada;59:29.2;Interruptor compuesto;SECCIONAMIENTO PALMAR;No;No;DISTRIBUCION;Alimentador/Troncal MT;No
134;;4/10/2026;INC 146603348;;65931311-A;BRISAS 2 13.2 KV;BRISAS;Descargas atmosfericas;BOLM-330;0;0;23;TOLIMA NORTE;DISTRIBUCION TOLIMA;CELSIA - TOLIMA CENTRO;CO-TOL-DI-CELSIA-TNORTE-CENTRO;RC1168;;PAPAYO 10 13.2 KV;MT-No Programada Con Interrupción;1;No;Permanente;;No;Despachado;Restaurado;0;Finalizada;L2;05:00.0;73;0;Medium;1;0;(-8375272.5, 492603.4);0;Llamada;08:05.8;Interruptor compuesto;VDA LA MARTINICA;No;No;DISTRIBUCION;Alimentador/Troncal MT;No
135;;4/10/2026;INC 146603385;;S00725;VERGEL 1 13.2 KV;VERGEL;Desconocida;BOLV-399 (Apoyo);0;0;5;TOLIMA NORTE;DISTRIBUCION TOLIMA;CELSIA - TOLIMA CENTRO;CO-TOL-DI-CELSIA-TNORTE-CENTRO;RC1333;;VERGEL 1 13.2 KV;MT-No Programada Con Interrupción;2;No;Permanente;;No;Despachado;No hay interrupción;0;Finalizada;L1 L2;20:26.0;73;0;Low;1;0;(-8371653.0, 496250.3);0;Llamada;;Interruptor compuesto;SECCIONADOR ALTOS DE AMBALA;No;No;DISTRIBUCION;Alimentador/Troncal MT;No
136;;4/10/2026;INC 146603393;;1529102-A;AMBALEMA 1 13.2 KV;AMBALEMA;Desconocida;BOLM-321 (I-21);0;0;1;TOLIMA NORTE;DISTRIBUCION TOLIMA;CELSIA - TOLIMA NORTE;CO-TOL-DI-CELSIA-TNORTE-NORTE;S01733;;AMBALEMA 1 13.2 KV;MT-No Programada Con Interrupción;2;No;Permanente;;No;Despachado;Restaurado;0;Cancelada;L1;25:10.3;92;2;High;1;0;(-8323210.0, 533117.2);0;Llamada;15:08.4;Interruptor compuesto;CLL 8Nº10-123;No;No;DISTRIBUCION;Alimentador/Troncal MT;No
137;;4/10/2026;INC 146603394;;1529633A;AMBALEMA 1 13.2 KV;AMBALEMA;Desconocida;BOLM-321 (I-21);0;0;1;TOLIMA NORTE;DISTRIBUCION TOLIMA;CELSIA - TOLIMA NORTE;CO-TOL-DI-CELSIA-TNORTE-NORTE;S01733;;AMBALEMA 1 13.2 KV;MT-No Programada Con Interrupción;2;No;Permanente;;No;Despachado;Restaurado;0;No Realizado;L1;25:32.0;107;2;High;1;0;(-8322610.2, 532876.3);0;Llamada;15:08.4;Interruptor compuesto;CLL 10CRA2;No;No;DISTRIBUCION;Alimentador/Troncal MT;No
138;;4/10/2026;INC 146603396;;65968932B;VERGEL 3 13.2 KV;VERGEL;Descargas atmosfericas;BOLV-399 (Apoyo);0;0;15;TOLIMA NORTE;DISTRIBUCION TOLIMA;CELSIA - TOLIMA CENTRO;CO-TOL-DI-CELSIA-TNORTE-CENTRO;65967812A;;VERGEL 3 13.2 KV;MT-No Programada Con Interrupción;1;No;Permanente;;No;Despachado;Restaurado;0;Finalizada;L1;26:27.5;498;0;Medium;4;0;(-8370746.6, 494864.0);0;Llamada;55:22.5;Interruptor compuesto;JORDAN 8 ETAPA;No;No;DISTRIBUCION;Alimentador/Troncal MT;No
139;;4/10/2026;INC 146603411;;2220113-A;FRESNO 3 13.2 KV;FRESNO;Descargas atmosfericas;BOLV-317;0;0;4;TOLIMA NORTE;DISTRIBUCION TOLIMA;CELSIA - TOLIMA NORTE;CO-TOL-DI-CELSIA-TNORTE-NORTE;66752755A;;FRESNO 3 13.2 KV;MT-No Programada Con Interrupción;1;No;Permanente;;No;Despachado;Restaurado;0;Finalizada;L1;38:55.9;51;0;Medium;1;0;(-8354162.9, 574440.0);0;Llamada;04:13.9;Interruptor compuesto;VDA EL TRUCO;No;No;DISTRIBUCION;Alimentador/Troncal MT;Sí
140;;4/10/2026;INC 146603414;;65134039-A;LA VEGA 13.2 KV;CHAPETON;Desconocida;BOLM-301 (I-1);0;0;1;TOLIMA NORTE;DISTRIBUCION TOLIMA;CELSIA - TOLIMA CENTRO;CO-TOL-DI-CELSIA-TNORTE-CENTRO;S06676;;LA VEGA 13.2 KV;MT-No Programada Con Interrupción;1;No;Permanente;;No;Despachado;Restaurado;0;Pendiente;L1;45:48.5;21;0;Low;1;0;(-8375158.3, 501310.8);0;Llamada;39:33.0;Interruptor compuesto;VDA LOS BURGUES;No;No;DISTRIBUCION;Alimentador/Troncal MT;No
141;;4/10/2026;INC 146603418;;65967502B;VERGEL 1 13.2 KV;VERGEL;Alta vegetación;BOLM-301 (I-1);0;0;4;TOLIMA NORTE;DISTRIBUCION TOLIMA;CELSIA - TOLIMA CENTRO;CO-TOL-DI-CELSIA-TNORTE-CENTRO;S02264;;VERGEL 1 13.2 KV;MT-No Programada Con Interrupción;1;No;Permanente;;No;Despachado;No hay interrupción;0;Finalizada;L1 L2;47:56.8;26;0;Low;1;0;(-8372633.9, 498337.3);0;Llamada;;Interruptor compuesto;SECCIONAMIENTO;No;No;DISTRIBUCION;Alimentador/Troncal MT;No
142;;4/10/2026;INC 146603429;;66944433A;PALOCABILDO 3 13.2 KV;PALOCABILDO;Desconocida;BOLM-315 (I-15);0;0;11;TOLIMA NORTE;DISTRIBUCION TOLIMA;CELSIA - TOLIMA NORTE;CO-TOL-DI-CELSIA-TNORTE-NORTE;2231999A;;PALOCABILDO 3 13.2 KV;MT-No Programada Con Interrupción;1;No;Permanente;;No;Despachado;No hay interrupción;0;Cancelada;L1 L2;05:25.1;87;2;Raised;16;0;(-8346516.9, 564916.2);0;Llamada;;Interruptor compuesto;VDA CAMPO ALEGRE;No;No;DISTRIBUCION;Alimentador/Troncal MT;Sí
143;;4/10/2026;INC 146603430;;65920050-A;SAN JORGE 2 13.2 KV;SAN JORGE;Desconocida;BOLV-399 (Apoyo);0;0;1;TOLIMA NORTE;DISTRIBUCION TOLIMA;CELSIA - TOLIMA CENTRO;CO-TOL-DI-CELSIA-TNORTE-CENTRO;S00152;;SAN JORGE 2 13.2 KV;MT-No Programada Con Interrupción;4;No;Permanente;;No;Despachado;Restaurado;0;Cancelada;L1 L2;05:59.5;36;0;Low;1;0;(-8376272.0, 495591.2);0;Llamada;46:44.5;Interruptor compuesto;CLL 6 No.3-73;No;No;DISTRIBUCION;Alimentador/Troncal MT;No
144;;4/10/2026;INC 146603463;;1621602-A;LA VEGA 13.2 KV;CHAPETON;Desconocida;BOLV-399 (Apoyo);0;0;1;TOLIMA NORTE;DISTRIBUCION TOLIMA;CELSIA - TOLIMA CENTRO;CO-TOL-DI-CELSIA-TNORTE-CENTRO;1621769A;;LA VEGA 13.2 KV;MT-No Programada Con Interrupción;2;No;Permanente;;No;Despachado;Restaurado;0;No Realizado;L1;07:27.6;108;2;Critical;1;0;(-8377060.9, 496266.5);0;Llamada;39:33.0;Interruptor compuesto;LA VEGA CS 59;No;No;DISTRIBUCION;Alimentador/Troncal MT;No
145;;4/10/2026;INC 146603464;;2577071-A;PIEDRAS 13.2 KV;ALVARADO;Descargas atmosfericas;BOLV-312;0;0;2;TOLIMA NORTE;DISTRIBUCION TOLIMA;CELSIA - TOLIMA CENTRO;CO-TOL-DI-CELSIA-TNORTE-CENTRO;S06707;;PIEDRAS 13.2 KV;MT-No Programada Con Interrupción;2;No;Permanente;;No;Despachado;No hay interrupción;0;Finalizada;L1;08:39.2;6;0;Low;1;0;(-8346040.9, 505913.5);0;Llamada;;Interruptor compuesto;VDA HATICO TAMARINDO;No;No;DISTRIBUCION;Alimentador/Troncal MT;No
146;;4/10/2026;INC 146603472;;S07435;MARIQUITA 4 13.2 KV;MARIQUITA;Alta vegetación;BOLV-366 (M-19C);0;0;1;TOLIMA NORTE;DISTRIBUCION TOLIMA;CELSIA - TOLIMA NORTE;CO-TOL-DI-CELSIA-TNORTE-NORTE;SW21844;;MARIQUITA 4 13.2 KV;MT-No Programada Con Interrupción;2;No;Permanente;;No;Despachado;No hay interrupción;0;Finalizada;L2 L3;22:52.9;3;0;Medium;1;0;(-8346058.7, 577732.0);0;Llamada;;Interruptor compuesto;SIN DIRECCION;No;No;DISTRIBUCION;Alimentador/Troncal MT;No
147;;4/10/2026;INC 146603489;;1544551A;REFUGIO 1 13.2 KV;REFUGIO;Ninguna;BOLV-365 (M-18C);0;0;1;TOLIMA NORTE;DISTRIBUCION TOLIMA;CELSIA - TOLIMA NORTE;CO-TOL-DI-CELSIA-TNORTE-NORTE;RB1755;;REFUGIO 1 13.2 KV;MT-No Programada Con Interrupción;2;No;Permanente;;No;Despachado;No hay interrupción;0;No Realizado;L1;40:14.9;113;1;Raised;1;0;(-8319407.0, 581366.7);0;Llamada;;Interruptor compuesto;CRA 1325-03;No;No;DISTRIBUCION;Alimentador/Troncal MT;No
148;;4/10/2026;INC 146603496;;1392026-A;LIBANO 1 13.2 KV;LIBANO;Ninguna;BOLV-370 (M-20B);0;0;6;TOLIMA NORTE;DISTRIBUCION TOLIMA;CELSIA - TOLIMA NORTE;CO-TOL-DI-CELSIA-TNORTE-NORTE;RB1991;;LIBANO 1 13.2 KV;MT-No Programada Con Interrupción;1;No;Permanente;;No;Despachado;No hay interrupción;0;Pendiente;L1 L2;48:52.4;175;0;Medium;1;0;(-8356457.4, 549088.7);0;Llamada;;Interruptor compuesto;CLL 8 CRR13;No;No;DISTRIBUCION;Alimentador/Troncal MT;Sí
149;;4/10/2026;INC 146603497;;65129272A;ARRIEROS CTO 1;ARRIEROS;Ninguna;BOLV-370 (M-20B);0;0;1;TOLIMA NORTE;DISTRIBUCION TOLIMA;CELSIA - TOLIMA NORTE;CO-TOL-DI-CELSIA-TNORTE-NORTE;65148668A;;ARRIEROS CTO 1;MT-No Programada Con Interrupción;1;No;Permanente;;No;Despachado;No hay interrupción;0;Pendiente;L1 L2 L3;50:05.3;3;1;Critical;1;0;(-8352499.8, 555949.0);0;Llamada;;Interruptor compuesto;VDA PORVENIR;No;No;DISTRIBUCION;Alimentador/Troncal MT;No
150;;4/10/2026;INC 146603502;;65972281B;VERGEL 4 13.2 KV;VERGEL;Ninguna;BOLV-336;0;0;1;TOLIMA NORTE;DISTRIBUCION TOLIMA;CELSIA - TOLIMA CENTRO;CO-TOL-DI-CELSIA-TNORTE-CENTRO;RB1983;;VERGEL 4 13.2 KV;MT-No Programada Con Interrupción;1;No;Permanente;;No;Despachado;No hay interrupción;0;Pendiente;L1 L2 L3;56:59.4;12;1;Raised;1;0;(-8368508.2, 495026.4);0;Llamada;;Interruptor compuesto;CRA  5 Nº 96-212 FTE DISTEL;No;No;DISTRIBUCION;Alimentador/Troncal MT;No
151;;4/10/2026;INC 146603506;;65199289B;ARRIEROS CTO 3;ARRIEROS;Ninguna;BOLV-370 (M-20B);0;0;1;TOLIMA NORTE;DISTRIBUCION TOLIMA;CELSIA - TOLIMA NORTE;CO-TOL-DI-CELSIA-TNORTE-NORTE;RB1852;;ARRIEROS CTO 3;MT-No Programada Con Interrupción;1;No;Permanente;;No;Despachado;No hay interrupción;0;Pendiente;L1 L3;59:14.6;14;1;Raised;1;0;(-8354936.5, 554452.5);0;Llamada;;Interruptor compuesto;SIN DIRECCION;No;No;DISTRIBUCION;Alimentador/Troncal MT;No
152;;5/10/2026;INC 146603534;;65919478B;SAN JORGE 3 13.2 KV;SAN JORGE;Desconocida;BOLV-397;0;0;1;TOLIMA NORTE;DISTRIBUCION TOLIMA;CELSIA - TOLIMA CENTRO;CO-TOL-DI-CELSIA-TNORTE-CENTRO;65919842B;;SAN JORGE 3 13.2 KV;MT-No Programada Con Interrupción;2;No;Permanente;;No;Despachado;Restaurado;0;Cancelada;L1 L2;08:58.1;159;13;High;1;0;(-8375589.3, 494900.9);0;Llamada;39:05.3;Interruptor compuesto;CRA 2CLL 15FTEAUGUSTOBOTERO;No;No;DISTRIBUCION;Alimentador/Troncal MT;No
153;;5/10/2026;INC 146603550;;65958902A;PAPAYO 2 13.2 KV;PAPAYO;Ninguna;BOLV-336;0;0;14;TOLIMA NORTE;DISTRIBUCION TOLIMA;CELSIA - TOLIMA CENTRO;CO-TOL-DI-CELSIA-TNORTE-CENTRO;RB2101;;PAPAYO 2 13.2 KV;MT-No Programada Con Interrupción;2;No;Permanente;FCD;No;Despachado;Restaurado;0;No Realizado;L1 L2;45:48.9;172;2;High;1;0;(-8373080.9, 494283.5);0;Llamada;09:07.5;Interruptor compuesto;CRA 4GNº38A-02;No;No;DISTRIBUCION;Alimentador/Troncal MT;No
154;;5/10/2026;INC 146603570;;65968932A;VERGEL 3 13.2 KV;VERGEL;Descargas atmosfericas;BOLV-336;0;0;4;TOLIMA NORTE;DISTRIBUCION TOLIMA;CELSIA - TOLIMA CENTRO;CO-TOL-DI-CELSIA-TNORTE-CENTRO;65967812A;;VERGEL 3 13.2 KV;MT-No Programada Con Interrupción;2;No;Permanente;;No;Despachado;No hay interrupción;0;Finalizada;L1;58:15.7;199;1;High;1;0;(-8370744.9, 494864.3);0;Llamada;;Interruptor compuesto;CLL 71CRA 8A;No;No;DISTRIBUCION;Alimentador/Troncal MT;No
155;;5/10/2026;INC 146603572;;MP186684C;LERIDA 3 13.2 KV;LERIDA;Ninguna;BOLM-371 (M-21A);0;0;2;TOLIMA NORTE;DISTRIBUCION TOLIMA;CELSIA - TOLIMA NORTE;CO-TOL-DI-CELSIA-TNORTE-NORTE;S07968;;LERIDA 3 13.2 KV;MT-No Programada Con Interrupción;2;No;Permanente;;No;Despachado;No hay interrupción;0;Pendiente;L1 L2 L3;00:24.1;4;0;Medium;2;0;(-8338966.3, 552335.5);0;Llamada;;Interruptor compuesto;VDA COLOYA;No;No;RED PROVISIONAL;Alimentador/Troncal MT;No
156;;5/10/2026;INC 146603580;;65949393-A;PAPAYO 3 13.2 KV;PAPAYO;Ninguna;BOLV-330 (M-114A);0;0;35;TOLIMA NORTE;DISTRIBUCION TOLIMA;CELSIA - TOLIMA CENTRO;CO-TOL-DI-CELSIA-TNORTE-CENTRO;RC1040;;PAPAYO 9 13.2 KV;MT-No Programada Con Interrupción;2;No;Permanente;;No;Despachado;No hay interrupción;0;Pendiente;L1;56:29.7;135;0;Low;1;0;(-8373040.0, 494043.2);0;Llamada;;Interruptor compuesto;CRA 4 BIS CLL 38 BRR LAS PALMAS;No;No;DISTRIBUCION;Alimentador/Troncal MT;No
157;;5/10/2026;INC 146603583;;S08457;PALOCABILDO 1 13.2 KV;PALOCABILDO;Desconocida;BOLM-314 (I-14);0;0;13;TOLIMA NORTE;DISTRIBUCION TOLIMA;CELSIA - TOLIMA NORTE;CO-TOL-DI-CELSIA-TNORTE-NORTE;1707523A;;FRESNO 3 13.2 KV;MT-No Programada Con Interrupción;2;No;Permanente;;No;Despachado;Restaurado;0;Iniciada;L1 L2;21:06.0;153;4;Raised;11;0;(-8355263.3, 568766.0);0;Llamada;04:13.9;Interruptor compuesto;SECCIONAMIENTO EL RECREO;No;No;DISTRIBUCION;Alimentador/Troncal MT;Sí
158;;5/10/2026;INC 146603587;;4036674A;PALOCABILDO 3 13.2 KV;PALOCABILDO;Descargas atmosfericas;BOLM-323 (I-23);0;0;1;TOLIMA NORTE;DISTRIBUCION TOLIMA;CELSIA - TOLIMA NORTE;CO-TOL-DI-CELSIA-TNORTE-NORTE;2543711A;;PALOCABILDO 3 13.2 KV;MT-No Programada Con Interrupción;4;No;Permanente;;No;Despachado;No hay interrupción;0;Finalizada;L1;12:32.0;26;0;Low;1;0;(-8347345.2, 567466.0);0;Llamada;;Interruptor compuesto;VRD PIRZAS;No;No;DISTRIBUCION;Alimentador/Troncal MT;No
159;;5/10/2026;INC 146603591;;RC1121;LIBANO 1 13.2 KV;LIBANO;Ninguna;BOLV-370 (M-20B);0;0;57;TOLIMA NORTE;DISTRIBUCION TOLIMA;CELSIA - TOLIMA NORTE;CO-TOL-DI-CELSIA-TNORTE-NORTE;IN133;;LIBANO 1 13.2 KV;MT-No Programada Con Interrupción;1;No;Permanente;;No;Despachado;No hay interrupción;0;Pendiente;L1 L2 L3;18:55.1;2525;23;High;36;0;(-8356084.0, 548862.8);0;Llamada;;Reconectador;CLL6 No.10;No;No;DISTRIBUCION;Alimentador/Troncal MT;Sí
160;;5/10/2026;INC 146603620;;65151121-A;VERGEL 3 13.2 KV;VERGEL;Ninguna;BOLV-336;0;0;1;TOLIMA NORTE;DISTRIBUCION TOLIMA;CELSIA - TOLIMA CENTRO;CO-TOL-DI-CELSIA-TNORTE-CENTRO;65967812A;;VERGEL 3 13.2 KV;MT-No Programada Con Interrupción;2;No;Permanente;;No;Despachado;No hay interrupción;0;Pendiente;L1;49:13.3;134;0;Medium;1;0;(-8370539.6, 495009.6);0;Llamada;;Interruptor compuesto;MZ 30 CS 8 JORDAN 7 ETAPA;No;No;DISTRIBUCION;Alimentador/Troncal MT;No
161;;5/10/2026;INC 146603623;;65566591A;PICALEÑA 2 13.2 KV;PICALEÑA;Ninguna;BOLG-332 (M -114C);0;0;2;TOLIMA NORTE;DISTRIBUCION TOLIMA;CELSIA - TOLIMA CENTRO;CO-TOL-DI-CELSIA-TNORTE-CENTRO;RB2617;;PICALEÑA 2 13.2 KV;MT-No Programada Con Interrupción;2;No;Permanente;;No;Despachado;No hay interrupción;0;Pendiente;L1 L2 L3;51:34.7;5;1;High;4;0;(-8364853.6, 490337.4);0;Llamada;;Interruptor compuesto;SECCIONAMIENTO HACIA RADIO FARO Y ANTENA;No;No;DISTRIBUCION;Alimentador/Troncal MT;No
162;;5/10/2026;INC 146603631;;3418669-A;FRESNO 1 13.2 KV;FRESNO;Descargas atmosfericas;BOLM-316 (I-16);0;0;4;TOLIMA NORTE;DISTRIBUCION TOLIMA;CELSIA - TOLIMA NORTE;CO-TOL-DI-CELSIA-TNORTE-NORTE;;CORE\jjlopez;FRESNO 1 13.2 KV;MT-No Programada Con Interrupción;4;No;Permanente;;No;Despachado;No hay interrupción;0;Finalizada;L1 L3;57:05.2;45;0;Low;1;0;(-8353158.9, 574049.1);0;Llamada;;Interruptor compuesto;CRA 5 CON CLL 2 FRESNO;No;No;DISTRIBUCION;Alimentador/Troncal MT;No
163;;5/10/2026;INC 146603636;;S08466;PAPAYO 3 13.2 KV;PAPAYO;Ninguna;BOLV-336;0;0;1;TOLIMA NORTE;DISTRIBUCION TOLIMA;CELSIA - TOLIMA CENTRO;CO-TOL-DI-CELSIA-TNORTE-CENTRO;S08647;;PAPAYO 3 13.2 KV;MT-No Programada Con Interrupción;2;No;Permanente;;No;Despachado;No hay interrupción;0;No Realizado;L1 L2 L3;57:28.8;1;1;High;1;0;(-8371959.2, 493390.7);0;Llamada;;Interruptor compuesto;SIN DIRECCION;No;No;DISTRIBUCION;Alimentador/Troncal MT;No
164;;5/10/2026;INC 146603652;;65184801A;FRESNO 2 13.2 KV;FRESNO;Ninguna;BOLV-317;0;0;5;TOLIMA NORTE;DISTRIBUCION TOLIMA;CELSIA - TOLIMA NORTE;CO-TOL-DI-CELSIA-TNORTE-NORTE;S40422;;FRESNO 2 13.2 KV;MT-No Programada Con Interrupción;3;No;Permanente;;No;Despachado;No hay interrupción;0;Iniciada;L1 L2 L3;07:15.4;93;0;Medium;1;0;(-8352664.5, 574721.6);0;Llamada;;Interruptor compuesto;Cll 9 No 10-89;No;No;DISTRIBUCION;Alimentador/Troncal MT;No
165;;5/10/2026;INC 146603656;;65970538A;PAPAYO 7 13.2 KV;PAPAYO;Desconocida;BOLM-330;0;0;3;TOLIMA NORTE;DISTRIBUCION TOLIMA;CELSIA - TOLIMA CENTRO;CO-TOL-DI-CELSIA-TNORTE-CENTRO;65970521A;;PAPAYO 7 13.2 KV;MT-No Programada Con Interrupción;3;No;Permanente;;No;Despachado;Restaurado;0;Pendiente;L1;08:47.1;16;0;Low;1;0;(-8373603.4, 488437.9);0;Llamada;30:47.3;Interruptor compuesto;VDA POTRERO GRANDE;No;No;DISTRIBUCION;Alimentador/Troncal MT;No
166;;5/10/2026;INC 146603657;;SW8589A;LIBANO 3 13.2 KV;LIBANO;Ninguna;BOLV-370 (M-20B);0;0;32;TOLIMA NORTE;DISTRIBUCION TOLIMA;CELSIA - TOLIMA NORTE;CO-TOL-DI-CELSIA-TNORTE-NORTE;S01608;;LIBANO 3 13.2 KV;MT-No Programada Con Interrupción;1;No;Permanente;;No;Despachado;No hay interrupción;0;Pendiente;L1 L2;09:43.9;1485;31;High;144;0;(-8354329.9, 547517.8);0;Llamada;;Interruptor compuesto;SECCIONAMIENTO LAS AMERICAS;No;No;DISTRIBUCION;Alimentador/Troncal MT;Sí
167;;5/10/2026;INC 146603658;;2231999A;PALOCABILDO 3 13.2 KV;PALOCABILDO;Descargas atmosfericas;BOLM-315 (I-15);0;0;10;TOLIMA NORTE;DISTRIBUCION TOLIMA;CELSIA - TOLIMA NORTE;CO-TOL-DI-CELSIA-TNORTE-NORTE;66752178A;;PALOCABILDO 3 13.2 KV;MT-No Programada Con Interrupción;2;No;Permanente;;No;Despachado;No hay interrupción;0;Finalizada;L1;10:52.6;138;7;Raised;8;0;(-8346939.0, 565530.0);0;Llamada;;Interruptor compuesto;HACIA LA VEREDA CAMPO ALEGRE;No;No;DISTRIBUCION;Alimentador/Troncal MT;Sí
168;;5/10/2026;INC 146603659;;66802061A;JUNIN 13.2 KV;SANTA ISABEL;Ninguna;BOLM-328 (I-28);0;0;1;TOLIMA NORTE;DISTRIBUCION TOLIMA;CELSIA - TOLIMA NORTE;CO-TOL-DI-CELSIA-TNORTE-NORTE;ASW8732;;LERIDA 2 13.2 KV;MT-No Programada Con Interrupción;3;No;Permanente;;No;Despachado;Restaurado;0;Iniciada;L1;11:14.2;8;0;Low;1;0;(-8354196.0, 534610.6);0;Llamada;17:31.4;Interruptor compuesto;VDA EL BILLAR;No;No;DISTRIBUCION;Alimentador/Troncal MT;No
169;;5/10/2026;INC 146603660;;66784800A;ANZOATEGUI 13.2 KV;SANTA ISABEL;Desconocida;BOLM-322 (I-22);0;0;1;TOLIMA NORTE;DISTRIBUCION TOLIMA;CELSIA - TOLIMA CENTRO;CO-TOL-DI-CELSIA-TNORTE-NORTE;S06332;;ANZOATEGUI 13.2 KV;MT-No Programada Con Interrupción;2;No;Permanente;;No;Despachado;Restaurado;0;Iniciada;L2;11:19.6;22;3;Raised;1;0;(-8349514.7, 519334.7);0;Llamada;31:24.7;Interruptor compuesto;VDA LOS GUAYABOS;No;No;DISTRIBUCION;Alimentador/Troncal MT;No
170;;5/10/2026;INC 146603670;;65970589A;PAPAYO 7 13.2 KV;PAPAYO;Desconocida;BOLM-330;0;0;1;TOLIMA NORTE;DISTRIBUCION TOLIMA;CELSIA - TOLIMA CENTRO;CO-TOL-DI-CELSIA-TNORTE-CENTRO;RB2105;;PAPAYO 7 13.2 KV;MT-No Programada Con Interrupción;3;No;Permanente;;No;Despachado;Restaurado;0;Pendiente;L1;16:14.6;6;0;Low;1;0;(-8373692.1, 489412.5);0;Llamada;30:47.3;Interruptor compuesto;VDA POTRERO GRANDE;No;No;DISTRIBUCION;Alimentador/Troncal MT;No
171;;5/10/2026;INC 146603679;;MP186060-A;LERIDA 2 13.2 KV;LERIDA;Ninguna;BOLM-371 (M-21A);0;0;1;TOLIMA NORTE;DISTRIBUCION TOLIMA;CELSIA - TOLIMA NORTE;CO-TOL-DI-CELSIA-TNORTE-NORTE;RB1936;;LERIDA 2 13.2 KV;MT-No Programada Con Interrupción;2;No;Permanente;;No;Despachado;No hay interrupción;0;Pendiente;L1 L2 L3;19:45.7;145;4;Raised;1;0;(-8341948.5, 535098.6);0;Llamada;;Interruptor compuesto;VDA LA SIERRA;No;No;DISTRIBUCION;Alimentador/Troncal MT;No
172;;5/10/2026;INC 146603682;;S01603;LIBANO 2 13.2 KV;LIBANO;Ninguna;BOLV-370 (M-20B);0;0;5;TOLIMA NORTE;DISTRIBUCION TOLIMA;CELSIA - TOLIMA NORTE;CO-TOL-DI-CELSIA-TNORTE-NORTE;S01601;;LIBANO 2 13.2 KV;MT-No Programada Con Interrupción;2;No;Permanente;FCC;No;Despachado;No hay interrupción;0;Pendiente;L1 L2;21:16.1;27;1;Raised;4;0;(-8355743.9, 547983.0);0;Llamada;;Interruptor compuesto;SIN DIRECCION;No;No;DISTRIBUCION;Alimentador/Troncal MT;No
173;DP-BT INC 145564990;5/10/2026;INC 146603688;;1855280A;PALOCABILDO 1 13.2 KV;PALOCABILDO;Desconocida;"BOLM-319 (I-19); BOLM-318 (I-18); BOLV-317";0;0;17;TOLIMA NORTE;DISTRIBUCION TOLIMA;CELSIA - TOLIMA NORTE;CO-TOL-DI-CELSIA-TNORTE-NORTE;3448733A;;FRESNO 3 13.2 KV;MT-No Programada Con Interrupción;2;No;Permanente;;No;Despachado;Restaurado;0;"Iniciada; Cancelada; Finalizada";L1 L2;23:13.2;311;6;Raised;21;0;(-8359588.0, 572409.2);0;Llamada;04:13.9;Interruptor compuesto;VDA MATEGUADUA;No;Sí;DISTRIBUCION;Alimentador/Troncal MT;Sí
174;;5/10/2026;INC 146603711;;1569724A;LERIDA 5 13.2 KV;LERIDA;Ninguna;BOLM-371 (M-21A);0;0;2;TOLIMA NORTE;DISTRIBUCION TOLIMA;CELSIA - TOLIMA NORTE;CO-TOL-DI-CELSIA-TNORTE-NORTE;MP45914A;;LERIDA 5 13.2 KV;MT-No Programada Con Interrupción;2;No;Permanente;;No;Despachado;No hay interrupción;0;No Realizado;L1 L2 L3;32:54.6;1;1;High;1;0;(-8338287.7, 541807.8);0;Llamada;;Interruptor compuesto;CRA 1Nº2-39;No;No;DISTRIBUCION;Alimentador/Troncal MT;No
175;;5/10/2026;INC 146603728;;S10229;LERIDA 2 13.2 KV;LERIDA;Desconocida;BOLV-360;0;0;1;TOLIMA NORTE;DISTRIBUCION TOLIMA;CELSIA - TOLIMA NORTE;CO-TOL-DI-CELSIA-TNORTE-NORTE;2025574A;;LERIDA 2 13.2 KV;MT-No Programada Con Interrupción;2;No;Permanente;;No;Despachado;Restaurado;0;Cancelada;L1 L2;37:49.3;2;1;High;1;0;(-8341711.6, 527149.1);0;Llamada;19:25.0;Interruptor compuesto;SIN DIRECCION;No;No;DISTRIBUCION;Alimentador/Troncal MT;No
176;;5/10/2026;INC 146603740;;65295512A;PALOCABILDO 2 13.2 KV;PALOCABILDO;Descargas atmosfericas;BOLM-315 (I-15);0;0;1;TOLIMA NORTE;DISTRIBUCION TOLIMA;CELSIA - TOLIMA NORTE;CO-TOL-DI-CELSIA-TNORTE-NORTE;RB2535;;PALOCABILDO 2 13.2 KV;MT-No Programada Con Interrupción;3;No;Permanente;;No;Despachado;No hay interrupción;0;Finalizada;L1;42:29.5;19;0;Low;1;0;(-8348053.7, 565226.9);0;Llamada;;Interruptor compuesto;VDA LA LIBERTAD FINCA FERRER ROJAS PALOCABILDO;No;No;DISTRIBUCION;Alimentador/Troncal MT;No
177;;5/10/2026;INC 146603745;;1638637A;PALOCABILDO 3 13.2 KV;PALOCABILDO;Ninguna;BOLM-315 (I-15);0;0;8;TOLIMA NORTE;DISTRIBUCION TOLIMA;CELSIA - TOLIMA NORTE;CO-TOL-DI-CELSIA-TNORTE-NORTE;66678490A;;PALOCABILDO 3 13.2 KV;MT-No Programada Con Interrupción;2;No;Permanente;;No;Despachado;No hay interrupción;0;Pendiente;L1 L2 L3;43:42.7;111;3;Raised;1;0;(-8343286.1, 571129.6);0;Llamada;;Interruptor compuesto;ESCUELA DISTRITAL GRAN YOMASA;No;No;DISTRIBUCION;Alimentador/Troncal MT;No
178;;5/10/2026;INC 146603757;;2220575A;ARRIEROS CTO 1;ARRIEROS;Ninguna;BOLM-371 (M-21A);0;0;2;TOLIMA NORTE;DISTRIBUCION TOLIMA;CELSIA - TOLIMA NORTE;CO-TOL-DI-CELSIA-TNORTE-NORTE;2336294A;;ARRIEROS CTO 1;MT-No Programada Con Interrupción;3;No;Permanente;;No;Despachado;No hay interrupción;0;Pendiente;L2;46:21.6;17;0;Medium;1;0;(-8346103.1, 552616.9);0;Llamada;;Interruptor compuesto;VDA PADILLA ALTA;No;No;DISTRIBUCION;Alimentador/Troncal MT;No
179;;5/10/2026;INC 146603759;;66752755A;FRESNO 3 13.2 KV;FRESNO;Desconocida;BOLM-316 (I-16);0;0;10;TOLIMA NORTE;DISTRIBUCION TOLIMA;CELSIA - TOLIMA NORTE;CO-TOL-DI-CELSIA-TNORTE-NORTE;RC285;;FRESNO 3 13.2 KV;MT-No Programada Con Interrupción;2;No;Permanente;;No;Despachado;Restaurado;0;Cancelada;L1;11:13.3;190;2;Critical;20;0;(-8354004.5, 574434.6);0;Llamada;04:13.9;Interruptor compuesto;SECCIONAMIENTO  LA FLORIDA ALEGRIAS;No;No;DISTRIBUCION;Alimentador/Troncal MT;Sí
180;;5/10/2026;INC 146603768;;65947722-A;PAPAYO 5 13.2 KV;PAPAYO;Ninguna;BOLV-330 (M-114A);0;0;21;TOLIMA NORTE;DISTRIBUCION TOLIMA;CELSIA - TOLIMA CENTRO;CO-TOL-DI-CELSIA-TNORTE-CENTRO;65939177A;;PAPAYO 5 13.2 KV;MT-No Programada Con Interrupción;3;No;Permanente;;No;Despachado;No hay interrupción;0;Pendiente;L1 L2;51:08.6;81;0;Medium;1;0;(-8371596.3, 493924.0);0;Llamada;;Interruptor compuesto;CARRERA 2A CSLLE 55 HACIENDA PIEDRA PINTADA;No;No;DISTRIBUCION;Alimentador/Troncal MT;No
181;;5/10/2026;INC 146603782;;65270854A;PALOCABILDO 2 13.2 KV;PALOCABILDO;Ninguna;BOLM-320;0;0;1;TOLIMA NORTE;DISTRIBUCION TOLIMA;CELSIA - TOLIMA NORTE;CO-TOL-DI-CELSIA-TNORTE-NORTE;RC1073;;PALOCABILDO 2 13.2 KV;MT-No Programada Con Interrupción;3;No;Permanente;;No;Despachado;No hay interrupción;0;Pendiente;L2;57:17.1;22;0;Low;1;0;(-8350784.9, 567540.0);0;Llamada;;Interruptor compuesto;VDA ASTURIAS;No;No;DISTRIBUCION;Alimentador/Troncal MT;No
182;;5/10/2026;INC 146603802;;66650421A;ARRIEROS CTO 1;ARRIEROS;Ninguna;BOLV-370 (M-20B);0;0;3;TOLIMA NORTE;DISTRIBUCION TOLIMA;CELSIA - TOLIMA NORTE;CO-TOL-DI-CELSIA-TNORTE-NORTE;66036286A;;ARRIEROS CTO 1;MT-No Programada Con Interrupción;3;No;Permanente;;No;Despachado;No hay interrupción;0;Pendiente;L1 L3;06:36.4;22;0;Low;1;0;(-8353042.4, 548683.5);0;Llamada;;Interruptor compuesto;VDA TERAPACA;No;No;DISTRIBUCION;Alimentador/Troncal MT;No
183;;5/10/2026;INC 146603805;;65953196A;SALADO 1 - ALVARADO 34.5 KV;SALADO;Desconocida;BOLV-397;0;0;1;TOLIMA NORTE;DISTRIBUCION TOLIMA;CELSIA - TOLIMA CENTRO;CO-TOL-DI-CELSIA-TNORTE-CENTRO;"65544611A; L340";;"SALADO 1 - ALVARADO 34.5 KV; SALADO 2 - ALVARADO 34.5 KV; VERGEL CTO SALADO A 34.5 KV; VENADILLO 2 34.5 kV; SALADO 34.5 KV; VERGEL 2 34.5 KV";MT-No Programada Con Interrupción;3;No;Permanente;;No;Despachado;No hay interrupción;0;Finalizada;L1 L2 L3;07:30.9;1;0;None;1;0;(-8364906.8, 495363.5);0;Llamada;;Interruptor compuesto;HDA SAN ISIDRO;No;No;DISTRIBUCION;Alimentador/Troncal MT;No
184;;5/10/2026;INC 146603813;;S07584;JUNIN 13.2 KV;SANTA ISABEL;Desconocida;BOLM-325 (I-25);0;0;1;TOLIMA NORTE;DISTRIBUCION TOLIMA;CELSIA - TOLIMA NORTE;CO-TOL-DI-CELSIA-TNORTE-NORTE;S07256;;JUNIN 13.2 KV;MT-No Programada Con Interrupción;2;No;Permanente;;No;Despachado;Restaurado;0;Pendiente;L2;10:07.6;20;1;Raised;1;0;(-8355922.6, 528926.5);0;Llamada;55:07.5;Interruptor compuesto;SIN DIRECCION;No;No;DISTRIBUCION;Alimentador/Troncal MT;No
185;;5/10/2026;INC 146603829;;S40366;LERIDA 3 13.2 KV;LERIDA;Ninguna;BOLM-371 (M-21A);0;0;1;TOLIMA NORTE;DISTRIBUCION TOLIMA;CELSIA - TOLIMA NORTE;CO-TOL-DI-CELSIA-TNORTE-NORTE;S07966;;LERIDA 3 13.2 KV;MT-No Programada Con Interrupción;3;No;Permanente;;No;Despachado;No hay interrupción;0;Pendiente;L1 L2 L3;20:22.9;1;0;Low;1;0;(-8337537.2, 549327.4);0;Llamada;;Interruptor compuesto;VIA CRUCE A LIBANO A CAMBAO;No;No;DISTRIBUCION;Alimentador/Troncal MT;No
186;;5/10/2026;INC 146603833;;65157683A;VERDESOL 13.2 KV;SALADO;Alta vegetación;BOLV-397;0;0;2;TOLIMA NORTE;DISTRIBUCION TOLIMA;CELSIA - TOLIMA CENTRO;CO-TOL-DI-CELSIA-TNORTE-CENTRO;S09902;;VERDESOL 13.2 KV;MT-No Programada Con Interrupción;2;No;Permanente;;No;Despachado;Restaurado;0;Finalizada;L1;22:46.7;8;1;High;1;0;(-8367256.4, 495530.4);0;Llamada;10:57.7;Interruptor compuesto;VIA AL SALADO FRENTE A NOEL;No;No;DISTRIBUCION;Alimentador/Troncal MT;No
187;;5/10/2026;INC 146603863;;65578468A;VERGEL 2 13.2 KV;VERGEL;Desconocida;BOLV-398 (Apoyo);0;0;1;TOLIMA NORTE;DISTRIBUCION TOLIMA;CELSIA - TOLIMA CENTRO;CO-TOL-DI-CELSIA-TNORTE-CENTRO;65966476B;;VERGEL 2 13.2 KV;MT-No Programada Con Interrupción;4;No;Permanente;;No;Despachado;No hay interrupción;0;Finalizada;L3;37:03.6;1;0;Medium;1;0;(-8368066.2, 495539.3);0;Llamada;;Interruptor compuesto;AV AMBALA CLL 103;No;No;DISTRIBUCION;Alimentador/Troncal MT;No
188;;5/10/2026;INC 146603870;;66651592A;CALDAS VIEJO 13.2 KV;ALVARADO;Descargas atmosfericas;BOLV-312;0;0;1;TOLIMA NORTE;DISTRIBUCION TOLIMA;CELSIA - TOLIMA CENTRO;CO-TOL-DI-CELSIA-TNORTE-CENTRO;S06695;;CALDAS VIEJO 13.2 KV;MT-No Programada Con Interrupción;5;No;Permanente;;No;Despachado;No hay interrupción;0;Finalizada;L1;38:19.5;1;0;Low;1;0;(-8335964.6, 514262.8);0;Llamada;;Interruptor compuesto;SECCIONAMIENTO SECTOR BARILOCHE;No;No;DISTRIBUCION;Alimentador/Troncal MT;No
189;;5/10/2026;INC 146603872;;65574039A;FRESNO 3 13.2 KV;FRESNO;Desconocida;BOLM-316 (I-16);0;0;1;TOLIMA NORTE;DISTRIBUCION TOLIMA;CELSIA - TOLIMA NORTE;CO-TOL-DI-CELSIA-TNORTE-NORTE;2573628A;;FRESNO 3 13.2 KV;MT-No Programada Con Interrupción;3;No;Permanente;;No;Despachado;Restaurado;0;Pendiente;L1;39:14.1;32;0;Low;1;0;(-8348505.7, 577525.1);0;Llamada;04:13.9;Interruptor compuesto;VDA LA CEIBA;No;No;DISTRIBUCION;Alimentador/Troncal MT;No
190;;5/10/2026;INC 146603878;;2217198-A;PALOCABILDO 2 13.2 KV;PALOCABILDO;Ninguna;BOLM-323 (I-23);0;0;4;TOLIMA NORTE;DISTRIBUCION TOLIMA;CELSIA - TOLIMA NORTE;CO-TOL-DI-CELSIA-TNORTE-NORTE;S08296;;PALOCABILDO 2 13.2 KV;MT-No Programada Con Interrupción;3;No;Permanente;;No;Despachado;No hay interrupción;0;Pendiente;L3;40:36.5;20;0;Low;1;0;(-8353135.6, 564816.0);0;Llamada;;Interruptor compuesto;VDA MULEROS;No;No;DISTRIBUCION;Alimentador/Troncal MT;No
191;;5/10/2026;INC 146603881;;65964813A;VERGEL 2 13.2 KV;VERGEL;Ninguna;BOLV-398 (Apoyo);0;0;3;TOLIMA NORTE;DISTRIBUCION TOLIMA;CELSIA - TOLIMA CENTRO;CO-TOL-DI-CELSIA-TNORTE-CENTRO;RB2099;;VERGEL 2 13.2 KV;MT-No Programada Con Interrupción;2;No;Permanente;;No;Despachado;No hay interrupción;0;Pendiente;L1 L2;40:51.4;447;2;High;11;0;(-8369503.8, 495811.1);0;Llamada;;Interruptor compuesto;SIN DIRECCION;No;No;DISTRIBUCION;Alimentador/Troncal MT;No
192;;5/10/2026;INC 146603888;;S10542;MARIQUITA 4 13.2 KV;MARIQUITA;Ninguna;BOLM-350;0;0;1;TOLIMA NORTE;DISTRIBUCION TOLIMA;CELSIA - TOLIMA NORTE;CO-TOL-DI-CELSIA-TNORTE-NORTE;S07785;;MARIQUITA 4 13.2 KV;MT-No Programada Con Interrupción;4;No;Permanente;;No;Despachado;Restaurado;0;No Realizado;L1 L3;41:52.2;1;0;Low;1;0;(-8336865.9, 586156.4);0;Llamada;09:33.0;Interruptor compuesto;SIN DIRECCION;No;No;DISTRIBUCION;Alimentador/Troncal MT;No
193;;5/10/2026;INC 146603896;;65975221A;VERGEL 2 13.2 KV;VERGEL;Ninguna;BOLM-348(SERRATO GONZALEZ JOSE HUMBERTO;0;0;1;TOLIMA NORTE;DISTRIBUCION TOLIMA;CELSIA - TOLIMA CENTRO;CO-TOL-DI-CELSIA-TNORTE-CENTRO;65975191A;;VERGEL 2 13.2 KV;MT-No Programada Con Interrupción;4;No;Permanente;;No;Despachado;No hay interrupción;0;No Realizado;L1 L2 L3;43:38.7;52;0;Medium;1;0;(-8369869.4, 495845.9);0;Llamada;;Interruptor compuesto;MZ J CS 6 GIRASOL DEL VERGEL;No;No;DISTRIBUCION;Alimentador/Troncal MT;No
194;;5/10/2026;INC 146603900;;65942410A;PAPAYO 10 13.2 KV;PAPAYO;Ninguna;BOLV-330 (M-114A);0;0;2;TOLIMA NORTE;DISTRIBUCION TOLIMA;CELSIA - TOLIMA CENTRO;CO-TOL-DI-CELSIA-TNORTE-CENTRO;RB2080;;PAPAYO 10 13.2 KV;MT-No Programada Con Interrupción;2;No;Permanente;;No;Despachado;No hay interrupción;0;Pendiente;L1;44:33.1;277;1;High;1;0;(-8374109.7, 494064.1);0;Llamada;;Interruptor compuesto;CRA 3CLL 29B.CLARET;No;No;DISTRIBUCION;Alimentador/Troncal MT;No
195;;5/10/2026;INC 146603911;;65957485A;VERGEL 2 13.2 KV;VERGEL;Ninguna;BOLM-348(SERRATO GONZALEZ JOSE HUMBERTO;0;0;1;TOLIMA NORTE;DISTRIBUCION TOLIMA;CELSIA - TOLIMA CENTRO;CO-TOL-DI-CELSIA-TNORTE-CENTRO;65567180;;VERGEL 2 13.2 KV;MT-No Programada Con Interrupción;2;No;Permanente;;No;Despachado;No hay interrupción;0;Pendiente;L1 L2 L3;47:41.7;287;4;Critical;1;0;(-8368828.4, 495631.1);0;Llamada;;Interruptor compuesto;CR15 CL 96 GAVIOTA;No;No;DISTRIBUCION;Alimentador/Troncal MT;No
196;;5/10/2026;INC 146603917;;65974932A;VERGEL 2 13.2 KV;VERGEL;Ninguna;BOLM-348(SERRATO GONZALEZ JOSE HUMBERTO;0;0;1;TOLIMA NORTE;DISTRIBUCION TOLIMA;CELSIA - TOLIMA CENTRO;CO-TOL-DI-CELSIA-TNORTE-CENTRO;65974916A;;VERGEL 2 13.2 KV;MT-No Programada Con Interrupción;3;No;Permanente;;No;Despachado;No hay interrupción;0;Pendiente;L1;48:59.2;127;0;Medium;1;0;(-8369551.5, 495340.9);0;Llamada;;Interruptor compuesto;CLL 86CRA 11CPEDREGAL;No;No;DISTRIBUCION;Alimentador/Troncal MT;No
197;;5/10/2026;INC 146603926;;2544695A;PALOCABILDO 3 13.2 KV;PALOCABILDO;Ninguna;"BOLM-315 (I-15); BOLM-320";0;0;5;TOLIMA NORTE;DISTRIBUCION TOLIMA;CELSIA - TOLIMA NORTE;CO-TOL-DI-CELSIA-TNORTE-NORTE;RB2654;;PALOCABILDO 3 13.2 KV;MT-No Programada Con Interrupción;2;No;Permanente;;No;Despachado;No hay interrupción;0;"Cancelada; Cancelada";L1 L3;51:15.4;148;2;Raised;14;0;(-8345395.4, 567547.4);0;Llamada;;Interruptor compuesto;VDA LAJAS;No;No;DISTRIBUCION;Alimentador/Troncal MT;Sí
198;;5/10/2026;INC 146603930;;65967707A;VERGEL 1 13.2 KV;VERGEL;Ninguna;BOLM-301 (I-1);0;0;1;TOLIMA NORTE;DISTRIBUCION TOLIMA;CELSIA - TOLIMA CENTRO;CO-TOL-DI-CELSIA-TNORTE-CENTRO;S02264;;VERGEL 1 13.2 KV;MT-No Programada Con Interrupción;3;No;Permanente;;No;Despachado;No hay interrupción;0;Pendiente;L1;53:01.9;9;0;Low;1;0;(-8373185.9, 498226.9);0;Llamada;;Interruptor compuesto;VDA CALAMBEO;No;No;DISTRIBUCION;Alimentador/Troncal MT;No
199;;5/10/2026;INC 146603935;;3437006A;SANTA ISABEL 13.2 KV;SANTA ISABEL;Desconocida;BOLM-369 (M-20A);0;0;1;TOLIMA NORTE;DISTRIBUCION TOLIMA;CELSIA - TOLIMA NORTE;CO-TOL-DI-CELSIA-TNORTE-NORTE;66073467A;;SANTA ISABEL 13.2 KV;MT-No Programada Con Interrupción;3;No;Permanente;;No;Despachado;Restaurado;0;Pendiente;L1;55:26.0;2;0;Low;1;0;(-8372683.8, 536683.5);0;Llamada;31:11.7;Interruptor compuesto;VDA LA ESPERANZA FCA EL PORVENIR;No;No;DISTRIBUCION;Alimentador/Troncal MT;No
200;;5/10/2026;INC 146603945;;S08185;MARIQUITA 4 13.2 KV;MARIQUITA;Alta vegetación;BOLV-366 (M-19C);0;0;3;TOLIMA NORTE;DISTRIBUCION TOLIMA;CELSIA - TOLIMA NORTE;CO-TOL-DI-CELSIA-TNORTE-NORTE;S07781;;MARIQUITA 4 13.2 KV;MT-No Programada Con Interrupción;4;No;Permanente;;No;Despachado;Restaurado;0;Finalizada;L1 L2;59:03.2;15;0;Medium;3;0;(-8338769.5, 583965.2);0;Llamada;09:33.0;Interruptor compuesto;SIN DIRECCION;No;No;DISTRIBUCION;Alimentador/Troncal MT;No
201;;5/10/2026;INC 146603952;;65931184A;BRISAS 2 13.2 KV;BRISAS;Desconocida;BOLM-330;0;0;2;TOLIMA NORTE;DISTRIBUCION TOLIMA;CELSIA - TOLIMA CENTRO;CO-TOL-DI-CELSIA-TNORTE-CENTRO;RC1168;;PAPAYO 10 13.2 KV;MT-No Programada Con Interrupción;3;No;Permanente;;No;Despachado;No hay interrupción;0;Finalizada;L1;01:40.0;15;0;Low;1;0;(-8374599.6, 492462.3);0;Llamada;;Interruptor compuesto;VDA MARTINICA PARTE ALTA;No;No;DISTRIBUCION;Alimentador/Troncal MT;No
202;;5/10/2026;INC 146603954;;S05740;JUNIN 13.2 KV;SANTA ISABEL;Desconocida;BOLV-360;0;0;1;TOLIMA NORTE;DISTRIBUCION TOLIMA;CELSIA - TOLIMA NORTE;CO-TOL-DI-CELSIA-TNORTE-NORTE;RC1376;;LERIDA 2 13.2 KV;MT-No Programada Con Interrupción;3;No;Permanente;;No;Despachado;Restaurado;0;Pendiente;L1;02:36.5;16;0;Low;1;0;(-8344421.3, 532564.5);0;Llamada;19:25.0;Interruptor compuesto;SIN DIRECCION;No;No;DISTRIBUCION;Alimentador/Troncal MT;No
203;;5/10/2026;INC 146603956;;65133059A;PAPAYO 7 13.2 KV;PAPAYO;Desconocida;BOLM-302 (I-2);0;0;3;TOLIMA NORTE;DISTRIBUCION TOLIMA;CELSIA - TOLIMA CENTRO;CO-TOL-DI-CELSIA-TNORTE-CENTRO;65970521A;;PAPAYO 7 13.2 KV;MT-No Programada Con Interrupción;2;No;Permanente;;No;Despachado;Restaurado;0;Pendiente;L2;02:42.1;24;1;Raised;1;0;(-8373637.8, 488751.8);0;Llamada;30:47.3;Interruptor compuesto;VDA POTRERO GRANDE;No;No;DISTRIBUCION;Alimentador/Troncal MT;No
204;;5/10/2026;INC 146603964;;65966875A;VERGEL 1 13.2 KV;VERGEL;Ninguna;BOLM-348(SERRATO GONZALEZ JOSE HUMBERTO;0;0;1;TOLIMA NORTE;DISTRIBUCION TOLIMA;CELSIA - TOLIMA CENTRO;CO-TOL-DI-CELSIA-TNORTE-CENTRO;RC1393;;VERGEL 1 13.2 KV;MT-No Programada Con Interrupción;3;No;Permanente;;No;Despachado;No hay interrupción;0;Cancelada;L1;05:11.8;88;0;Medium;1;0;(-8371368.6, 496597.9);0;Llamada;;Interruptor compuesto;CARRERA 28 NUMERO 68-22 LOS CIRUELOS;No;No;DISTRIBUCION;Alimentador/Troncal MT;No
205;;5/10/2026;INC 146603989;;66650741B;"FRESNO 3 13.2 KV; PALOCABILDO 1 13.2 KV";FRESNO;Ninguna;"BOLV-317; BOLM-319 (I-19)";0;0;11;TOLIMA NORTE;DISTRIBUCION TOLIMA;CELSIA - TOLIMA NORTE;CO-TOL-DI-CELSIA-TNORTE-NORTE;RC285;;FRESNO 3 13.2 KV;MT-No Programada Con Interrupción;1;No;Permanente;;No;Despachado;No hay interrupción;0;"Cancelada; Cancelada";L1 L2;14:38.4;1195;29;Raised;68;0;(-8353902.3, 574053.4);0;Llamada;;Interruptor compuesto;VDA SANTA ROSA;No;No;DISTRIBUCION;Alimentador/Troncal MT;Sí
206;;5/10/2026;INC 146603990;;S00535;VERGEL 3 13.2 KV;VERGEL;Ninguna;BOLV-336;0;0;1;TOLIMA NORTE;DISTRIBUCION TOLIMA;CELSIA - TOLIMA CENTRO;CO-TOL-DI-CELSIA-TNORTE-CENTRO;RB1947;;VERGEL 3 13.2 KV;MT-No Programada Con Interrupción;3;No;Permanente;;No;Despachado;No hay interrupción;0;Pendiente;L1 L2 L3;15:16.1;27;0;Medium;1;0;(-8370288.1, 494661.4);0;Llamada;;Interruptor compuesto;SECCIONAMEINTO EDIFICIO LOS ARRAYANES;No;No;DISTRIBUCION;Alimentador/Troncal MT;No
207;;5/10/2026;INC 146604001;;65203812-A;VERGEL 3 13.2 KV;VERGEL;Ninguna;BOLV-336;0;0;1;TOLIMA NORTE;DISTRIBUCION TOLIMA;CELSIA - TOLIMA CENTRO;CO-TOL-DI-CELSIA-TNORTE-CENTRO;65967812A;;VERGEL 3 13.2 KV;MT-No Programada Con Interrupción;3;No;Permanente;;No;Despachado;No hay interrupción;0;Pendiente;L1;21:13.0;160;0;Medium;1;0;(-8370863.0, 495257.4);0;Llamada;;Interruptor compuesto;CLL 70CRA 11B B/JORDAN 7 ETAPA;No;No;DISTRIBUCION;Alimentador/Troncal MT;No
208;;5/10/2026;INC 146604003;;65154269A;VERGEL 5 13.2 KV;VERGEL;Ninguna;BOLV-336;0;0;1;TOLIMA NORTE;DISTRIBUCION TOLIMA;CELSIA - TOLIMA CENTRO;CO-TOL-DI-CELSIA-TNORTE-CENTRO;L340;;VERGEL 5 13.2 KV;MT-No Programada Con Interrupción;3;No;Permanente;;No;Despachado;No hay interrupción;0;Pendiente;L1;22:05.3;52;0;Medium;1;0;(-8371454.5, 495881.4);0;Llamada;;Interruptor compuesto;BRR AMBALA;No;No;CONEXION DISTRIBUCION;Alimentador/Troncal MT;No
209;;5/10/2026;INC 146604013;;65550660A;SIMON BOLIVAR 2 13.2 KV;SIMON BOLIVAR;Ninguna;BOLV-398 (Apoyo);0;0;7;TOLIMA NORTE;DISTRIBUCION TOLIMA;CELSIA - TOLIMA CENTRO;CO-TOL-DI-CELSIA-TNORTE-CENTRO;RB1833;;SIMON BOLIVAR 1 13.2 KV;MT-No Programada Con Interrupción;2;No;Permanente;;No;Despachado;No hay interrupción;0;Pendiente;L1 L2 L3;24:39.2;272;5;High;1;0;(-8369380.6, 494586.4);0;Llamada;;Interruptor compuesto;CRA3B #76-15 BRR JARDIN;No;No;DISTRIBUCION;Alimentador/Troncal MT;No
210;;5/10/2026;INC 146604015;;2546949A;EL SALTO CTO 3 A 13,2 kV;EL SALTO;Pararrayo averiado;BOLV-365 (M-18C);0;0;1;TOLIMA NORTE;DISTRIBUCION TOLIMA;CELSIA - TOLIMA NORTE;CO-TOL-DI-CELSIA-TNORTE-CENTRO;2546884A;;EL SALTO CTO 3 A 13,2 kV;MT-No Programada Con Interrupción;4;No;Permanente;;No;Despachado;No hay interrupción;0;Finalizada;L1 L3;24:58.6;5;0;Low;1;0;(-8328924.6, 577198.6);0;Llamada;;Interruptor compuesto;EL TESORO;No;No;DISTRIBUCION;Alimentador/Troncal MT;No
211;;5/10/2026;INC 146604018;;S10230;SALADO 2 - ALVARADO 34.5 KV;SALADO;Ninguna;BOLV-312;0;0;1;TOLIMA NORTE;DISTRIBUCION TOLIMA;CELSIA - TOLIMA CENTRO;CO-TOL-DI-CELSIA-TNORTE-CENTRO;"64544474A; L020";;"SALADO 1 - ALVARADO 34.5 KV; SALADO 2 - ALVARADO 34.5 KV; VERGEL CTO SALADO A 34.5 KV; VENADILLO 2 34.5 kV; SALADO 34.5 KV; VERGEL 2 34.5 KV";MT-No Programada Con Interrupción;3;No;Permanente;;No;Despachado;No hay interrupción;0;Pendiente;L1;25:48.2;4;0;Medium;1;0;(-8343844.7, 508365.0);0;Llamada;;Interruptor compuesto;SIN DIRECCION;No;No;DISTRIBUCION;Alimentador/Troncal MT;No
212;;5/10/2026;INC 146604025;;S00950;EL TABLAZO 13.2 KV;PADUA;Ninguna;BOLM-318 (I-18);0;0;8;TOLIMA NORTE;DISTRIBUCION TOLIMA;CELSIA - TOLIMA NORTE;CO-TOL-DI-CELSIA-TNORTE-NORTE;S00947;;EL TABLAZO 13.2 KV;MT-No Programada Con Interrupción;2;No;Permanente;;No;Despachado;No hay interrupción;0;Iniciada;L1 L2;31:04.7;123;1;Raised;8;0;(-8363276.3, 572929.4);0;Llamada;;Interruptor compuesto;SECCIONAMIENTO PETAQUEROS;No;No;DISTRIBUCION;Alimentador/Troncal MT;No
213;;5/10/2026;INC 146604035;;65577577A;EL SALTO CTO 3 A 13,2 kV;EL SALTO;Conexion floja;BOLV-365 (M-18C);0;0;2;TOLIMA NORTE;DISTRIBUCION TOLIMA;CELSIA - TOLIMA NORTE;CO-TOL-DI-CELSIA-TNORTE-CENTRO;;;EL SALTO CTO 3 A 13,2 kV;MT-No Programada Con Interrupción;4;No;Permanente;;No;Despachado;No hay interrupción;0;Finalizada;L1 L2 L3;34:09.6;14;0;Medium;1;0;(-8324456.9, 581975.4);0;Llamada;;Interruptor compuesto;EMPREHON ESP KM 3 VIA HONDA;No;No;DISTRIBUCION;Alimentador/Troncal MT;No
214;;5/10/2026;INC 146604037;;RB2527;RURAL 13.2 KV;PADUA;Ninguna;BOLM-319 (I-19);0;0;4;TOLIMA NORTE;DISTRIBUCION TOLIMA;CELSIA - TOLIMA NORTE;CO-TOL-DI-CELSIA-TNORTE-NORTE;S09620;;RURAL 13.2 KV;MT-No Programada Con Interrupción;2;No;Permanente;;No;Despachado;No hay interrupción;0;Pendiente;L1 L2 L3;36:16.8;191;4;Raised;10;0;(-8363736.2, 570325.1);0;Llamada;;Reconectador;CRA 38 CLL 20A;No;No;DISTRIBUCION;Alimentador/Troncal MT;No
215;;5/10/2026;INC 146604049;;1707744-A;RURAL 13.2 KV;PADUA;Ninguna;BOLM-319 (I-19);0;0;1;TOLIMA NORTE;DISTRIBUCION TOLIMA;CELSIA - TOLIMA NORTE;CO-TOL-DI-CELSIA-TNORTE-NORTE;66586111C;;RURAL 13.2 KV;MT-No Programada Con Interrupción;3;No;Permanente;;No;Despachado;No hay interrupción;0;Pendiente;L1;40:58.3;14;0;Low;1;0;(-8363089.3, 568199.9);0;Llamada;;Interruptor compuesto;VDA LA PICOTA;No;No;DISTRIBUCION;Alimentador/Troncal MT;No
216;;5/10/2026;INC 146604059;;1336916A;MARIQUITA 2 13.2 KV;MARIQUITA;Influencia animal;BOLM-350;0;0;5;TOLIMA NORTE;DISTRIBUCION TOLIMA;CELSIA - TOLIMA NORTE;CO-TOL-DI-CELSIA-TNORTE-NORTE;S09207;;MARIQUITA 3 13.2 KV;MT-No Programada Con Interrupción;2;No;Permanente;;No;Despachado;No hay interrupción;0;Finalizada;L1 L2 L3;47:34.6;222;3;Raised;8;0;(-8337384.7, 579571.7);0;Llamada;;Interruptor compuesto;CRA 4 No 4 MARIQUITA;No;No;DISTRIBUCION;Alimentador/Troncal MT;No
217;;5/10/2026;INC 146604071;;1390350A;MARIQUITA 1 13.2 KV;MARIQUITA;Ninguna;BOLM-350;0;0;1;TOLIMA NORTE;DISTRIBUCION TOLIMA;CELSIA - TOLIMA NORTE;CO-TOL-DI-CELSIA-TNORTE-NORTE;1390325A;;MARIQUITA 3 13.2 KV;MT-No Programada Con Interrupción;3;No;Permanente;;No;Despachado;No hay interrupción;0;Iniciada;L1;52:05.9;4;0;Medium;1;0;(-8337033.5, 577230.1);0;Llamada;;Interruptor compuesto;KM 101 VIA IBAGUE - HONDA;No;No;DISTRIBUCION;Alimentador/Troncal MT;No
218;;5/10/2026;INC 146604085;;65950863A;PAPAYO 2 13.2 KV;PAPAYO;Ninguna;BOLV-330 (M-114A);0;0;1;TOLIMA NORTE;DISTRIBUCION TOLIMA;CELSIA - TOLIMA CENTRO;CO-TOL-DI-CELSIA-TNORTE-CENTRO;65950571A;;PAPAYO 2 13.2 KV;MT-No Programada Con Interrupción;3;No;Permanente;;No;Despachado;No hay interrupción;0;Pendiente;L1 L2 L3;58:50.9;72;0;Medium;1;0;(-8371966.2, 494461.9);0;Llamada;;Interruptor compuesto;CLL 51CRA 6BESQ;No;No;DISTRIBUCION;Alimentador/Troncal MT;No
219;;5/10/2026;INC 146604092;;1579177;VERDESOL 13.2 KV;SALADO;Ninguna;BOLV-398 (Apoyo);0;0;1;TOLIMA NORTE;DISTRIBUCION TOLIMA;CELSIA - TOLIMA CENTRO;CO-TOL-DI-CELSIA-TNORTE-CENTRO;;;VERDESOL 13.2 KV;MT-No Programada Sin Interrupción;2;No;Permanente;;No;Despachado;No hay interrupción;0;Pendiente;L1 L2 L3;03:48.7;91;1;High;0;0;(-8367559.8, 495719.3);0;Llamada;;Transformador de consumidor;CRA 13CLL 111;No;No;DISTRIBUCION;Alimentador/Troncal MT;No
220;;5/10/2026;INC 146604093;;1388118A;MARIQUITA 3 13.2 KV;MARIQUITA;Ninguna;BOLV-396 (Apoyo);0;0;2;TOLIMA NORTE;DISTRIBUCION TOLIMA;CELSIA - TOLIMA NORTE;CO-TOL-DI-CELSIA-TNORTE-NORTE;;;MARIQUITA 3 13.2 KV;MT-No Programada Con Interrupción;2;No;Permanente;;No;Despachado;No hay interrupción;0;Pendiente;L1;03:44.5;192;2;High;1;0;(-8337003.0, 579601.1);0;Llamada;;Interruptor compuesto;CLL 6 CRA 7 BRR VILLA HOLANDA;No;No;DISTRIBUCION;Alimentador/Troncal MT;No
221;;5/10/2026;INC 146604094;;1530151A;AMBALEMA 1 13.2 KV;AMBALEMA;Desconocida;BOLM-321 (I-21);0;0;2;TOLIMA NORTE;DISTRIBUCION TOLIMA;CELSIA - TOLIMA NORTE;CO-TOL-DI-CELSIA-TNORTE-NORTE;RB1712;;AMBALEMA 1 13.2 KV;MT-No Programada Con Interrupción;2;No;Permanente;;No;Despachado;Restaurado;0;Cancelada;L1;04:13.2;33;6;Raised;1;0;(-8322347.7, 533524.9);0;Llamada;15:08.4;Interruptor compuesto;CALLE 15 ENTRE CRA 4 Y 5;No;No;DISTRIBUCION;Alimentador/Troncal MT;No
222;;5/10/2026;INC 146604095;;S00625;BRISAS 1 13.2 KV;BRISAS;Ninguna;BOLV-333 (M-8A);0;0;1;TOLIMA NORTE;DISTRIBUCION TOLIMA;CELSIA - TOLIMA CENTRO;CO-TOL-DI-CELSIA-TNORTE-CENTRO;RB2092;;BRISAS 1 13.2 KV;MT-No Programada Con Interrupción;4;No;Permanente;;No;Despachado;No hay interrupción;0;Pendiente;L1 L2 L3;04:33.3;4;0;Medium;1;0;(-8373991.3, 493368.8);0;Llamada;;Interruptor compuesto;SECCIONAMIENTO FABRICA DE PLASTICOS;No;No;DISTRIBUCION;Alimentador/Troncal MT;No
223;;5/10/2026;INC 146604097;;66696227A;FRESNO 3 13.2 KV;FRESNO;Ninguna;BOLM-316 (I-16);0;0;2;TOLIMA NORTE;DISTRIBUCION TOLIMA;CELSIA - TOLIMA NORTE;CO-TOL-DI-CELSIA-TNORTE-NORTE;S06481;;FRESNO 3 13.2 KV;MT-No Programada Con Interrupción;4;No;Permanente;;No;Despachado;No hay interrupción;0;Pendiente;L1;05:13.2;21;0;Low;1;0;(-8352765.2, 576349.9);0;Llamada;;Interruptor compuesto;VDA CERRO AZUL;No;No;DISTRIBUCION;Alimentador/Troncal MT;No
224;;5/10/2026;INC 146604112;;66856054A;PALOCABILDO 3 13.2 KV;PALOCABILDO;Ninguna;BOLM-323 (I-23);0;0;1;TOLIMA NORTE;DISTRIBUCION TOLIMA;CELSIA - TOLIMA NORTE;CO-TOL-DI-CELSIA-TNORTE-NORTE;RB2554;;PALOCABILDO 3 13.2 KV;MT-No Programada Con Interrupción;4;No;Permanente;;No;Despachado;No hay interrupción;0;Pendiente;L1;12:07.4;5;0;Low;1;0;(-8348369.5, 569916.8);0;Llamada;;Interruptor compuesto;VDA PAVAS;No;No;DISTRIBUCION;Alimentador/Troncal MT;No
225;;5/10/2026;INC 146604122;;66036308B;ARRIEROS CTO 1;ARRIEROS;Ninguna;BOLV-370 (M-20B);0;0;1;TOLIMA NORTE;DISTRIBUCION TOLIMA;CELSIA - TOLIMA NORTE;CO-TOL-DI-CELSIA-TNORTE-NORTE;66650332A;;ARRIEROS CTO 1;MT-No Programada Con Interrupción;4;No;Permanente;;No;Despachado;No hay interrupción;0;Pendiente;L1;19:50.2;5;0;Low;1;0;(-8353043.0, 547712.5);0;Llamada;;Interruptor compuesto;SIN DIRECCION;No;No;DISTRIBUCION;Alimentador/Troncal MT;No
226;;5/10/2026;INC 146604124;;65948257-A;PAPAYO 5 13.2 KV;PAPAYO;Ninguna;BOLV-333 (M-8A);0;0;1;TOLIMA NORTE;DISTRIBUCION TOLIMA;CELSIA - TOLIMA CENTRO;CO-TOL-DI-CELSIA-TNORTE-CENTRO;;;PAPAYO 5 13.2 KV;MT-No Programada Con Interrupción;4;No;Permanente;;No;Despachado;No hay interrupción;0;Pendiente;L1;22:32.7;76;0;Medium;1;0;(-8371056.1, 494050.4);0;Llamada;;Interruptor compuesto;MANZANA 14 CASA 19 BARRIO JORDAN 1 ETAPA;No;No;DISTRIBUCION;Alimentador/Troncal MT;No
227;;5/10/2026;INC 146604135;;1035304-A;SIMON BOLIVAR 2 13.2 KV;SIMON BOLIVAR;Ninguna;BOLV-398 (Apoyo);0;0;1;TOLIMA NORTE;DISTRIBUCION TOLIMA;CELSIA - TOLIMA CENTRO;CO-TOL-DI-CELSIA-TNORTE-CENTRO;RB1833;;SIMON BOLIVAR 1 13.2 KV;MT-No Programada Con Interrupción;3;No;Permanente;;No;Despachado;No hay interrupción;0;Iniciada;L1;27:23.2;209;0;Medium;1;0;(-8369265.1, 494547.8);0;Llamada;;Interruptor compuesto;CRA 3 A CLL 88 BRR JARDIN;No;No;DISTRIBUCION;Alimentador/Troncal MT;No
228;;5/10/2026;INC 146604161;;65933888-A;PAPAYO 3 13.2 KV;PAPAYO;Ninguna;BOLV-333 (M-8A);0;0;1;TOLIMA NORTE;DISTRIBUCION TOLIMA;CELSIA - TOLIMA CENTRO;CO-TOL-DI-CELSIA-TNORTE-CENTRO;RB2076;;PAPAYO 9 13.2 KV;MT-No Programada Con Interrupción;2;No;Permanente;;No;Despachado;No hay interrupción;0;Pendiente;L1 L2;35:51.1;310;1;High;1;0;(-8373153.1, 493824.0);0;Llamada;;Interruptor compuesto;CRA 4BCLL 38B.BOYACA;No;No;DISTRIBUCION;Alimentador/Troncal MT;No
229;;5/10/2026;INC 146604164;;65128926A;ARRIEROS CTO 1;ARRIEROS;Ninguna;BOLV-370 (M-20B);0;0;1;TOLIMA NORTE;DISTRIBUCION TOLIMA;CELSIA - TOLIMA NORTE;CO-TOL-DI-CELSIA-TNORTE-NORTE;65148668A;;ARRIEROS CTO 1;MT-No Programada Con Interrupción;4;No;Permanente;;No;Despachado;No hay interrupción;0;Pendiente;L1;36:41.9;25;0;Low;1;0;(-8350844.7, 554814.1);0;Llamada;;Interruptor compuesto;SIN DIRECCION;No;No;DISTRIBUCION;Alimentador/Troncal MT;No
230;;5/10/2026;INC 146604182;;1583247-A;URBANO 13.2 KV;PADUA;Ninguna;BOLM-319 (I-19);0;0;1;TOLIMA NORTE;DISTRIBUCION TOLIMA;CELSIA - TOLIMA NORTE;CO-TOL-DI-CELSIA-TNORTE-NORTE;RC280;;URBANO 13.2 KV;MT-No Programada Con Interrupción;4;No;Permanente;;No;Despachado;No hay interrupción;0;Pendiente;L2;40:30.3;46;0;Medium;1;0;(-8364753.1, 571841.6);0;Llamada;;Interruptor compuesto;CLL 4Nº3-20;No;No;DISTRIBUCION;Alimentador/Troncal MT;No
231;;5/10/2026;INC 146604184;;65469091A;MARIQUITA 4 13.2 KV;MARIQUITA;Ninguna;BOLM-350;0;0;1;TOLIMA NORTE;DISTRIBUCION TOLIMA;CELSIA - TOLIMA NORTE;CO-TOL-DI-CELSIA-TNORTE-NORTE;S08592;;MARIQUITA 4 13.2 KV;MT-No Programada Con Interrupción;4;No;Permanente;;No;Despachado;No hay interrupción;0;Pendiente;L3;41:44.5;39;0;Low;1;0;(-8341862.5, 584200.1);0;Llamada;;Interruptor compuesto;MARIQUITA VDA  GUACAS;No;No;DISTRIBUCION;Alimentador/Troncal MT;No
232;;5/10/2026;INC 146604200;;S02404;RURAL 13.2 KV;PADUA;Ninguna;BOLM-319 (I-19);0;0;4;TOLIMA NORTE;DISTRIBUCION TOLIMA;CELSIA - TOLIMA NORTE;CO-TOL-DI-CELSIA-TNORTE-NORTE;S09620;;RURAL 13.2 KV;MT-No Programada Con Interrupción;2;No;Permanente;;No;Despachado;No hay interrupción;0;Pendiente;L1;51:20.1;82;1;Raised;5;0;(-8363159.6, 569948.5);0;Llamada;;Interruptor compuesto;SECCIONAMIENTO OLDON;No;No;DISTRIBUCION;Alimentador/Troncal MT;No
233;;5/10/2026;INC 146604208;;S07449;PALOCABILDO 2 13.2 KV;PALOCABILDO;Ninguna;BOLM-323 (I-23);0;0;4;TOLIMA NORTE;DISTRIBUCION TOLIMA;CELSIA - TOLIMA NORTE;CO-TOL-DI-CELSIA-TNORTE-NORTE;S07443;;PALOCABILDO 2 13.2 KV;MT-No Programada Con Interrupción;2;No;Permanente;;No;Despachado;No hay interrupción;0;Pendiente;L1 L2;53:34.0;101;2;Raised;8;0;(-8352817.9, 568289.3);0;Llamada;;Interruptor compuesto;VDA EL OLIMPO;No;No;DISTRIBUCION;Alimentador/Troncal MT;Sí
234;;5/10/2026;INC 146604209;;65951282;PAPAYO 11 13.2 KV;PAPAYO;Ninguna;BOLV-398 (Apoyo);0;0;1;TOLIMA NORTE;DISTRIBUCION TOLIMA;CELSIA - TOLIMA CENTRO;CO-TOL-DI-CELSIA-TNORTE-CENTRO;;;PAPAYO 11 13.2 KV;MT-No Programada Con Interrupción;3;No;Permanente;;No;Despachado;No hay interrupción;0;Pendiente;L1;53:54.6;248;0;Medium;1;0;(-8370225.2, 494245.0);0;Llamada;;Interruptor compuesto;CRA 2CLL 76AJORDAN;No;No;DISTRIBUCION;Alimentador/Troncal MT;No
235;;5/10/2026;INC 146604218;;65972141A;VERGEL 4 13.2 KV;VERGEL;Ninguna;BOLV-398 (Apoyo);0;0;1;TOLIMA NORTE;DISTRIBUCION TOLIMA;CELSIA - TOLIMA CENTRO;CO-TOL-DI-CELSIA-TNORTE-CENTRO;RB1983;;VERGEL 4 13.2 KV;MT-No Programada Con Interrupción;2;No;Permanente;VCD;No;Despachado;No hay interrupción;0;Pendiente;L1 L2 L3;57:30.1;2;1;High;1;0;(-8369137.9, 494863.4);0;Llamada;;Interruptor compuesto;CRA 5CLL 91URBCENTENARIOBJARDIN;No;No;DISTRIBUCION;Alimentador/Troncal MT;No
236;;5/10/2026;INC 146604244;;3404195A;SANTA ISABEL 13.2 KV;SANTA ISABEL;Ninguna;BOLM-369 (M-20A);0;0;1;TOLIMA NORTE;DISTRIBUCION TOLIMA;CELSIA - TOLIMA NORTE;CO-TOL-DI-CELSIA-TNORTE-NORTE;RB2240;;SANTA ISABEL 13.2 KV;MT-No Programada Con Interrupción;4;No;Permanente;;No;Despachado;No hay interrupción;0;Pendiente;L2;10:37.4;8;0;Low;1;0;(-8367642.9, 541353.0);0;Llamada;;Interruptor compuesto;SECCIONAMIENTO;No;No;DISTRIBUCION;Alimentador/Troncal MT;No
237;;5/10/2026;INC 146604250;;3455179A;ARRIEROS CTO 2;ARRIEROS;Ninguna;BOLM-369 (M-20A);0;0;1;TOLIMA NORTE;DISTRIBUCION TOLIMA;CELSIA - TOLIMA NORTE;CO-TOL-DI-CELSIA-TNORTE-NORTE;2397501A;;SANTA ISABEL 13.2 KV;MT-No Programada Con Interrupción;4;No;Permanente;;No;Despachado;No hay interrupción;0;Pendiente;L2;12:37.0;1;0;Medium;1;0;(-8372848.9, 542845.9);0;Llamada;;Interruptor compuesto;SIN DIRECCION;No;No;DISTRIBUCION;Alimentador/Troncal MT;No
238;;5/10/2026;INC 146604254;;3458230A;ARRIEROS CTO 2;ARRIEROS;Ninguna;BOLM-369 (M-20A);0;0;1;TOLIMA NORTE;DISTRIBUCION TOLIMA;CELSIA - TOLIMA NORTE;CO-TOL-DI-CELSIA-TNORTE-NORTE;2580284A;;SANTA ISABEL 13.2 KV;MT-No Programada Con Interrupción;4;No;Permanente;;No;Despachado;No hay interrupción;0;Pendiente;L1 L3;14:34.7;1;0;Medium;1;0;(-8374646.8, 541021.5);0;Llamada;;Interruptor compuesto;SIN DIRECCION;No;No;DISTRIBUCION;Alimentador/Troncal MT;No
239;;5/10/2026;INC 146604268;;65558319;VERDESOL 13.2 KV;SALADO;Ninguna;BOLG-332 (M -114C);0;0;3;TOLIMA NORTE;DISTRIBUCION TOLIMA;CELSIA - TOLIMA CENTRO;CO-TOL-DI-CELSIA-TNORTE-CENTRO;RC1084;;VERDESOL 13.2 KV;MT-No Programada Con Interrupción;4;No;Permanente;;No;Despachado;Restaurado;0;Pendiente;L1;24:28.3;49;0;Low;1;0;(-8366833.0, 495722.1);0;Llamada;10:57.7;Interruptor compuesto;CRA 11CLL 122BB.SANPABLO;No;No;DISTRIBUCION;Alimentador/Troncal MT;No
240;;5/10/2026;INC 146604272;;1474741;VERGEL 2 13.2 KV;VERGEL;Ninguna;BOLV-398 (Apoyo);0;0;1;TOLIMA NORTE;DISTRIBUCION TOLIMA;CELSIA - TOLIMA CENTRO;CO-TOL-DI-CELSIA-TNORTE-CENTRO;;;VERGEL 2 13.2 KV;MT-No Programada Sin Interrupción;2;No;Permanente;;No;Despachado;No hay interrupción;0;Pendiente;L1 L2 L3;27:02.6;24;1;Raised;0;0;(-8368859.5, 496057.4);0;Llamada;;Transformador de consumidor;CLL 10 CON CRA 3 B/ LA GAVIOTA;No;No;DISTRIBUCION;Alimentador/Troncal MT;No
241;;5/10/2026;INC 146604274;;2741628A;LIBANO 2 13.2 KV;LIBANO;Ninguna;BOLV-370 (M-20B);0;0;1;TOLIMA NORTE;DISTRIBUCION TOLIMA;CELSIA - TOLIMA NORTE;CO-TOL-DI-CELSIA-TNORTE-NORTE;RB1814;;LIBANO 2 13.2 KV;MT-No Programada Con Interrupción;3;No;Permanente;VCD;No;Despachado;No hay interrupción;0;Pendiente;L1 L2 L3;28:18.5;1;0;Medium;1;0;(-8355074.3, 547477.0);0;Llamada;;Interruptor compuesto;VDA EL PARAISO FCA RAMBA RAMBA;No;No;CONEXION DISTRIBUCION;Alimentador/Troncal MT;No
242;;5/10/2026;INC 146604275;;65565161A;PICALEÑA 1 13.2 KV;PICALEÑA;Ninguna;BOLG-332 (M -114C);0;0;1;TOLIMA NORTE;DISTRIBUCION TOLIMA;CELSIA - TOLIMA CENTRO;CO-TOL-DI-CELSIA-TNORTE-CENTRO;1137301A;;PICALEÑA 1 13.2 KV;MT-No Programada Con Interrupción;2;No;Permanente;;No;Despachado;No hay interrupción;0;Pendiente;L1;29:16.7;82;2;High;1;0;(-8365072.1, 491191.6);0;Llamada;;Interruptor compuesto;CLL 144ACRA 15FSUR;No;No;DISTRIBUCION;Alimentador/Troncal MT;No
243;;5/10/2026;INC 146604294;;1134914A;CAJAMARCA 2 CT 1;NUEVA CAJAMARCA;Ninguna;BOLV-303;0;0;1;TOLIMA NORTE;DISTRIBUCION TOLIMA;CELSIA - TOLIMA CENTRO;CO-TOL-DI-CELSIA-TNORTE-CENTRO;;;CAJAMARCA 2 CT 1;MT-No Programada Con Interrupción;2;No;Permanente;;No;Despachado;No hay interrupción;0;No Realizado;L1;38:51.4;272;2;Raised;1;0;(-8396888.8, 494441.8);0;Llamada;;Interruptor compuesto;CRA 3Nº16-09CAJAMARCA-ANCIANATO;No;No;DISTRIBUCION;Alimentador/Troncal MT;No
244;;5/10/2026;INC 146604300;;66056848A;PALOCABILDO 3 13.2 KV;PALOCABILDO;Ninguna;BOLM-315 (I-15);0;0;1;TOLIMA NORTE;DISTRIBUCION TOLIMA;CELSIA - TOLIMA NORTE;CO-TOL-DI-CELSIA-TNORTE-NORTE;2543460A;;PALOCABILDO 3 13.2 KV;MT-No Programada Con Interrupción;4;No;Permanente;;No;Despachado;No hay interrupción;0;Cancelada;L3;40:08.1;22;0;Low;1;0;(-8343941.6, 567839.6);0;Llamada;;Interruptor compuesto;VDA LAJAS;No;No;DISTRIBUCION;Alimentador/Troncal MT;No
245;;5/10/2026;INC 146604308;;65954869;VERGEL 1 13.2 KV;VERGEL;Ninguna;BOLV-333 (M-8A);0;0;2;TOLIMA NORTE;DISTRIBUCION TOLIMA;CELSIA - TOLIMA CENTRO;CO-TOL-DI-CELSIA-TNORTE-CENTRO;L110;;VERGEL 1 13.2 KV;MT-No Programada Con Interrupción;4;No;Permanente;;No;Despachado;No hay interrupción;0;Pendiente;L1 L3;47:58.6;2;0;Medium;1;0;(-8370599.3, 495564.7);0;Llamada;;Interruptor compuesto;CRA 14AVAMBALAFTELACARBONERAENTRERIOS3;No;No;DISTRIBUCION;Alimentador/Troncal MT;No
246;;5/10/2026;INC 146604320;;2969494A;CAJAMARCA 2 CT 1;NUEVA CAJAMARCA;Ninguna;BOLV-303;0;0;1;TOLIMA NORTE;DISTRIBUCION TOLIMA;CELSIA - TOLIMA CENTRO;CO-TOL-DI-CELSIA-TNORTE-CENTRO;;;CAJAMARCA 2 CT 1;MT-No Programada Con Interrupción;2;No;Permanente;;No;Despachado;No hay interrupción;0;No Realizado;L1 L2;54:37.5;102;1;Raised;1;0;(-8396496.1, 494934.8);0;Llamada;;Interruptor compuesto;CLL 7 CRA 7 CENTRO;No;No;DISTRIBUCION;Alimentador/Troncal MT;No
247;;5/10/2026;INC 146604322;;2479785-A;FRESNO 3 13.2 KV;FRESNO;Ninguna;BOLM-316 (I-16);0;0;1;TOLIMA NORTE;DISTRIBUCION TOLIMA;CELSIA - TOLIMA NORTE;CO-TOL-DI-CELSIA-TNORTE-NORTE;S04232;;FRESNO 3 13.2 KV;MT-No Programada Con Interrupción;4;No;Permanente;;No;Despachado;No hay interrupción;0;Iniciada;L1 L2;56:19.6;25;0;Medium;1;0;(-8349439.1, 576501.5);0;Llamada;;Interruptor compuesto;VDA MIREYA PASO AL HATILLO;No;No;DISTRIBUCION;Alimentador/Troncal MT;No
248;;5/10/2026;INC 146604334;;65959585A;PAPAYO 7 13.2 KV;PAPAYO;Ninguna;BOLM-302 (I-2);0;0;1;TOLIMA NORTE;DISTRIBUCION TOLIMA;CELSIA - TOLIMA CENTRO;CO-TOL-DI-CELSIA-TNORTE-CENTRO;RB2109;;PAPAYO 7 13.2 KV;MT-No Programada Con Interrupción;4;No;Permanente;;No;Despachado;No hay interrupción;0;Pendiente;L1;03:16.3;26;0;Low;1;0;(-8366752.7, 486457.2);0;Llamada;;Interruptor compuesto;APARCO;No;No;DISTRIBUCION;Alimentador/Troncal MT;No
249;;5/10/2026;INC 146604337;;66040747A;ARBOLEDA 3 13.2 KV;ARBOLEDA;Ninguna;BOLG-332 (M -114C);0;0;1;TOLIMA NORTE;DISTRIBUCION TOLIMA;CELSIA - TOLIMA CENTRO;CO-TOL-DI-CELSIA-TNORTE-CENTRO;66788369C;;ARBOLEDA 3 13.2 KV;MT-No Programada Con Interrupción;4;No;Permanente;;No;Despachado;No hay interrupción;0;Pendiente;L1;04:41.3;36;0;Low;1;0;(-8365289.5, 490055.2);0;Llamada;;Interruptor compuesto;SIN INFORMACIÓN;No;No;DISTRIBUCION;Alimentador/Troncal MT;No
250;;5/10/2026;INC 146604341;;MP59739-A;LERIDA 3 13.2 KV;LERIDA;Ninguna;BOLM-371 (M-21A);0;0;1;TOLIMA NORTE;DISTRIBUCION TOLIMA;CELSIA - TOLIMA NORTE;CO-TOL-DI-CELSIA-TNORTE-NORTE;;;LERIDA 3 13.2 KV;MT-No Programada Con Interrupción;4;No;Permanente;;No;Despachado;No hay interrupción;0;Pendiente;L1 L2 L3;05:54.1;78;0;Medium;1;0;(-8338516.8, 542587.4);0;Llamada;;Interruptor compuesto;CRA 2ENº16-00;No;No;DISTRIBUCION;Alimentador/Troncal MT;No
251;;5/10/2026;INC 146604347;;2228866A;ARRIEROS CTO 3;ARRIEROS;Ninguna;BOLV-370 (M-20B);0;0;1;TOLIMA NORTE;DISTRIBUCION TOLIMA;CELSIA - TOLIMA NORTE;CO-TOL-DI-CELSIA-TNORTE-NORTE;RB1852;;ARRIEROS CTO 3;MT-No Programada Con Interrupción;4;No;Permanente;;No;Despachado;No hay interrupción;0;Pendiente;L1;13:52.1;14;0;Low;1;0;(-8354086.1, 555875.7);0;Llamada;;Interruptor compuesto;VDA MATEFIQUE;No;No;DISTRIBUCION;Alimentador/Troncal MT;No
252;;5/10/2026;INC 146604361;;65958732A;PAPAYO 2 13.2 KV;PAPAYO;Ninguna;BOLV-333 (M-8A);0;0;1;TOLIMA NORTE;DISTRIBUCION TOLIMA;CELSIA - TOLIMA CENTRO;CO-TOL-DI-CELSIA-TNORTE-CENTRO;RB2101;;PAPAYO 2 13.2 KV;MT-No Programada Con Interrupción;4;No;Permanente;;No;Despachado;No hay interrupción;0;Pendiente;L1;22:51.8;37;0;Medium;1;0;(-8373079.7, 494420.2);0;Llamada;;Interruptor compuesto;SECCIONAMIENTO PARA TRAANSFORMADOR DE DISTRIBUCION;No;No;DISTRIBUCION;Alimentador/Troncal MT;No
253;;5/10/2026;INC 146604386;;65968411;VERGEL 3 13.2 KV;VERGEL;Ninguna;BOLV-333 (M-8A);0;0;2;TOLIMA NORTE;DISTRIBUCION TOLIMA;CELSIA - TOLIMA CENTRO;CO-TOL-DI-CELSIA-TNORTE-CENTRO;RB1947;;VERGEL 3 13.2 KV;MT-No Programada Con Interrupción;3;No;Permanente;;No;Despachado;No hay interrupción;0;Pendiente;L1;39:29.8;238;0;Medium;1;0;(-8370202.9, 494837.2);0;Llamada;;Interruptor compuesto;SECCIONAMIENTO;No;No;DISTRIBUCION;Alimentador/Troncal MT;No
254;;5/10/2026;INC 146604389;;66654222-A;CAJAMARCA 2 13.2 KV;CAJAMARCA;Ninguna;BOLV-303;0;0;1;TOLIMA NORTE;DISTRIBUCION TOLIMA;CELSIA - TOLIMA CENTRO;CO-TOL-DI-CELSIA-TNORTE-CENTRO;66675165A;;CAJAMARCA 2 CT 2;MT-No Programada Con Interrupción;4;No;Permanente;;No;Despachado;No hay interrupción;0;Cancelada;L1;40:59.2;15;0;Low;1;0;(-8404022.8, 488290.2);0;Llamada;;Interruptor compuesto;VDA EL AGUILA FINCA LA ZAMARRIA;No;No;DISTRIBUCION;Alimentador/Troncal MT;No
255;;5/10/2026;INC 146604405;;66973980A;ARRIEROS CTO 2;ARRIEROS;Ninguna;BOLM-369 (M-20A);0;0;1;TOLIMA NORTE;DISTRIBUCION TOLIMA;CELSIA - TOLIMA NORTE;CO-TOL-DI-CELSIA-TNORTE-NORTE;RB2213;;ARRIEROS CTO 2;MT-No Programada Con Interrupción;4;No;Permanente;;No;Despachado;No hay interrupción;0;Pendiente;L1;50:47.8;8;0;Low;1;0;(-8364679.2, 542029.4);0;Llamada;;Interruptor compuesto;VDA PAJONALES;No;No;DISTRIBUCION;Alimentador/Troncal MT;No
256;;5/10/2026;INC 146604406;;3409807-A;URBANO 13.2 KV;ALVARADO;Ninguna;BOLV-312;0;0;1;TOLIMA NORTE;DISTRIBUCION TOLIMA;CELSIA - TOLIMA CENTRO;CO-TOL-DI-CELSIA-TNORTE-CENTRO;S08420;;URBANO 13.2 KV;MT-No Programada Con Interrupción;4;No;Permanente;;No;Despachado;No hay interrupción;0;Pendiente;L1;50:52.2;39;0;Medium;1;0;(-8344802.9, 508912.0);0;Llamada;;Interruptor compuesto;ESCUELA LA PALMITA;No;No;DISTRIBUCION;Alimentador/Troncal MT;Sí
257;;5/10/2026;INC 146604410;;66855430A;LIBANO 2 13.2 KV;LIBANO;Ninguna;BOLV-370 (M-20B);0;0;2;TOLIMA NORTE;DISTRIBUCION TOLIMA;CELSIA - TOLIMA NORTE;CO-TOL-DI-CELSIA-TNORTE-NORTE;S01601;;LIBANO 2 13.2 KV;MT-No Programada Con Interrupción;4;No;Permanente;;No;Despachado;No hay interrupción;0;Pendiente;L2;54:15.3;16;0;Low;1;0;(-8355754.3, 547985.1);0;Llamada;;Interruptor compuesto;CS 12;No;No;DISTRIBUCION;Alimentador/Troncal MT;No
258;;5/10/2026;INC 146604449;;1511645A;EL SALTO CTO 2 13.2 kV;EL SALTO;Ninguna;BOLV-365 (M-18C);0;0;1;TOLIMA NORTE;DISTRIBUCION TOLIMA;CELSIA - TOLIMA NORTE;CO-TOL-DI-CELSIA-TNORTE-CENTRO;65210193B;;EL SALTO CTO 2 13.2 kV;MT-No Programada Con Interrupción;2;No;Permanente;;No;Despachado;No hay interrupción;0;No Realizado;L1;26:50.3;57;2;Raised;1;0;(-8320264.9, 579576.8);0;Llamada;;Interruptor compuesto;CRA 17Nº4-24;No;No;DISTRIBUCION;Alimentador/Troncal MT;No
259;;5/10/2026;INC 146604454;;1337203-A;MARIQUITA 3 13.2 KV;MARIQUITA;Ninguna;BOLV-396 (Apoyo);0;0;1;TOLIMA NORTE;DISTRIBUCION TOLIMA;CELSIA - TOLIMA NORTE;CO-TOL-DI-CELSIA-TNORTE-NORTE;1337114A;;MARIQUITA 3 13.2 KV;MT-No Programada Con Interrupción;4;No;Permanente;;No;Despachado;No hay interrupción;0;Pendiente;L1;37:54.3;195;0;Medium;1;0;(-8336358.8, 579516.3);0;Llamada;;Interruptor compuesto;CRA 13ANo7-54;No;No;DISTRIBUCION;Alimentador/Troncal MT;No
260;;5/10/2026;INC 146604455;;1965735-A;BRISAS 3 13.2 KV;BRISAS;Ninguna;BOLG-332 (M -114C);0;0;1;TOLIMA NORTE;DISTRIBUCION TOLIMA;CELSIA - TOLIMA CENTRO;CO-TOL-DI-CELSIA-TNORTE-CENTRO;65930552B;;SAN JORGE 5 13.2 KV;MT-No Programada Con Interrupción;4;No;Permanente;;No;Despachado;No hay interrupción;0;Pendiente;L1;39:05.1;12;0;Medium;1;0;(-8377753.9, 491502.5);0;Llamada;;Interruptor compuesto;VDA BOQUERON;No;No;DISTRIBUCION;Alimentador/Troncal MT;No
261;;5/10/2026;INC 146604458;;1590227A;LERIDA 4 13.2 KV;LERIDA;Ninguna;BOLV-372 (M-21B);0;0;1;TOLIMA NORTE;DISTRIBUCION TOLIMA;CELSIA - TOLIMA NORTE;CO-TOL-DI-CELSIA-TNORTE-NORTE;1590154A;;LERIDA 4 13.2 KV;MT-No Programada Con Interrupción;4;No;Permanente;;No;Despachado;No hay interrupción;0;Pendiente;L2;41:43.7;104;0;Medium;1;0;(-8339012.0, 542549.4);0;Llamada;;Interruptor compuesto;CLL 14CRA 8A;No;No;DISTRIBUCION;Alimentador/Troncal MT;No
262;;5/10/2026;INC 146604462;;1587382;PAPAYO 4 13.2 KV;PAPAYO;Ninguna;BOLM-348(SERRATO GONZALEZ JOSE HUMBERTO;0;0;1;TOLIMA NORTE;DISTRIBUCION TOLIMA;CELSIA - TOLIMA CENTRO;CO-TOL-DI-CELSIA-TNORTE-CENTRO;;;PAPAYO 2 13.2 KV;MT-No Programada Sin Interrupción;2;No;Permanente;;No;Despachado;No hay interrupción;0;Pendiente;L1 L2 L3;42:51.3;117;1;Raised;0;0;(-8371809.5, 494648.7);0;Llamada;;Transformador de consumidor;CLL 54CRA 7CESQ;No;No;DISTRIBUCION;Alimentador/Troncal MT;No
263;;5/10/2026;INC 146604476;;65917394A;SAN JORGE 2 13.2 KV;SAN JORGE;Ninguna;BOLV-330 (M-114A);0;0;1;TOLIMA NORTE;DISTRIBUCION TOLIMA;CELSIA - TOLIMA CENTRO;CO-TOL-DI-CELSIA-TNORTE-CENTRO;S00089;;SAN JORGE 2 13.2 KV;MT-No Programada Con Interrupción;2;No;Permanente;;No;Despachado;No hay interrupción;0;Pendiente;L1;53:33.5;112;5;High;1;0;(-8374778.5, 494903.4);0;Llamada;;Interruptor compuesto;CRA 5Nº20-48;No;No;DISTRIBUCION;Alimentador/Troncal MT;No
264;;5/10/2026;INC 146604487;;S03471;REFUGIO 2 13.2 KV;REFUGIO;Ninguna;BOLV-363 (M-18A);0;0;1;TOLIMA NORTE;DISTRIBUCION TOLIMA;CELSIA - TOLIMA NORTE;CO-TOL-DI-CELSIA-TNORTE-NORTE;2406586A;;REFUGIO 2 13.2 KV;MT-No Programada Con Interrupción;5;No;Permanente;;No;Despachado;No hay interrupción;0;Pendiente;L1 L2 L3;02:13.1;1;0;Medium;1;0;(-8321572.5, 588281.7);0;Llamada;;Interruptor compuesto;SIN DIRECCION;No;No;DISTRIBUCION;Alimentador/Troncal MT;No
265;;5/10/2026;INC 146604489;;65928469A;BRISAS 2 13.2 KV;BRISAS;Ninguna;BOLV-330 (M-114A);0;0;1;TOLIMA NORTE;DISTRIBUCION TOLIMA;CELSIA - TOLIMA CENTRO;CO-TOL-DI-CELSIA-TNORTE-CENTRO;S00291;;PAPAYO 10 13.2 KV;MT-No Programada Con Interrupción;2;No;Permanente;;No;Despachado;No hay interrupción;0;Pendiente;L1;04:19.0;127;3;Raised;1;0;(-8375185.7, 493969.6);0;Llamada;;Interruptor compuesto;CRA 3 SUR No 22-14 BRR EL ARADO;No;No;DISTRIBUCION;Alimentador/Troncal MT;No
266;;5/10/2026;INC 146604499;;660666752A;EL SALTO CTO 3 A 13,2 kV;EL SALTO;Ninguna;BOLV-363 (M-18A);0;0;1;TOLIMA NORTE;DISTRIBUCION TOLIMA;CELSIA - TOLIMA NORTE;CO-TOL-DI-CELSIA-TNORTE-CENTRO;1373498A;;EL SALTO CTO 3 A 13,2 kV;MT-No Programada Con Interrupción;5;No;Permanente;;No;Despachado;No hay interrupción;0;Iniciada;L1 L3;16:25.3;1;0;Low;1;0;(-8327041.9, 582787.8);0;Llamada;;Interruptor compuesto;SIN DIRECCION;No;No;DISTRIBUCION;Alimentador/Troncal MT;No
267;;5/10/2026;INC 146604505;;66580253A;EL SALTO CTO 2 13.2 kV;EL SALTO;Ninguna;BOLV-363 (M-18A);0;0;1;TOLIMA NORTE;DISTRIBUCION TOLIMA;CELSIA - TOLIMA NORTE;CO-TOL-DI-CELSIA-TNORTE-CENTRO;1511840A;;EL SALTO CTO 2 13.2 kV;MT-No Programada Con Interrupción;4;No;Permanente;;No;Despachado;No hay interrupción;0;Pendiente;L3;20:23.9;10;0;Medium;1;0;(-8318032.9, 579885.1);0;Llamada;;Interruptor compuesto;FCA MONTE OSCURO;No;No;DISTRIBUCION;Alimentador/Troncal MT;No
268;;5/10/2026;INC 146604508;;65920689-A;SAN JORGE 3 13.2 KV;SAN JORGE;Ninguna;BOLV-330 (M-114A);0;0;1;TOLIMA NORTE;DISTRIBUCION TOLIMA;CELSIA - TOLIMA CENTRO;CO-TOL-DI-CELSIA-TNORTE-CENTRO;S30130;;SAN JORGE 3 13.2 KV;MT-No Programada Con Interrupción;4;No;Permanente;;No;Despachado;No hay interrupción;0;Pendiente;L1 L2;23:21.7;117;0;Medium;1;0;(-8375221.6, 494539.8);0;Llamada;;Interruptor compuesto;CALLE 18a 1-89;No;No;DISTRIBUCION;Alimentador/Troncal MT;No
269;;5/10/2026;INC 146604511;;2855381A;ANZOATEGUI 13.2 KV;SANTA ISABEL;Ninguna;BOLM-322 (I-22);0;0;1;TOLIMA NORTE;DISTRIBUCION TOLIMA;CELSIA - TOLIMA NORTE;CO-TOL-DI-CELSIA-TNORTE-NORTE;S08768;;ANZOATEGUI 13.2 KV;MT-No Programada Con Interrupción;4;No;Permanente;;No;Despachado;No hay interrupción;0;Pendiente;L2;25:29.8;21;0;Low;1;0;(-8354621.0, 519268.0);0;Llamada;;Interruptor compuesto;VDA CUMINA;No;No;DISTRIBUCION;Alimentador/Troncal MT;No
270;;5/10/2026;INC 146604518;;66066789A;PALOCABILDO 3 13.2 KV;PALOCABILDO;Ninguna;BOLM-320;0;0;1;TOLIMA NORTE;DISTRIBUCION TOLIMA;CELSIA - TOLIMA NORTE;CO-TOL-DI-CELSIA-TNORTE-NORTE;66752178A;;PALOCABILDO 3 13.2 KV;MT-No Programada Con Interrupción;4;No;Permanente;;No;Despachado;No hay interrupción;0;Pendiente;L1;37:03.5;24;0;Low;1;0;(-8347844.0, 565909.7);0;Llamada;;Interruptor compuesto;VDA LA LIBERTAD;No;No;DISTRIBUCION;Alimentador/Troncal MT;No
271;;5/10/2026;INC 146604519;;65161461-A;VERDESOL 13.2 KV;SALADO;Ninguna;BOLG-332 (M -114C);0;0;1;TOLIMA NORTE;DISTRIBUCION TOLIMA;CELSIA - TOLIMA CENTRO;CO-TOL-DI-CELSIA-TNORTE-CENTRO;RB2093;;VERDESOL 13.2 KV;MT-No Programada Con Interrupción;4;No;Permanente;;No;Despachado;Restaurado;0;Pendiente;L1;37:21.2;118;0;Medium;1;0;(-8365556.0, 495826.2);0;Llamada;10:57.5;Interruptor compuesto;CRA 9 Nº 14-77 CLL  139;No;No;DISTRIBUCION;Alimentador/Troncal MT;No
272;;5/10/2026;INC 146604520;;65939932-A;PAPAYO 4 13.2 KV;PAPAYO;Ninguna;BOLV-398 (Apoyo);0;0;1;TOLIMA NORTE;DISTRIBUCION TOLIMA;CELSIA - TOLIMA CENTRO;CO-TOL-DI-CELSIA-TNORTE-CENTRO;RB2120;;PAPAYO 4 13.2 KV;MT-No Programada Con Interrupción;4;No;Permanente;;No;Despachado;No hay interrupción;0;Pendiente;L1 L2 L3;37:53.3;60;0;Medium;1;0;(-8371329.9, 494944.7);0;Llamada;;Interruptor compuesto;CLL 65A CRA 9 ESQUINA;No;No;DISTRIBUCION;Alimentador/Troncal MT;No
273;;5/10/2026;INC 146604521;;2228408A;ARRIEROS CTO 3;ARRIEROS;Ninguna;BOLV-370 (M-20B);0;0;1;TOLIMA NORTE;DISTRIBUCION TOLIMA;CELSIA - TOLIMA NORTE;CO-TOL-DI-CELSIA-TNORTE-NORTE;RB1852;;ARRIEROS CTO 3;MT-No Programada Con Interrupción;5;No;Permanente;;No;Despachado;No hay interrupción;0;Pendiente;L2;39:16.3;4;0;Low;1;0;(-8356189.4, 551643.1);0;Llamada;;Interruptor compuesto;VDA BULGARIA;No;No;DISTRIBUCION;Alimentador/Troncal MT;No
274;;5/10/2026;INC 146604522;;2266504A;PAYANDE 2 13.2 KV;PAYANDE;Ninguna;BOLM-310 (I-10);21;0;2;TOLIMA NORTE;DISTRIBUCION TOLIMA;CELSIA - TOLIMA CENTRO;CO-TOL-DI-CELSIA-TNORTE-CENTRO;S08144;;PAYANDE 2 13.2 KV;MT-No Programada Con Interrupción;4;No;Permanente;;No;Despachado;No restablecido;0;Pendiente;L3;41:27.2;21;0;Medium;1;0;(-8368704.6, 457196.0);0;Llamada;;Interruptor compuesto;VEREDA TOMOGO SECTOR ESCUELA VIEJA;No;No;DISTRIBUCION;Alimentador/Troncal MT;Sí
275;;5/10/2026;INC 146604529;;66699722A;MARIQUITA 4 13.2 KV;MARIQUITA;Ninguna;BOLV-396 (Apoyo);0;0;1;TOLIMA NORTE;DISTRIBUCION TOLIMA;CELSIA - TOLIMA NORTE;CO-TOL-DI-CELSIA-TNORTE-NORTE;S07789;;MARIQUITA 4 13.2 KV;MT-No Programada Con Interrupción;5;No;Permanente;;No;Despachado;No hay interrupción;0;Pendiente;L1;49:32.8;2;0;Low;1;0;(-8346504.5, 586066.0);0;Llamada;;Interruptor compuesto;VDA EL MERCADO;No;No;DISTRIBUCION;Alimentador/Troncal MT;No
276;;5/10/2026;INC 146604535;;65626632A;VERGEL 2 13.2 KV;VERGEL;Ninguna;BOLM-348(SERRATO GONZALEZ JOSE HUMBERTO;0;0;3;TOLIMA NORTE;DISTRIBUCION TOLIMA;CELSIA - TOLIMA CENTRO;CO-TOL-DI-CELSIA-TNORTE-CENTRO;65966247B;;VERGEL 2 13.2 KV;MT-No Programada Con Interrupción;4;No;Permanente;;No;Despachado;No hay interrupción;0;Pendiente;L1 L2;56:01.9;183;0;Low;1;0;(-8368493.7, 495861.2);0;Llamada;;Interruptor compuesto;AV. AMBALA N° 98-31;No;No;DISTRIBUCION;Alimentador/Troncal MT;No
277;;5/10/2026;INC 146604536;;65942512-A;BRISAS 3 13.2 KV;BRISAS;Ninguna;BOLV-330 (M-114A);0;0;1;TOLIMA NORTE;DISTRIBUCION TOLIMA;CELSIA - TOLIMA CENTRO;CO-TOL-DI-CELSIA-TNORTE-CENTRO;65932970A;;SAN JORGE 5 13.2 KV;MT-No Programada Con Interrupción;4;No;Permanente;;No;Despachado;No hay interrupción;0;Pendiente;L2;56:05.6;69;0;Medium;1;0;(-8375686.8, 493029.8);0;Llamada;;Interruptor compuesto;CLL 27ACRA 10CSURMZ19CS23B.TERRAZASTEJAR;No;No;DISTRIBUCION;Alimentador/Troncal MT;No
278;;5/10/2026;INC 146604537;;65234599-A;BRISAS 3 13.2 KV;BRISAS;Ninguna;BOLV-330 (M-114A);0;0;1;TOLIMA NORTE;DISTRIBUCION TOLIMA;CELSIA - TOLIMA CENTRO;CO-TOL-DI-CELSIA-TNORTE-CENTRO;65928851A;;SAN JORGE 5 13.2 KV;MT-No Programada Con Interrupción;4;No;Permanente;;No;Despachado;No hay interrupción;0;Pendiente;L2;56:59.7;54;0;Medium;1;0;(-8375197.4, 493356.9);0;Llamada;;Interruptor compuesto;MZ H CS 1 BRR LA PRADERA;No;No;DISTRIBUCION;Alimentador/Troncal MT;No
279;;5/10/2026;INC 146604543;;4004316-A;EL TABLAZO 13.2 KV;PADUA;Ninguna;BOLM-319 (I-19);0;0;1;TOLIMA NORTE;DISTRIBUCION TOLIMA;CELSIA - TOLIMA NORTE;CO-TOL-DI-CELSIA-TNORTE-NORTE;S02419;;EL TABLAZO 13.2 KV;MT-No Programada Con Interrupción;4;No;Permanente;;No;Despachado;No hay interrupción;0;Pendiente;L1;59:10.0;19;0;Low;1;0;(-8359165.4, 578478.3);0;Llamada;;Interruptor compuesto;VDA CACHYPAI;No;No;DISTRIBUCION;Alimentador/Troncal MT;No
280;;5/10/2026;INC 146604544;INC 146603279;2070332A;URBANO 13.2 KV;ROVIRA;Ninguna;BOLM-302 (I-2);0;0;10;TOLIMA NORTE;DISTRIBUCION TOLIMA;CELSIA - TOLIMA CENTRO;CO-TOL-DI-CELSIA-TNORTE-CENTRO;RB2508;;PAPAYO 7 13.2 KV;MT-No Programada Con Interrupción;4;Sí;Permanente;;No;Despachado;Restaurado;0;Pendiente;L1 L2 L3;17:41.4;86;0;Low;1;0;(-8370222.0, 485318.4);0;Llamada;30:47.3;Interruptor compuesto;VRD SALITRE;No;No;DISTRIBUCION;Alimentador/Troncal MT;No
281;;5/10/2026;INC 146604545;INC 146603279;2070235-A;URBANO 13.2 KV;ROVIRA;Ninguna;BOLM-302 (I-2);0;0;8;TOLIMA NORTE;DISTRIBUCION TOLIMA;CELSIA - TOLIMA CENTRO;CO-TOL-DI-CELSIA-TNORTE-CENTRO;RB2508;;PAPAYO 7 13.2 KV;MT-No Programada Con Interrupción;4;Sí;Permanente;;No;Despachado;Restaurado;0;Pendiente;L1 L2;17:41.4;35;0;Medium;1;0;(-8370005.8, 486011.1);0;Llamada;30:47.3;Interruptor compuesto;VRD EL RODEO;No;No;DISTRIBUCION;Alimentador/Troncal MT;No
282;;5/10/2026;INC 146604546;INC 146603279;2066441-A;URBANO 13.2 KV;ROVIRA;Ninguna;BOLV-307;0;0;7;TOLIMA NORTE;DISTRIBUCION TOLIMA;CELSIA - TOLIMA CENTRO;CO-TOL-DI-CELSIA-TNORTE-CENTRO;S03894;;PAPAYO 7 13.2 KV;MT-No Programada Con Interrupción;2;Sí;Permanente;;No;Despachado;Restaurado;0;Pendiente;L2;17:41.4;39;2;Raised;1;0;(-8371493.5, 479655.7);0;Llamada;30:47.3;Interruptor compuesto;VDA CARMEN DE BULIRA;No;No;DISTRIBUCION;Alimentador/Troncal MT;No
283;;5/10/2026;INC 146604547;;65175576-A;CAJAMARCA 2 13.2 KV;CAJAMARCA;Ninguna;BOLV-303;0;0;1;TOLIMA NORTE;DISTRIBUCION TOLIMA;CELSIA - TOLIMA CENTRO;CO-TOL-DI-CELSIA-TNORTE-CENTRO;3474355B;;CAJAMARCA 2 CT 2;MT-No Programada Con Interrupción;4;No;Permanente;;No;Despachado;No hay interrupción;0;Cancelada;L1;00:19.9;17;0;Low;1;0;(-8406153.0, 489152.3);0;Llamada;;Interruptor compuesto;VDA LA LEONA;No;No;DISTRIBUCION;Alimentador/Troncal MT;Sí
284;;5/10/2026;INC 146604556;;66856224C;MARIQUITA 1 13.2 KV;MARIQUITA;Ninguna;BOLV-396 (Apoyo);0;0;1;TOLIMA NORTE;DISTRIBUCION TOLIMA;CELSIA - TOLIMA NORTE;CO-TOL-DI-CELSIA-TNORTE-NORTE;S02522;;MARIQUITA 3 13.2 KV;MT-No Programada Con Interrupción;4;No;Permanente;;No;Despachado;No hay interrupción;0;Pendiente;L2;05:57.1;11;0;Low;1;0;(-8338334.2, 574624.0);0;Llamada;;Interruptor compuesto;SIN DIRECCION;No;No;DISTRIBUCION;Alimentador/Troncal MT;No
285;;5/10/2026;INC 146604558;;1208748A;CAJAMARCA 2 CT 1;NUEVA CAJAMARCA;Ninguna;BOLV-303;0;0;1;TOLIMA NORTE;DISTRIBUCION TOLIMA;CELSIA - TOLIMA CENTRO;CO-TOL-DI-CELSIA-TNORTE-CENTRO;;;CAJAMARCA 2 CT 1;MT-No Programada Con Interrupción;4;No;Permanente;;No;Despachado;No hay interrupción;0;Pendiente;L3;06:59.3;13;0;Medium;1;0;(-8396667.9, 495021.3);0;Llamada;;Interruptor compuesto;CLL 9 CRA 8;No;No;DISTRIBUCION;Alimentador/Troncal MT;No
286;;5/10/2026;INC 146604561;;65921391A;SAN JORGE 4 13.2 KV;SAN JORGE;Ninguna;BOLM-348(SERRATO GONZALEZ JOSE HUMBERTO;0;0;2;TOLIMA NORTE;DISTRIBUCION TOLIMA;CELSIA - TOLIMA CENTRO;CO-TOL-DI-CELSIA-TNORTE-CENTRO;S00050;;SAN JORGE 4 13.2 KV;MT-No Programada Con Interrupción;4;No;Permanente;;No;Despachado;No hay interrupción;0;Pendiente;L1;07:28.6;134;0;Medium;1;0;(-8373012.3, 495015.3);0;Llamada;;Interruptor compuesto;CLL 37Nº9-42ESQ;No;No;DISTRIBUCION;Alimentador/Troncal MT;No
287;;5/10/2026;INC 146604570;;65915774-A;SAN JORGE 6 13.2 KV;SAN JORGE;Ninguna;BOLV-333 (M-8A);0;0;1;TOLIMA NORTE;DISTRIBUCION TOLIMA;CELSIA - TOLIMA CENTRO;CO-TOL-DI-CELSIA-TNORTE-CENTRO;RC1353;;SAN JORGE 6 13.2 KV;MT-No Programada Con Interrupción;2;No;Permanente;;No;Despachado;No hay interrupción;0;Cancelada;L1 L2 L3;11:18.8;225;11;High;1;0;(-8375403.0, 495307.9);0;Llamada;;Interruptor compuesto;CLL 14No6-14;No;No;DISTRIBUCION;Alimentador/Troncal MT;No
288;;5/10/2026;INC 146604589;;S00248;SAN JORGE 3 13.2 KV;SAN JORGE;Ninguna;BOLV-330 (M-114A);0;0;1;TOLIMA NORTE;DISTRIBUCION TOLIMA;CELSIA - TOLIMA CENTRO;CO-TOL-DI-CELSIA-TNORTE-CENTRO;65919842B;;SAN JORGE 3 13.2 KV;MT-No Programada Con Interrupción;2;No;Permanente;;No;Despachado;No hay interrupción;0;Pendiente;L1 L2 L3;21:54.3;9;2;High;1;0;(-8375709.8, 495029.7);0;Llamada;;Interruptor compuesto;AFLORAMIENTO BANCO GANADERO;No;No;DISTRIBUCION;Alimentador/Troncal MT;No
289;;5/10/2026;INC 146604593;;66582493A;SANTA ISABEL 13.2 KV;SANTA ISABEL;Ninguna;BOLM-325 (I-25);0;0;1;TOLIMA NORTE;DISTRIBUCION TOLIMA;CELSIA - TOLIMA NORTE;CO-TOL-DI-CELSIA-TNORTE-NORTE;4044240A;;SANTA ISABEL 13.2 KV;MT-No Programada Con Interrupción;5;No;Permanente;;No;Despachado;No hay interrupción;0;Pendiente;L3;24:15.0;3;0;Low;1;0;(-8359152.9, 529175.2);0;Llamada;;Interruptor compuesto;VDA BUENA VISTA;No;No;DISTRIBUCION;Alimentador/Troncal MT;No
290;;5/10/2026;INC 146604596;;66708020A;RURAL 13.2 KV;ROVIRA;Ninguna;BOLM-308 (I-59);0;0;1;TOLIMA NORTE;DISTRIBUCION TOLIMA;CELSIA - TOLIMA CENTRO;CO-TOL-DI-CELSIA-TNORTE-CENTRO;65085641A;;RURAL 13.2 KV;MT-No Programada Con Interrupción;2;No;Permanente;;No;Despachado;No hay interrupción;0;Pendiente;L1;26:32.2;60;2;Raised;1;0;(-8389414.4, 466934.8);0;Llamada;;Interruptor compuesto;PUENTE TUAMO;No;No;DISTRIBUCION;Alimentador/Troncal MT;No
291;;5/10/2026;INC 146604615;;65967561A;VERGEL 1 13.2 KV;VERGEL;Ninguna;;0;0;3;TOLIMA NORTE;DISTRIBUCION TOLIMA;CELSIA - TOLIMA CENTRO;CO-TOL-DI-CELSIA-TNORTE-CENTRO;65967502B;;VERGEL 1 13.2 KV;MT-No Programada Con Interrupción;4;No;Permanente;;No;Pendiente;No hay interrupción;0;;L1;36:36.3;16;0;Low;3;0;(-8372390.9, 498618.5);0;Llamada;;Interruptor compuesto;SECCIONAMEINTO ABMBALA;No;No;DISTRIBUCION;Alimentador/Troncal MT;No
292;;5/10/2026;INC 146604624;;65171139-A;LIBANO 1 13.2 KV;LIBANO;Ninguna;;0;0;1;TOLIMA NORTE;DISTRIBUCION TOLIMA;CELSIA - TOLIMA NORTE;CO-TOL-DI-CELSIA-TNORTE-NORTE;S1454587;;LIBANO 5 13.2 KV;MT-No Programada Con Interrupción;4;No;Permanente;;No;Pendiente;No hay interrupción;0;;L2;42:36.1;21;0;Medium;1;0;(-8356292.5, 548769.6);0;Llamada;;Interruptor compuesto;CLL 5 CRA 11;No;No;CONEXION DISTRIBUCION;Alimentador/Troncal MT;No
293;;5/10/2026;INC 146604637;;65133032-A;PAPAYO 7 13.2 KV;PAPAYO;Ninguna;;0;0;1;TOLIMA NORTE;DISTRIBUCION TOLIMA;CELSIA - TOLIMA CENTRO;CO-TOL-DI-CELSIA-TNORTE-CENTRO;65970521A;;PAPAYO 7 13.2 KV;MT-No Programada Con Interrupción;5;No;Permanente;;No;Pendiente;No hay interrupción;0;;L1;48:19.7;9;0;Low;1;0;(-8374296.6, 488670.9);0;Llamada;;Interruptor compuesto;VDA POTRERIO GRANDE;No;No;DISTRIBUCION;Alimentador/Troncal MT;No
294;;5/10/2026;INC 146604645;;65170523-A;REFUGIO 2 13.2 KV;REFUGIO;Ninguna;;0;0;1;TOLIMA NORTE;DISTRIBUCION TOLIMA;CELSIA - TOLIMA NORTE;CO-TOL-DI-CELSIA-TNORTE-NORTE;S03468;;REFUGIO 2 13.2 KV;MT-No Programada Con Interrupción;4;No;Permanente;;No;Pendiente;No hay interrupción;0;;L1;51:19.5;21;0;Low;1;0;(-8319188.9, 588662.3);0;Llamada;;Interruptor compuesto;VDA PERICO;No;No;DISTRIBUCION;Alimentador/Troncal MT;No
295;;5/10/2026;INC 146604656;;65002760-A;SAN JORGE 3 13.2 KV;SAN JORGE;Ninguna;;0;0;1;TOLIMA NORTE;DISTRIBUCION TOLIMA;CELSIA - TOLIMA CENTRO;CO-TOL-DI-CELSIA-TNORTE-CENTRO;;;SAN JORGE 3 13.2 KV;MT-No Programada Con Interrupción;2;No;Permanente;;No;Pendiente;No hay interrupción;0;;L1 L2 L3;59:23.0;150;3;High;1;0;(-8375337.1, 494711.4);0;Llamada;;Interruptor compuesto;CRA 2Nº17-37;No;No;DISTRIBUCION;Alimentador/Troncal MT;No
296;;5/10/2026;INC 146604658;;65916398-A;SAN JORGE 2 13.2 KV;SAN JORGE;Ninguna;;0;0;1;TOLIMA NORTE;DISTRIBUCION TOLIMA;CELSIA - TOLIMA CENTRO;CO-TOL-DI-CELSIA-TNORTE-CENTRO;S00215;;SAN JORGE 2 13.2 KV;MT-No Programada Con Interrupción;2;No;Permanente;;No;Pendiente;No hay interrupción;0;;L1 L3;00:33.8;63;1;High;1;0;(-8375869.2, 495339.0);0;Llamada;;Interruptor compuesto;CLL 10 Nº3-76;No;No;DISTRIBUCION;Alimentador/Troncal MT;No
