Navegador de incidentesNavegador de incidentes-02/10/2026 10:03:12.720;;;;;;;;;;;;;;;;;;;;;;;;;;;;;;;;;;;;;;;;;;;;;;;;
AND Grupo AOR contiene TN;;;;;;;;;;;;;;;;;;;;;;;;;;;;;;;;;;;;;;;;;;;;;;;;
Y Grupo AOR contiene ;;;;;;;;;;;;;;;;;;;;;;;;;;;;;;;;;;;;;;;;;;;;;;;;
Y Creado por contiene Lla;;;;;;;;;;;;;;;;;;;;;;;;;;;;;;;;;;;;;;;;;;;;;;;;
;;;;;;;;;;;;;;;;;;;;;;;;;;;;;;;;;;;;;;;;;;;;;;;;
#;Instrucción;Fecha de creación;Hora Creacion;Identificación;ID del Padre;Dispositivo;Circuito normal;Subestación;Causa;Cuadrillas;Clientes no restaurados;Críticos no restaurados.;Llamadas;Subregión;Región;Sector;Grupo AOR;Dispositivo aguas arriba;Usuario asignado;Circuito actual;Tipo;Prioridad;Está anidado;Carácter;Problema;Confirmado;Estado;Estado de energía;Tensión [kV];Estado de cuadrilla;Fases afectadas;Fecha de interrupción;Afectados;Afectados críticos;Prioridad del suscriptor;Transformadores de servicio;Restauración verificada;Localización del incidente;Eventos de medidor inteligente;Creado por;Hora de restauración real;Tipo de dispositivo;Dirección del dispositivo;Adjuntos;Tiene enlaces;Negocio;Subtipo;Esta anidado/acoplado
1;DP BT;22/09/2026;15:13:13.985;INC 145557822;;66944832A;LIBANO 3 13.2 KV;LIBANO;Alta vegetación;"BOLM-369 (M-20A); DP-CA-S-NorteTolima";0;0;3;TOLIMA NORTE;DISTRIBUCION TOLIMA;CELSIA - TOLIMA NORTE;CO-TOL-DI-CELSIA-TNORTE-NORTE;2589788A;;LIBANO 3 13.2 KV;MT-No Programada Con Interrupción;1;No;Permanente;LRD;Sí;Despachado;Restaurado;0;"Finalizada; Pendiente";L1;22/09/2026 15:13:13.916;8;0;Low;1;0;(-8349685.0, 540657.4);0;Llamada;01/10/2026 04:22:31.756;Interruptor compuesto;VDA CALIFORNIA;No;No;DISTRIBUCION;Alimentador/Troncal MT;Sí
2;DP;25/09/2026;10:26:03.442;INC 145561217;;65470969A;ARRIEROS CTO 2;ARRIEROS;Descargas atmosfericas;"BOLM-369 (M-20A); DP-CA-S-NorteTolima";0;0;3;TOLIMA NORTE;DISTRIBUCION TOLIMA;CELSIA - TOLIMA NORTE;CO-TOL-DI-CELSIA-TNORTE-NORTE;2433401A;;ARRIEROS CTO 2;MT-No Programada Con Interrupción;1;No;Permanente;;No;Despachado;Restaurado;0;"Finalizada; Pendiente";L1 L2;25/09/2026 10:26:03.362;3;0;Low;1;0;(-8357631.6, 547148.4);0;Llamada;01/10/2026 04:22:29.301;Interruptor compuesto;VDA EL AGRADO;No;No;DISTRIBUCION;Alimentador/Troncal MT;No
3;DP;25/09/2026;18:35:50.910;INC 145562009;;1855841-A;EL TABLAZO 13.2 KV;PADUA;Línea reventada;"BOLM-319 (I-19); DP-CA-S-NorteTolima";12;0;7;TOLIMA NORTE;DISTRIBUCION TOLIMA;CELSIA - TOLIMA NORTE;CO-TOL-DI-CELSIA-TNORTE-NORTE;S02413;;EL TABLAZO 13.2 KV;MT-No Programada Con Interrupción;1;No;Permanente;;Sí;Despachado;No restablecido;0;"Cancelada; Pendiente";L1 L2;24/09/2026 12:06:04.458;12;0;Low;1;0;(-8360109.9, 576141.4);0;Llamada;;Interruptor compuesto;VDA LA TRINCHERA;No;No;DISTRIBUCION;Alimentador/Troncal MT;No
4;DP BT;26/09/2026;11:50:41.921;INC 145562760;;SAC380605;HERVEO 2 13.2 KV;HERVEO;Línea reventada;"BOLM-318 (I-18); DP-CA-S-NorteTolima";0;0;13;TOLIMA NORTE;DISTRIBUCION TOLIMA;CELSIA - TOLIMA NORTE;CO-TOL-DI-CELSIA-TNORTE-NORTE;66967565A;;HERVEO 2 13.2 KV;MT-No Programada Con Interrupción;1;No;Permanente;;No;Despachado;No hay interrupción;0;"Cancelada; Pendiente";L2;26/09/2026 10:42:37.518;1;0;Low;0;0;(-8372206.5, 570489.0);0;Llamada;;Alimentador de clientes;VDA DELGADITAS FCA EL TRIUNFO;No;No;DISTRIBUCION;Transformador de Distribución MT;No
5;DP BT;26/09/2026;14:35:44.644;INC 145562926;;SAC167789;FRESNO 3 13.2 KV;FRESNO;Desconocida;"BOLM-316 (I-16); DP-CA-S-NorteTolima";0;0;1;TOLIMA NORTE;DISTRIBUCION TOLIMA;CELSIA - TOLIMA NORTE;CO-TOL-DI-CELSIA-TNORTE-NORTE;2479785-A;;FRESNO 3 13.2 KV;MT-No Programada Con Interrupción;1;No;Permanente;;No;Despachado;Restaurado;0;"No Realizado; Pendiente";L1;26/09/2026 14:35:44.571;1;0;Low;0;0;(-8349440.0, 576503.4);0;Llamada;01/10/2026 14:06:31.740;Alimentador de clientes;VDA EL ESPEJO;No;No;DISTRIBUCION;Alimentador/Troncal MT;No
6;DP;27/09/2026;07:03:10.511;INC 145563498;;66860213A;MARIQUITA 4 13.2 KV;MARIQUITA;Descargas atmosfericas;"BOLM-316 (I-16); DP-CA-S-NorteTolima";7;0;6;TOLIMA NORTE;DISTRIBUCION TOLIMA;CELSIA - TOLIMA NORTE;CO-TOL-DI-CELSIA-TNORTE-NORTE;2302926A;;MARIQUITA 4 13.2 KV;MT-No Programada Con Interrupción;1;No;Permanente;;Sí;Despachado;No restablecido;0;"Finalizada; Pendiente";L1 L2;27/09/2026 07:03:10.448;7;0;Low;1;0;(-8345318.6, 579839.8);0;Llamada;;Interruptor compuesto;VDA EL MERCADO;No;No;DISTRIBUCION;Alimentador/Troncal MT;No
7;DP ;27/09/2026;12:46:09.311;INC 145563832;;S06403;LIBANO 3 13.2 KV;LIBANO;Línea reventada;"BOLM-371 (M-21A); DP-CA-S-NorteTolima";22;1;1;TOLIMA NORTE;DISTRIBUCION TOLIMA;CELSIA - TOLIMA NORTE;CO-TOL-DI-CELSIA-TNORTE-NORTE;4036837A;;LIBANO 3 13.2 KV;MT-No Programada Con Interrupción;1;No;Permanente;;Sí;Despachado;No restablecido;0;"Cancelada; Pendiente";L1 L2 L3;27/09/2026 12:46:09.263;22;1;High;4;0;(-8347996.1, 539194.5);0;Llamada;;Interruptor compuesto;VDA SAN JOSE FCA ALTO DEL MIEDO;No;No;DISTRIBUCION;Alimentador/Troncal MT;No
8;DP BT ;27/09/2026;16:03:07.678;INC 145564006;;66800083REPA;HERVEO 2 13.2 KV;HERVEO;Línea reventada;"BOLM-318 (I-18); DP-CA-S-NorteTolima";0;0;2;TOLIMA NORTE;DISTRIBUCION TOLIMA;CELSIA - TOLIMA NORTE;CO-TOL-DI-CELSIA-TNORTE-NORTE;S04017;;HERVEO 2 13.2 KV;MT-No Programada Con Interrupción;1;No;Permanente;;No;Despachado;No hay interrupción;0;"No Realizado; Pendiente";L1 L2;27/09/2026 16:03:07.585;10;0;Low;1;0;(-8379516.1, 568948.8);0;Llamada;;Interruptor compuesto;VDA DELGADITAS;No;No;DISTRIBUCION;Alimentador/Troncal MT;No
9;DP BT;6/09/2026;08:20:47.959;INC 146583116;;SAC277912;JUNIN 13.2 KV;SANTA ISABEL;Poste averiado;"BOLM-328 (I-28); CUAD-356";0;0;1;TOLIMA NORTE;DISTRIBUCION TOLIMA;CELSIA - TOLIMA NORTE;CO-TOL-DI-CELSIA-TNORTE-NORTE;2227576-A;;JUNIN 13.2 KV;MT-No Programada Con Interrupción;1;No;Permanente;;No;Despachado;Restaurado;0;"No Realizado; Pendiente";L2;06/09/2026 08:20:47.889;1;0;Low;0;0;(-8352607.3, 541317.6);0;Llamada;01/10/2026 15:18:00.944;Alimentador de clientes;VDA SARAGOZA FCA EL CHUZO;No;No;DISTRIBUCION;Alimentador/Troncal MT;No
10;DP BT;15/09/2026;12:48:37.499;INC 146589868;;SAC199819;LIBANO 3 13.2 KV;LIBANO;Línea reventada;"BOLM-369 (M-20A); DP-CA-S-NorteTolima";0;0;2;TOLIMA NORTE;DISTRIBUCION TOLIMA;CELSIA - TOLIMA NORTE;CO-TOL-DI-CELSIA-TNORTE-NORTE;66060438A;;LIBANO 3 13.2 KV;MT-No Programada Con Interrupción;1;No;Permanente;;No;Despachado;Restaurado;0;"Finalizada; Pendiente";L2;15/09/2026 12:48:37.428;1;0;Low;0;0;(-8352907.2, 542661.7);0;Llamada;01/10/2026 04:22:31.756;Alimentador de clientes;VDA EL TESORO FCA EL JARDIN;No;No;DISTRIBUCION;Transformador de Distribución MT;Sí
11;DP BT;15/09/2026;13:40:16.677;INC 146589912;;SAC585474;MARIQUITA 4 13.2 KV;MARIQUITA;Alta vegetación;"BOLV-396 (Apoyo); DP-CA-S-NorteTolima";0;0;2;TOLIMA NORTE;DISTRIBUCION TOLIMA;CELSIA - TOLIMA NORTE;CO-TOL-DI-CELSIA-TNORTE-NORTE;2295342-A;;MARIQUITA 4 13.2 KV;MT-No Programada Con Interrupción;1;No;Permanente;;No;Despachado;Restaurado;0;"Finalizada; Pendiente";L1;15/09/2026 13:40:16.590;1;0;Low;0;0;(-8342923.8, 586780.6);0;Llamada;01/10/2026 07:12:31.229;Alimentador de clientes;VDA GUACAS EL ROSAL;No;No;DISTRIBUCION;Alimentador/Troncal MT;No
12;DP-BT;18/09/2026;20:24:28.538;INC 146592647;;SAC542069;ARRIEROS CTO 1;ARRIEROS;Línea reventada;"BOLM-371 (M-21A); DP-CA-S-NorteTolima";0;0;1;TOLIMA NORTE;DISTRIBUCION TOLIMA;CELSIA - TOLIMA NORTE;CO-TOL-DI-CELSIA-TNORTE-NORTE;2223341A;;ARRIEROS CTO 1;MT-No Programada Con Interrupción;1;No;Permanente;;No;Despachado;Restaurado;0;"Finalizada; Pendiente";L2;18/09/2026 20:24:28.470;1;0;None;0;0;(-8345359.2, 545951.0);0;Llamada;27/09/2026 02:44:12.917;Alimentador de clientes;VDA PANTANILLO FCA TEREVINTO YASPA EL ORIENTE;No;No;DISTRIBUCION;Alimentador/Troncal MT;No
13;DP BT;19/09/2026;10:21:35.524;INC 146592919;;SAC142328;ANZOATEGUI 13.2 KV;SANTA ISABEL;Línea reventada;"BOLM-322 (I-22); DP-CA-S-NorteTolima";0;0;1;TOLIMA NORTE;DISTRIBUCION TOLIMA;CELSIA - TOLIMA NORTE;CO-TOL-DI-CELSIA-TNORTE-NORTE;2810468-A;;ANZOATEGUI 13.2 KV;MT-No Programada Con Interrupción;1;No;Permanente;;No;Despachado;Restaurado;0;"No Realizado; Pendiente";L1;19/09/2026 10:21:35.463;1;0;Low;0;0;(-8358128.0, 515101.1);0;Llamada;01/10/2026 15:18:00.944;Alimentador de clientes;VDA LAS CAMELIAS FCA LA ESPERANZA;No;No;DISTRIBUCION;Alimentador/Troncal MT;No
14;;28/09/2026;10:58:28.406;INC 146595011;;65567768A;PASTALES 13.2 KV;CHAPETON;Desconocida;BOLV-337;0;0;1;TOLIMA NORTE;DISTRIBUCION TOLIMA;CELSIA - TOLIMA CENTRO;CO-TOL-DI-CELSIA-TNORTE-CENTRO;RC1087;;PASTALES 13.2 KV;MT-No Programada Con Interrupción;1;No;Permanente;;No;Despachado;Restaurado;0;Pendiente;L1;28/09/2026 10:58:28.344;65;0;Medium;1;0;(-8381678.8, 501800.5);0;Llamada;28/09/2026 16:04:25.476;Interruptor compuesto;VDA PUERTA PERU;No;No;DISTRIBUCION;Alimentador/Troncal MT;No
15;;28/09/2026;12:53:00.154;INC 146595223;;2659433A;ARRIEROS CTO 3;ARRIEROS;Desconocida;BOLM-314 (I-14);0;0;1;TOLIMA NORTE;DISTRIBUCION TOLIMA;CELSIA - TOLIMA NORTE;CO-TOL-DI-CELSIA-TNORTE-NORTE;MP199193A;;HERVEO 2 13.2 KV;MT-No Programada Con Interrupción;1;No;Permanente;;No;Despachado;Restaurado;0;Pendiente;L1;28/09/2026 12:53:00.098;5;1;Raised;1;0;(-8368861.3, 555455.2);0;Llamada;30/09/2026 23:24:03.536;Interruptor compuesto;VDA LA SAMARIA;No;No;DISTRIBUCION;Alimentador/Troncal MT;No
16;DP ;28/09/2026;16:22:46.546;INC 146595543;;2228807A;ARRIEROS CTO 3;ARRIEROS;Transformador distribución averiado;"BOLV-370 (M-20B); DP-CA-S-NorteTolima";25;2;5;TOLIMA NORTE;DISTRIBUCION TOLIMA;CELSIA - TOLIMA NORTE;CO-TOL-DI-CELSIA-TNORTE-NORTE;66593551A;;ARRIEROS CTO 3;MT-No Programada Con Interrupción;1;No;Permanente;;Sí;Despachado;No restablecido;0;"Cancelada; Pendiente";L1 L3;28/09/2026 16:22:46.465;25;2;Raised;1;0;(-8359750.9, 553315.6);0;Llamada;;Interruptor compuesto;VEREDA LA PLAYA VIA GUADALITO;No;No;DISTRIBUCION;Alimentador/Troncal MT;No
17;DP;28/09/2026;19:10:17.211;INC 146595711;;"2250161A; 66613569A";URBANO 13.2 KV;ROVIRA;Transformador distribución averiado;"BOLV-307; CUAD-306";652;16;6;TOLIMA NORTE;DISTRIBUCION TOLIMA;CELSIA - TOLIMA CENTRO;CO-TOL-DI-CELSIA-TNORTE-CENTRO;2250161A;;URBANO 13.2 KV;MT-No Programada Con Interrupción;1;No;Permanente;;Sí;Despachado;No restablecido;"0; 0";"Finalizada; Pendiente";"L1 L2; L1 L2 L3";28/09/2026 19:10:17.180;652;16;Raised;58;0;(-8382126.9, 473503.1);0;Llamada;;"Interruptor compuesto; Interruptor compuesto";"VEREDA LA LUISA SECTOR COLEGIO; VDA SAN FRANCISCO";No;No;DISTRIBUCION;Alimentador/Troncal MT;Sí
18;DP;29/09/2026;05:40:48.391;INC 146595886;;2072947-A;GUAYABAL 2 13.2 KV;GUAYABAL;Transformador distribución averiado;"BOLV-363 (M-18A); DP-CA-S-NorteTolima";22;0;4;TOLIMA NORTE;DISTRIBUCION TOLIMA;CELSIA - TOLIMA NORTE;CO-TOL-DI-CELSIA-TNORTE-NORTE;66026701B;;GUAYABAL 2 13.2 KV;MT-No Programada Con Interrupción;1;No;Permanente;;Sí;Despachado;No restablecido;0;"Finalizada; Pendiente";L2;29/09/2026 05:40:48.333;22;0;Low;1;0;(-8316963.3, 558376.7);0;Llamada;;Interruptor compuesto;FCA PARCELAS;No;No;DISTRIBUCION;Alimentador/Troncal MT;No
19;DP;29/09/2026;06:24:34.543;INC 146595905;;66695972AA;LERIDA 5 13.2 KV;LERIDA;Línea reventada;"BOLM-371 (M-21A); DP-CA-S-NorteTolima";19;0;8;TOLIMA NORTE;DISTRIBUCION TOLIMA;CELSIA - TOLIMA NORTE;CO-TOL-DI-CELSIA-TNORTE-NORTE;;;LERIDA 5 13.2 KV;MT-No Programada Con Interrupción;1;No;Permanente;;Sí;Despachado;No restablecido;0;"No Realizado; Pendiente";L1 L2 L3;29/09/2026 06:24:34.387;19;0;Medium;5;0;(-8335648.4, 540309.3);0;Llamada;;Interruptor compuesto;VDA GARCIA;No;No;DISTRIBUCION;Alimentador/Troncal MT;No
20;DP ;29/09/2026;06:38:02.488;INC 146595917;;66695743A;EL TABLAZO 13.2 KV;PADUA;Transformador distribución averiado;"BOLM-319 (I-19); DP-CA-S-NorteTolima";32;0;5;TOLIMA NORTE;DISTRIBUCION TOLIMA;CELSIA - TOLIMA NORTE;CO-TOL-DI-CELSIA-TNORTE-NORTE;RB2546;;EL TABLAZO 13.2 KV;MT-No Programada Con Interrupción;1;No;Permanente;TRD;Sí;Despachado;No restablecido;0;"Cancelada; Pendiente";L2 L3;29/09/2026 06:38:02.418;32;0;Low;1;0;(-8356263.9, 578402.3);0;Llamada;;Interruptor compuesto;VDA BARRETO;No;No;DISTRIBUCION;Alimentador/Troncal MT;No
21;DP;29/09/2026;06:42:30.039;INC 146595922;;S06483;FRESNO 3 13.2 KV;FRESNO;Desconocida;DP-CA-S-NorteTolima;0;0;13;TOLIMA NORTE;DISTRIBUCION TOLIMA;CELSIA - TOLIMA NORTE;CO-TOL-DI-CELSIA-TNORTE-NORTE;S06481;;FRESNO 3 13.2 KV;MT-No Programada Con Interrupción;1;No;Permanente;;No;Despachado;Restaurado;0;Cancelada;L3;27/09/2026 07:45:34.153;27;0;Low;1;0;(-8352880.9, 578405.8);0;Llamada;01/10/2026 01:50:09.674;Interruptor compuesto;SIN DIRECCION;No;No;DISTRIBUCION;Alimentador/Troncal MT;No
22;;29/09/2026;07:46:19.831;INC 146596010;;4036819-A;LIBANO 3 13.2 KV;LIBANO;Desconocida;BOLM-371 (M-21A);0;0;2;TOLIMA NORTE;DISTRIBUCION TOLIMA;CELSIA - TOLIMA NORTE;CO-TOL-DI-CELSIA-TNORTE-NORTE;4036837A;;LIBANO 3 13.2 KV;MT-No Programada Con Interrupción;1;No;Permanente;;No;Despachado;Restaurado;0;Pendiente;L1;29/09/2026 07:46:19.787;11;0;Low;1;0;(-8347208.9, 539695.6);0;Llamada;01/10/2026 04:22:31.756;Interruptor compuesto;VDA CARABALI;No;No;DISTRIBUCION;Alimentador/Troncal MT;No
23;DP;29/09/2026;09:08:34.792;INC 146596134;;66586571A;GUAYABAL 2 13.2 KV;GUAYABAL;Desconocida;"BOLM-362; DP-CA-S-NorteTolima";6;0;1;TOLIMA NORTE;DISTRIBUCION TOLIMA;CELSIA - TOLIMA NORTE;CO-TOL-DI-CELSIA-TNORTE-NORTE;66586588C;;GUAYABAL 2 13.2 KV;MT-No Programada Con Interrupción;1;No;Permanente;;Sí;Despachado;No restablecido;0;"Finalizada; Pendiente";L1 L3;29/09/2026 09:08:34.745;6;0;Low;1;0;(-8331586.6, 554735.1);0;Llamada;;Interruptor compuesto;VDA MARACAIBO;No;No;DISTRIBUCION;Alimentador/Troncal MT;No
24;;29/09/2026;10:21:34.261;INC 146596246;;1284908;LA VEGA 13.2 KV;CHAPETON;Desconocida;BOLM-330;0;0;2;TOLIMA NORTE;DISTRIBUCION TOLIMA;CELSIA - TOLIMA CENTRO;CO-TOL-DI-CELSIA-TNORTE-CENTRO;;;LA VEGA 13.2 KV;MT-No Programada Sin Interrupción;1;No;Permanente;RSL;No;Despachado;No hay interrupción;0;Cancelada;L1 L2;29/09/2026 10:20:52.225;8;0;Low;0;0;(-8387753.0, 493405.0);0;Llamada;;Transformador de consumidor;VDA PEÑARADAS PARTE ALTA;No;No;DISTRIBUCION;Alimentador/Troncal MT;No
25;;29/09/2026;11:54:52.906;INC 146596359;;2077531-A;JUNIN 13.2 KV;SANTA ISABEL;Desconocida;BOLV-370 (M-20B);0;0;1;TOLIMA NORTE;DISTRIBUCION TOLIMA;CELSIA - TOLIMA NORTE;CO-TOL-DI-CELSIA-TNORTE-NORTE;65270978A;;JUNIN 13.2 KV;MT-No Programada Con Interrupción;1;No;Permanente;;No;Despachado;Restaurado;0;Cancelada;L2;29/09/2026 11:54:52.845;19;0;Low;1;0;(-8359089.8, 537432.1);0;Llamada;01/10/2026 15:18:00.944;Interruptor compuesto;VDA SAN FERNANDO;No;No;DISTRIBUCION;Alimentador/Troncal MT;No
26;;29/09/2026;12:48:54.691;INC 146596411;;SW21335;LIBANO 3 13.2 KV;LIBANO;Desconocida;BOLM-371 (M-21A);0;0;5;TOLIMA NORTE;DISTRIBUCION TOLIMA;CELSIA - TOLIMA NORTE;CO-TOL-DI-CELSIA-TNORTE-NORTE;4036837A;;LIBANO 3 13.2 KV;MT-No Programada Con Interrupción;1;No;Permanente;;No;Despachado;Restaurado;0;Pendiente;L1;29/09/2026 12:48:54.638;25;0;Low;1;0;(-8348077.0, 539379.3);0;Llamada;01/10/2026 04:22:31.756;Interruptor compuesto;SIN DIRECCION;No;No;DISTRIBUCION;Alimentador/Troncal MT;No
27;DP;29/09/2026;14:05:55.521;INC 146596491;;66856054A;PALOCABILDO 3 13.2 KV;PALOCABILDO;Transformador distribución averiado;"BOLM-320; DP-CA-S-NorteTolima";5;0;7;TOLIMA NORTE;DISTRIBUCION TOLIMA;CELSIA - TOLIMA NORTE;CO-TOL-DI-CELSIA-TNORTE-NORTE;;;PALOCABILDO 3 13.2 KV;MT-No Programada Con Interrupción;1;No;Permanente;;Sí;Despachado;No restablecido;0;"Finalizada; Pendiente";L1 L3;29/09/2026 07:07:41.290;5;0;Low;1;0;(-8348369.5, 569916.8);0;Llamada;;Interruptor compuesto;VDA PAVAS;No;No;DISTRIBUCION;Alimentador/Troncal MT;No
28;DP;29/09/2026;14:10:31.773;INC 146596499;;66858863A;ARRIEROS CTO 1;ARRIEROS;Cortacircuito averiado;"BOLV-372 (M-21B); DP-CA-S-NorteTolima";0;0;4;TOLIMA NORTE;DISTRIBUCION TOLIMA;CELSIA - TOLIMA NORTE;CO-TOL-DI-CELSIA-TNORTE-NORTE;2417928A;;ARRIEROS CTO 1;MT-No Programada Con Interrupción;1;No;Permanente;;Sí;Despachado;No hay interrupción;0;"No Realizado; Pendiente";L1 L3;29/09/2026 14:10:31.629;0;0;None;1;0;(-8345129.7, 550515.8);0;Llamada;;Interruptor compuesto;VDA SAN ANTONIO;No;No;DISTRIBUCION;Alimentador/Troncal MT;No
29;;29/09/2026;15:10:16.759;INC 146596554;;3461601A;ARRIEROS CTO 2;ARRIEROS;Desconocida;BOLM-369 (M-20A);0;0;1;TOLIMA NORTE;DISTRIBUCION TOLIMA;CELSIA - TOLIMA NORTE;CO-TOL-DI-CELSIA-TNORTE-NORTE;3461597A;;SANTA ISABEL 13.2 KV;MT-No Programada Con Interrupción;1;No;Permanente;;No;Despachado;Restaurado;0;Pendiente;L1 L2;29/09/2026 15:10:16.560;1;0;Low;1;0;(-8362358.7, 537525.6);0;Llamada;01/10/2026 15:18:00.944;Interruptor compuesto;VDA LA PICOTA;No;No;DISTRIBUCION;Alimentador/Troncal MT;No
30;DP;29/09/2026;16:59:53.485;INC 146596650;;2077302-A;MARIQUITA 4 13.2 KV;MARIQUITA;Transformador distribución averiado;"BOLV-366 (M-19C); DP-CA-S-NorteTolima";8;0;7;TOLIMA NORTE;DISTRIBUCION TOLIMA;CELSIA - TOLIMA NORTE;CO-TOL-DI-CELSIA-TNORTE-NORTE;2303949A;;MARIQUITA 4 13.2 KV;MT-No Programada Con Interrupción;1;No;Permanente;;Sí;Despachado;No restablecido;0;"Cancelada; Pendiente";L1 L2;29/09/2026 05:01:38.392;8;0;Low;1;0;(-8341139.0, 583398.1);0;Llamada;;Interruptor compuesto;VDA MAL PASO;No;No;DISTRIBUCION;Transformador de Distribución MT;No
31;;30/09/2026;05:53:30.345;INC 146596851;;66974091A;LERIDA 3 13.2 KV;LERIDA;Desconocida;BOLV-372 (M-21B);0;0;1;TOLIMA NORTE;DISTRIBUCION TOLIMA;CELSIA - TOLIMA NORTE;CO-TOL-DI-CELSIA-TNORTE-NORTE;S07974;;LERIDA 3 13.2 KV;MT-No Programada Con Interrupción;1;No;Permanente;;No;Despachado;Restaurado;0;Pendiente;L1;30/09/2026 05:53:30.305;3;0;Medium;1;0;(-8333687.9, 544402.4);0;Llamada;01/10/2026 07:58:12.103;Interruptor compuesto;VDA LA INSULA;No;No;DISTRIBUCION;Alimentador/Troncal MT;Sí
32;DP;30/09/2026;05:59:52.689;INC 146596853;;65578123A;PALOCABILDO 3 13.2 KV;PALOCABILDO;Alta vegetación;"BOLM-321 (I-21); CUAD-353";37;1;10;TOLIMA NORTE;DISTRIBUCION TOLIMA;CELSIA - TOLIMA NORTE;CO-TOL-DI-CELSIA-TNORTE-NORTE;RB2653;;PALOCABILDO 3 13.2 KV;MT-No Programada Con Interrupción;1;No;Permanente;;Sí;Despachado;No restablecido;0;"Finalizada; Pendiente";L1 L2 L3;30/09/2026 10:33:29.663;37;1;Raised;1;0;(-8345493.8, 572275.4);0;Llamada;;Interruptor compuesto;VDA LA LINDA FINCA EL PARAISO FALAN;No;No;DISTRIBUCION;Alimentador/Troncal MT;No
33;;30/09/2026;06:58:51.742;INC 146596891;;66047059A;LA VEGA 13.2 KV;CHAPETON;Desconocida;BOLV-337;0;0;8;TOLIMA NORTE;DISTRIBUCION TOLIMA;CELSIA - TOLIMA CENTRO;CO-TOL-DI-CELSIA-TNORTE-CENTRO;1847686A;;LA VEGA 13.2 KV;MT-No Programada Con Interrupción;1;No;Permanente;;No;Despachado;Restaurado;0;Pendiente;L1;30/09/2026 06:58:51.711;26;0;Low;1;0;(-8383765.5, 494445.3);0;Llamada;01/10/2026 07:17:19.479;Interruptor compuesto;VRD CATAIMITA;No;No;DISTRIBUCION;Alimentador/Troncal MT;No
34;;30/09/2026;07:21:03.808;INC 146596902;;S06396;MARIQUITA 4 13.2 KV;MARIQUITA;Desconocida;BOLV-368 (M-19B);0;0;4;TOLIMA NORTE;DISTRIBUCION TOLIMA;CELSIA - TOLIMA NORTE;CO-TOL-DI-CELSIA-TNORTE-NORTE;S07781;;MARIQUITA 4 13.2 KV;MT-No Programada Con Interrupción;1;No;Permanente;;No;Despachado;Restaurado;0;Pendiente;L1 L2;30/09/2026 07:21:03.761;32;0;Low;4;0;(-8339403.0, 584926.5);0;Llamada;01/10/2026 07:12:31.229;Interruptor compuesto;SIN DIRECCION;No;No;DISTRIBUCION;Alimentador/Troncal MT;No
35;DP;30/09/2026;07:43:53.651;INC 146596923;;66677567REPA;CAJAMARCA 2 CT 2;NUEVA CAJAMARCA;Línea reventada;"BOLM-301 (I-1); DP-CA-S-CentroTolima";16;0;7;TOLIMA NORTE;DISTRIBUCION TOLIMA;CELSIA - TOLIMA CENTRO;CO-TOL-DI-CELSIA-TNORTE-CENTRO;;;CAJAMARCA 2 CT 2;MT-No Programada Con Interrupción;1;No;Permanente;;Sí;Despachado;No restablecido;0;"Finalizada; Pendiente";L1 L2;30/09/2026 07:43:53.601;16;0;Low;1;0;(-8385458.0, 491788.9);0;Llamada;;Interruptor compuesto;PERICO PARTE ALTA FINCA MARIA SANTISIMA;No;No;DISTRIBUCION;Alimentador/Troncal MT;No
36;DP BT;30/09/2026;09:31:15.227;INC 146597044;;66582078A;FRESNO 3 13.2 KV;FRESNO;Poste averiado;"BOLV-317; DP-CA-S-NorteTolima";0;0;2;TOLIMA NORTE;DISTRIBUCION TOLIMA;CELSIA - TOLIMA NORTE;CO-TOL-DI-CELSIA-TNORTE-NORTE;66752755A;;FRESNO 3 13.2 KV;MT-No Programada Con Interrupción;1;No;Permanente;;No;Despachado;Restaurado;0;"Finalizada; Pendiente";L1 L3;30/09/2026 09:31:15.178;49;1;Raised;1;0;(-8358151.5, 574715.1);0;Llamada;01/10/2026 01:50:09.674;Interruptor compuesto;VDA ALEGRIAS;No;No;DISTRIBUCION;Alimentador/Troncal MT;Sí
37;;30/09/2026;10:02:31.582;INC 146597079;;2591707-A;LIBANO 3 13.2 KV;LIBANO;Desconocida;BOLV-370 (M-20B);0;0;1;TOLIMA NORTE;DISTRIBUCION TOLIMA;CELSIA - TOLIMA NORTE;CO-TOL-DI-CELSIA-TNORTE-NORTE;S06390;;LIBANO 3 13.2 KV;MT-No Programada Con Interrupción;1;No;Permanente;;No;Despachado;Restaurado;0;Cancelada;L1;30/09/2026 10:02:31.515;14;0;Low;1;0;(-8348860.0, 546731.9);0;Llamada;01/10/2026 04:22:31.756;Interruptor compuesto;VDA PATIO BONITO;No;No;DISTRIBUCION;Alimentador/Troncal MT;Sí
38;;30/09/2026;10:17:55.682;INC 146597095;;SAC198678;LIBANO 3 13.2 KV;LIBANO;Ninguna;BOLV-370 (M-20B);0;0;1;TOLIMA NORTE;DISTRIBUCION TOLIMA;CELSIA - TOLIMA NORTE;CO-TOL-DI-CELSIA-TNORTE-NORTE;;;LIBANO 3 13.2 KV;MT-No Programada Sin Interrupción;1;No;Permanente;"IEE; LEC";No;Despachado;No hay interrupción;0;Pendiente;None;30/09/2026 10:15:38.863;1;0;Low;0;0;(-8350142.8, 544173.0);0;Llamada;;Alimentador de clientes;VDA LA HONDA FCA  LA ENRAMADA;No;No;DISTRIBUCION;Alimentador/Troncal MT;No
39;;30/09/2026;10:51:18.853;INC 146597131;;2214342A;URBANO 13.2 KV;ROVIRA;Desconocida;BOLV-307;7;0;1;TOLIMA NORTE;DISTRIBUCION TOLIMA;CELSIA - TOLIMA CENTRO;CO-TOL-DI-CELSIA-TNORTE-CENTRO;65129086A;;URBANO 13.2 KV;MT-No Programada Con Interrupción;1;No;Permanente;;No;Despachado;No restablecido;0;Pendiente;L2;30/09/2026 10:51:18.774;7;0;Low;1;0;(-8379080.2, 475232.4);0;Llamada;;Interruptor compuesto;VDA SAN JAVIER LA TROJA FINCA LA VEGA  ROVIRA;No;No;DISTRIBUCION;Alimentador/Troncal MT;Sí
40;;30/09/2026;11:39:03.972;INC 146597179;;S09466;LERIDA 3 13.2 KV;LERIDA;Desconocida;BOLV-372 (M-21B);0;0;1;TOLIMA NORTE;DISTRIBUCION TOLIMA;CELSIA - TOLIMA NORTE;CO-TOL-DI-CELSIA-TNORTE-NORTE;S07979;;LERIDA 3 13.2 KV;MT-No Programada Con Interrupción;1;No;Permanente;;No;Despachado;Restaurado;0;Pendiente;L1 L2;30/09/2026 11:39:03.933;4;0;Low;1;0;(-8334963.7, 547862.7);0;Llamada;01/10/2026 07:58:12.103;Interruptor compuesto;VDA SAN JROGE HDA MARGARITAS;No;No;DISTRIBUCION;Alimentador/Troncal MT;Sí
41;;30/09/2026;11:49:56.468;INC 146597188;;3446335-A;PASTALES 13.2 KV;CHAPETON;Ninguna;BOLM-302 (I-2);0;0;2;TOLIMA NORTE;DISTRIBUCION TOLIMA;CELSIA - TOLIMA CENTRO;CO-TOL-DI-CELSIA-TNORTE-CENTRO;RC1087;;PASTALES 13.2 KV;MT-No Programada Con Interrupción;1;No;Permanente;;No;Despachado;No hay interrupción;0;Iniciada;L3;30/09/2026 11:49:56.405;16;0;Medium;1;0;(-8383129.6, 503283.0);0;Llamada;;Interruptor compuesto;CAÑON COMBEIMA SEC PICO DE ORO FCA VILLA OCACION;No;No;DISTRIBUCION;Alimentador/Troncal MT;No
42;;30/09/2026;12:14:08.722;INC 146597213;;2222787A;LERIDA 5 13.2 KV;LERIDA;Desconocida;BOLV-372 (M-21B);0;0;1;TOLIMA NORTE;DISTRIBUCION TOLIMA;CELSIA - TOLIMA NORTE;CO-TOL-DI-CELSIA-TNORTE-NORTE;S06691;;LERIDA 5 13.2 KV;MT-No Programada Con Interrupción;1;No;Permanente;;No;Despachado;Restaurado;0;Pendiente;L1 L2;30/09/2026 12:14:08.675;4;0;Low;1;0;(-8332030.5, 540577.3);0;Llamada;01/10/2026 04:20:57.314;Interruptor compuesto;VDA IGUASITOS;No;No;DISTRIBUCION;Alimentador/Troncal MT;No
43;DP;30/09/2026;13:06:01.025;INC 146597241;;66632288A;PALOCABILDO 2 13.2 KV;PALOCABILDO;Transformador distribución averiado;"BOLM-314 (I-14); DP-CA-S-NorteTolima";4;0;1;TOLIMA NORTE;DISTRIBUCION TOLIMA;CELSIA - TOLIMA NORTE;CO-TOL-DI-CELSIA-TNORTE-NORTE;;;PALOCABILDO 2 13.2 KV;MT-No Programada Con Interrupción;1;No;Permanente;;Sí;Despachado;No restablecido;0;"Finalizada; Pendiente";L1 L2;30/09/2026 13:06:00.979;4;0;Medium;1;0;(-8356352.3, 562652.1);0;Llamada;;Interruptor compuesto;VDA BUENOS AIRES;No;No;DISTRIBUCION;Alimentador/Troncal MT;No
44;;30/09/2026;14:06:54.668;INC 146597298;;65033631A;GUAYABAL 2 13.2 KV;GUAYABAL;Desconocida;BOLM-361 (I-61);0;0;1;TOLIMA NORTE;DISTRIBUCION TOLIMA;CELSIA - TOLIMA NORTE;CO-TOL-DI-CELSIA-TNORTE-NORTE;S06300;;GUAYABAL 2 13.2 KV;MT-No Programada Con Interrupción;1;No;Permanente;;No;Despachado;Restaurado;0;Pendiente;L1;30/09/2026 14:06:54.621;1;0;Low;1;0;(-8324527.1, 557283.3);0;Llamada;01/10/2026 21:51:56.439;Interruptor compuesto;VDA LOS TRINCHOS;No;No;DISTRIBUCION;Alimentador/Troncal MT;No
45;;30/09/2026;14:27:54.404;INC 146597327;;65469091A;MARIQUITA 4 13.2 KV;MARIQUITA;Desconocida;BOLV-368 (M-19B);0;0;3;TOLIMA NORTE;DISTRIBUCION TOLIMA;CELSIA - TOLIMA NORTE;CO-TOL-DI-CELSIA-TNORTE-NORTE;S08592;;MARIQUITA 4 13.2 KV;MT-No Programada Con Interrupción;1;No;Permanente;;No;Despachado;Restaurado;0;Pendiente;L2;30/09/2026 14:27:54.362;39;0;Low;1;0;(-8341862.5, 584200.1);0;Llamada;01/10/2026 07:12:31.229;Interruptor compuesto;MARIQUITA VDA  GUACAS;No;No;DISTRIBUCION;Alimentador/Troncal MT;No
46;;30/09/2026;14:49:40.701;INC 146597347;;2418282A;ARRIEROS CTO 1;ARRIEROS;Desconocida;BOLV-370 (M-20B);0;0;2;TOLIMA NORTE;DISTRIBUCION TOLIMA;CELSIA - TOLIMA NORTE;CO-TOL-DI-CELSIA-TNORTE-NORTE;2336341B;;ARRIEROS CTO 1;MT-No Programada Con Interrupción;1;No;Permanente;;No;Despachado;Restaurado;0;Pendiente;L2;30/09/2026 14:49:40.634;4;0;Low;1;0;(-8346371.6, 551556.1);0;Llamada;01/10/2026 11:36:55.200;Interruptor compuesto;VDA PADILLA;No;No;DISTRIBUCION;Alimentador/Troncal MT;No
47;;30/09/2026;14:58:17.932;INC 146597355;;65217831A;PALOCABILDO 2 13.2 KV;PALOCABILDO;Desconocida;BOLM-320;0;0;1;TOLIMA NORTE;DISTRIBUCION TOLIMA;CELSIA - TOLIMA NORTE;CO-TOL-DI-CELSIA-TNORTE-NORTE;2224909B;;PALOCABILDO 2 13.2 KV;MT-No Programada Con Interrupción;1;No;Permanente;;No;Despachado;Restaurado;0;Iniciada;L1;30/09/2026 14:58:17.871;20;0;Low;1;0;(-8349349.2, 567973.2);0;Llamada;30/09/2026 22:27:00.164;Interruptor compuesto;VDA EL PALMAR;No;No;DISTRIBUCION;Alimentador/Troncal MT;No
48;;30/09/2026;15:43:54.414;INC 146597408;;2233428-1A;CAJAMARCA 2 CT 3;NUEVA CAJAMARCA;Ninguna;BOLM-353;0;0;1;TOLIMA NORTE;DISTRIBUCION TOLIMA;CELSIA - TOLIMA CENTRO;CO-TOL-DI-CELSIA-TNORTE-CENTRO;2435608A;;CAJAMARCA 2 CT 3;MT-No Programada Con Interrupción;1;No;Permanente;;No;Despachado;No hay interrupción;0;Pendiente;L1;30/09/2026 15:43:54.367;60;1;Raised;1;0;(-8394561.4, 503696.1);0;Llamada;;Interruptor compuesto;VDA TOCHE;No;No;DISTRIBUCION;Alimentador/Troncal MT;No
49;;30/09/2026;17:07:35.326;INC 146597472;;65183757-A;LIBANO 3 13.2 KV;LIBANO;Desconocida;BOLV-370 (M-20B);0;0;8;TOLIMA NORTE;DISTRIBUCION TOLIMA;CELSIA - TOLIMA NORTE;CO-TOL-DI-CELSIA-TNORTE-NORTE;S02242;;LIBANO 3 13.2 KV;MT-No Programada Con Interrupción;1;No;Permanente;;No;Despachado;Restaurado;0;Pendiente;L1;30/09/2026 17:07:35.295;21;0;Low;1;0;(-8354271.3, 544912.3);0;Llamada;01/10/2026 04:22:31.756;Interruptor compuesto;VDA VIRGINIA FCA LA ESPERANZA;No;No;DISTRIBUCION;Alimentador/Troncal MT;No
50;DP;30/09/2026;17:08:03.205;INC 146597473;;RB2104;RURAL 13.2 KV;ROVIRA;Línea reventada;"BOLV-307; BOLM-308 (I-59); CUAD-305";354;13;11;TOLIMA NORTE;DISTRIBUCION TOLIMA;CELSIA - TOLIMA CENTRO;CO-TOL-DI-CELSIA-TNORTE-CENTRO;RC1146;;RURAL 13.2 KV;MT-No Programada Con Interrupción;1;No;Permanente;;Sí;Despachado;No restablecido;0;"Finalizada; Cancelada; Pendiente";L1 L2 L3;29/09/2026 11:04:20.136;354;13;Raised;42;0;(-8379347.2, 459238.7);0;Llamada;;Reconectador;VDA CORAZON;No;No;DISTRIBUCION;Alimentador/Troncal MT;No
51;;30/09/2026;17:37:40.490;INC 146597492;;66622401A;ARRIEROS CTO 3;ARRIEROS;Desconocida;BOLV-370 (M-20B);0;0;1;TOLIMA NORTE;DISTRIBUCION TOLIMA;CELSIA - TOLIMA NORTE;CO-TOL-DI-CELSIA-TNORTE-NORTE;RB1852;;ARRIEROS CTO 3;MT-No Programada Con Interrupción;1;No;Permanente;;No;Despachado;Restaurado;0;Pendiente;L1;30/09/2026 17:37:40.453;36;0;Low;1;0;(-8356604.3, 551084.2);0;Llamada;01/10/2026 13:27:42.303;Interruptor compuesto;VDA BULGARIA;No;No;DISTRIBUCION;Alimentador/Troncal MT;No
52;;30/09/2026;17:51:05.096;INC 146597500;;66711161C;PALOCABILDO 3 13.2 KV;PALOCABILDO;Desconocida;BOLM-320;0;0;4;TOLIMA NORTE;DISTRIBUCION TOLIMA;CELSIA - TOLIMA NORTE;CO-TOL-DI-CELSIA-TNORTE-NORTE;66752194A;;PALOCABILDO 3 13.2 KV;MT-No Programada Con Interrupción;1;No;Permanente;;No;Despachado;Restaurado;0;Pendiente;L1;30/09/2026 17:51:05.050;22;0;Low;1;0;(-8346638.2, 563375.9);0;Llamada;30/09/2026 22:27:08.388;Interruptor compuesto;ALTOELROMPE;No;No;DISTRIBUCION;Alimentador/Troncal MT;Sí
53;;30/09/2026;18:28:32.123;INC 146597529;;66973980A;ARRIEROS CTO 2;ARRIEROS;Desconocida;BOLM-369 (M-20A);0;0;1;TOLIMA NORTE;DISTRIBUCION TOLIMA;CELSIA - TOLIMA NORTE;CO-TOL-DI-CELSIA-TNORTE-NORTE;RB2213;;SANTA ISABEL 13.2 KV;MT-No Programada Con Interrupción;1;No;Permanente;;No;Despachado;Restaurado;0;Pendiente;L1;30/09/2026 18:28:32.071;8;0;Low;1;0;(-8364679.2, 542029.4);0;Llamada;01/10/2026 15:18:00.944;Interruptor compuesto;VDA PAJONALES;No;No;DISTRIBUCION;Alimentador/Troncal MT;No
54;;30/09/2026;19:13:49.370;INC 146597559;;65970414A;PAPAYO 7 13.2 KV;PAPAYO;Ninguna;BOLM-301 (I-1);0;0;3;TOLIMA NORTE;DISTRIBUCION TOLIMA;CELSIA - TOLIMA CENTRO;CO-TOL-DI-CELSIA-TNORTE-CENTRO;RB2105;;PAPAYO 7 13.2 KV;MT-No Programada Con Interrupción;1;No;Permanente;;No;Despachado;No hay interrupción;0;Pendiente;L1 L3;30/09/2026 19:13:49.328;28;1;High;4;0;(-8371715.1, 488605.2);0;Llamada;;Interruptor compuesto;"	SECCIONAMIENTO GRANJA SAN LUIS";No;No;DISTRIBUCION;Alimentador/Troncal MT;No
55;;30/09/2026;20:07:48.433;INC 146597572;;2214385-A;URBANO 13.2 KV;ROVIRA;Desconocida;BOLV-307;30;0;3;TOLIMA NORTE;DISTRIBUCION TOLIMA;CELSIA - TOLIMA CENTRO;CO-TOL-DI-CELSIA-TNORTE-CENTRO;S08482;;URBANO 13.2 KV;MT-No Programada Con Interrupción;1;No;Permanente;;No;Despachado;No restablecido;0;Pendiente;L3;30/09/2026 20:07:48.385;30;0;Low;1;0;(-8381069.4, 474640.4);0;Llamada;;Interruptor compuesto;VDA  GUADUAL;No;No;DISTRIBUCION;Alimentador/Troncal MT;Sí
56;;30/09/2026;20:52:59.828;INC 146597590;;66788032A;LERIDA 3 13.2 KV;LERIDA;Desconocida;BOLV-372 (M-21B);0;0;1;TOLIMA NORTE;DISTRIBUCION TOLIMA;CELSIA - TOLIMA NORTE;CO-TOL-DI-CELSIA-TNORTE-NORTE;MP186684C;;LERIDA 3 13.2 KV;MT-No Programada Con Interrupción;1;No;Permanente;;No;Despachado;Restaurado;0;Pendiente;L1 L2 L3;30/09/2026 20:52:59.797;2;0;Medium;1;0;(-8339454.2, 552682.9);0;Llamada;01/10/2026 16:06:00.000;Interruptor compuesto;VDA COLOYA;No;No;DISTRIBUCION;Alimentador/Troncal MT;No
57;;30/09/2026;21:36:55.089;INC 146597610;;2889692A;LERIDA 2 13.2 KV;LERIDA;Desconocida;BOLV-372 (M-21B);0;0;3;TOLIMA NORTE;DISTRIBUCION TOLIMA;CELSIA - TOLIMA NORTE;CO-TOL-DI-CELSIA-TNORTE-NORTE;S01825;;LERIDA 2 13.2 KV;MT-No Programada Con Interrupción;1;No;Permanente;;No;Despachado;Restaurado;0;Pendiente;L1 L2;30/09/2026 21:36:55.036;1;0;Low;1;0;(-8338861.1, 540122.2);0;Llamada;01/10/2026 04:20:29.779;Interruptor compuesto;SIN DIRECCION;No;No;DISTRIBUCION;Alimentador/Troncal MT;No
58;;30/09/2026;22:02:34.458;INC 146597619;;65129027-A;URBANO 13.2 KV;ROVIRA;Desconocida;BOLV-304;0;0;1;TOLIMA NORTE;DISTRIBUCION TOLIMA;CELSIA - TOLIMA CENTRO;CO-TOL-DI-CELSIA-TNORTE-CENTRO;S03874;;URBANO 13.2 KV;MT-No Programada Con Interrupción;1;No;Permanente;;No;Despachado;Restaurado;0;Pendiente;L1;30/09/2026 22:02:34.404;12;0;Low;1;0;(-8366391.5, 478078.1);0;Llamada;02/10/2026 06:43:15.607;Interruptor compuesto;EL PORVENIR;No;No;DISTRIBUCION;Alimentador/Troncal MT;No
59;;1/10/2026;00:30:54.063;INC 146597722;;1665774-A;PIEDRAS 13.2 KV;ALVARADO;Ninguna;BOLM-313 (I-13);0;0;1;TOLIMA NORTE;DISTRIBUCION TOLIMA;CELSIA - TOLIMA CENTRO;CO-TOL-DI-CELSIA-TNORTE-CENTRO;1665685A;;PIEDRAS 13.2 KV;MT-No Programada Con Interrupción;1;No;Permanente;;No;Despachado;No hay interrupción;0;Pendiente;L2;01/10/2026 00:30:54.005;49;1;Raised;1;0;(-8335686.8, 506150.1);0;Llamada;;Interruptor compuesto;CRA  5 Nº 5-55;No;No;DISTRIBUCION;Alimentador/Troncal MT;No
60;;1/10/2026;00:45:17.466;INC 146597744;;66945324C;ARRIEROS CTO 2;ARRIEROS;Desconocida;BOLM-369 (M-20A);0;0;1;TOLIMA NORTE;DISTRIBUCION TOLIMA;CELSIA - TOLIMA NORTE;CO-TOL-DI-CELSIA-TNORTE-NORTE;66038238A;;SANTA ISABEL 13.2 KV;MT-No Programada Con Interrupción;1;No;Permanente;;No;Despachado;Restaurado;0;Pendiente;L1;01/10/2026 00:43:22.903;1;0;Medium;1;0;(-8369906.1, 543089.8);0;Llamada;01/10/2026 15:18:00.944;Interruptor compuesto;LAS NOVILLAS;No;No;DISTRIBUCION;Alimentador/Troncal MT;No
61;;1/10/2026;02:46:13.737;INC 146597885;;2543923A;PALOCABILDO 3 13.2 KV;PALOCABILDO;Ninguna;BOLM-315 (I-15);0;0;3;TOLIMA NORTE;DISTRIBUCION TOLIMA;CELSIA - TOLIMA NORTE;CO-TOL-DI-CELSIA-TNORTE-NORTE;2543893C;;PALOCABILDO 3 13.2 KV;MT-No Programada Con Interrupción;1;No;Permanente;;No;Despachado;No hay interrupción;0;Pendiente;L1;01/10/2026 02:46:13.695;13;0;Low;1;0;(-8344328.9, 564851.2);0;Llamada;;Interruptor compuesto;SIN DIRECCION;No;No;DISTRIBUCION;Alimentador/Troncal MT;Sí
62;;1/10/2026;05:56:56.137;INC 146598059;;S08452;PALOCABILDO 1 13.2 KV;PALOCABILDO;Ninguna;BOLM-320;0;0;2;TOLIMA NORTE;DISTRIBUCION TOLIMA;CELSIA - TOLIMA NORTE;CO-TOL-DI-CELSIA-TNORTE-NORTE;;;PALOCABILDO 1 13.2 KV;MT-No Programada Con Interrupción;1;No;Permanente;;No;Despachado;No hay interrupción;0;Pendiente;L1;01/10/2026 05:56:56.079;23;0;Low;1;0;(-8353568.4, 569926.6);0;Llamada;;Interruptor compuesto;SIN DIRECCION;No;No;DISTRIBUCION;Alimentador/Troncal MT;No
63;;1/10/2026;06:36:37.830;INC 146598139;;S07979;LERIDA 3 13.2 KV;LERIDA;Desconocida;BOLV-372 (M-21B);0;0;3;TOLIMA NORTE;DISTRIBUCION TOLIMA;CELSIA - TOLIMA NORTE;CO-TOL-DI-CELSIA-TNORTE-NORTE;S07965;;LERIDA 3 13.2 KV;MT-No Programada Con Interrupción;1;No;Permanente;;No;Despachado;Restaurado;0;Cancelada;L1;01/10/2026 06:36:37.781;22;1;Raised;9;0;(-8336875.5, 549314.8);0;Llamada;01/10/2026 07:58:12.103;Interruptor compuesto;SIN DIRECCION;No;No;DISTRIBUCION;Alimentador/Troncal MT;Sí
64;;1/10/2026;06:49:26.705;INC 146598164;;S05661;LERIDA 2 13.2 KV;LERIDA;Ninguna;BOLM-371 (M-21A);0;0;1;TOLIMA NORTE;DISTRIBUCION TOLIMA;CELSIA - TOLIMA NORTE;CO-TOL-DI-CELSIA-TNORTE-NORTE;S09617;;LERIDA 2 13.2 KV;MT-No Programada Con Interrupción;1;No;Permanente;;No;Despachado;No hay interrupción;0;Pendiente;L3;01/10/2026 06:49:26.644;2;0;Low;1;0;(-8340152.1, 538148.1);0;Llamada;;Interruptor compuesto;SIN DIRECCION;No;No;DISTRIBUCION;Alimentador/Troncal MT;No
65;;1/10/2026;06:52:43.591;INC 146598172;;66679020-A;LIBANO 3 13.2 KV;LIBANO;Ninguna;BOLV-370 (M-20B);0;0;7;TOLIMA NORTE;DISTRIBUCION TOLIMA;CELSIA - TOLIMA NORTE;CO-TOL-DI-CELSIA-TNORTE-NORTE;S02242;;LIBANO 3 13.2 KV;MT-No Programada Con Interrupción;1;No;Permanente;;No;Despachado;No hay interrupción;0;Pendiente;L1;01/10/2026 06:52:43.546;16;0;Low;1;0;(-8354775.1, 545469.6);0;Llamada;;Interruptor compuesto;VEREDA LA MARCADA FINCA LA PALMA LIBANO;No;No;DISTRIBUCION;Alimentador/Troncal MT;No
66;;1/10/2026;06:55:40.898;INC 146598178;;2075831-A;LERIDA 3 13.2 KV;LERIDA;Desconocida;BOLV-372 (M-21B);0;0;1;TOLIMA NORTE;DISTRIBUCION TOLIMA;CELSIA - TOLIMA NORTE;CO-TOL-DI-CELSIA-TNORTE-NORTE;S07978;;LERIDA 3 13.2 KV;MT-No Programada Con Interrupción;1;No;Permanente;;No;Despachado;Restaurado;0;Pendiente;L1;01/10/2026 06:55:40.846;2;0;Low;1;0;(-8336416.2, 548205.0);0;Llamada;01/10/2026 07:58:12.103;Interruptor compuesto;VDA SAN JORGE;No;No;DISTRIBUCION;Alimentador/Troncal MT;No
67;;1/10/2026;06:56:40.933;INC 146598180;;66856240A;FRESNO 3 13.2 KV;FRESNO;Ninguna;BOLM-316 (I-16);0;0;4;TOLIMA NORTE;DISTRIBUCION TOLIMA;CELSIA - TOLIMA NORTE;CO-TOL-DI-CELSIA-TNORTE-NORTE;S06481;;FRESNO 3 13.2 KV;MT-No Programada Con Interrupción;1;No;Permanente;;No;Despachado;No hay interrupción;0;Pendiente;L3;01/10/2026 06:56:40.863;25;0;Low;1;0;(-8352849.6, 575816.4);0;Llamada;;Interruptor compuesto;VDA CERRO AZUL;No;No;DISTRIBUCION;Alimentador/Troncal MT;No
68;;1/10/2026;06:56:44.179;INC 146598181;;3479791-A;MARIQUITA 4 13.2 KV;MARIQUITA;Desconocida;BOLV-368 (M-19B);0;0;1;TOLIMA NORTE;DISTRIBUCION TOLIMA;CELSIA - TOLIMA NORTE;CO-TOL-DI-CELSIA-TNORTE-NORTE;2303515A;;MARIQUITA 4 13.2 KV;MT-No Programada Con Interrupción;1;No;Permanente;;No;Despachado;Restaurado;0;Pendiente;L1 L2 L3;01/10/2026 06:56:44.007;1;1;High;1;0;(-8342435.4, 581705.3);0;Llamada;01/10/2026 07:12:31.229;Interruptor compuesto;VDA SAN ANDRES SECT CANTADERA;No;No;CONEXION DISTRIBUCION;Alimentador/Troncal MT;No
69;;1/10/2026;07:03:08.539;INC 146598196;;65577666A;LIBANO 3 13.2 KV;LIBANO;Ninguna;BOLM-371 (M-21A);0;0;1;TOLIMA NORTE;DISTRIBUCION TOLIMA;CELSIA - TOLIMA NORTE;CO-TOL-DI-CELSIA-TNORTE-NORTE;S04769;;LIBANO 3 13.2 KV;MT-No Programada Con Interrupción;1;No;Permanente;;No;Despachado;No hay interrupción;0;Pendiente;L1 L2;01/10/2026 07:03:08.499;2;0;Low;1;0;(-8342891.5, 543523.4);0;Llamada;;Interruptor compuesto;VDA COLOYA;No;No;DISTRIBUCION;Alimentador/Troncal MT;No
70;;1/10/2026;07:03:41.504;INC 146598198;;S04042;HERVEO 2 13.2 KV;HERVEO;Ninguna;BOLM-318 (I-18);0;0;4;TOLIMA NORTE;DISTRIBUCION TOLIMA;CELSIA - TOLIMA NORTE;CO-TOL-DI-CELSIA-TNORTE-NORTE;65217570A;;HERVEO 2 13.2 KV;MT-No Programada Con Interrupción;1;No;Permanente;;No;Despachado;No hay interrupción;0;Pendiente;L2;01/10/2026 07:03:41.452;36;0;Low;2;0;(-8365800.5, 567682.5);0;Llamada;;Interruptor compuesto;SIN DIRECCION;No;No;DISTRIBUCION;Alimentador/Troncal MT;No
71;;1/10/2026;07:04:54.681;INC 146598204;;66947041A;PIEDRAS 13.2 KV;ALVARADO;Ninguna;BOLM-313 (I-13);0;0;1;TOLIMA NORTE;DISTRIBUCION TOLIMA;CELSIA - TOLIMA CENTRO;CO-TOL-DI-CELSIA-TNORTE-CENTRO;RB2620;;PIEDRAS 13.2 KV;MT-No Programada Con Interrupción;1;No;Permanente;;No;Despachado;No hay interrupción;0;Pendiente;L1;01/10/2026 07:04:54.620;14;1;Raised;1;0;(-8344222.8, 496763.9);0;Llamada;;Interruptor compuesto;VDA VENTILLAS;No;No;DISTRIBUCION;Alimentador/Troncal MT;No
72;;1/10/2026;07:05:22.394;INC 146598205;;66056848A;PALOCABILDO 3 13.2 KV;PALOCABILDO;Ninguna;BOLM-315 (I-15);0;0;2;TOLIMA NORTE;DISTRIBUCION TOLIMA;CELSIA - TOLIMA NORTE;CO-TOL-DI-CELSIA-TNORTE-NORTE;2543460A;;PALOCABILDO 3 13.2 KV;MT-No Programada Con Interrupción;1;No;Permanente;;No;Despachado;No hay interrupción;0;Pendiente;L3;01/10/2026 07:05:22.334;22;0;Low;1;0;(-8343941.6, 567839.6);0;Llamada;;Interruptor compuesto;VDA LAJAS;No;No;DISTRIBUCION;Alimentador/Troncal MT;No
73;;1/10/2026;07:09:51.186;INC 146598218;;S07472;LERIDA 3 13.2 KV;LERIDA;Desconocida;BOLV-372 (M-21B);0;0;5;TOLIMA NORTE;DISTRIBUCION TOLIMA;CELSIA - TOLIMA NORTE;CO-TOL-DI-CELSIA-TNORTE-NORTE;RB3395;;LERIDA 3 13.2 KV;MT-No Programada Con Interrupción;1;No;Permanente;;No;Despachado;Restaurado;0;Pendiente;L1 L2 L3;01/10/2026 07:03:53.941;18;1;High;9;0;(-8336409.3, 546687.0);0;Llamada;01/10/2026 07:58:12.103;Interruptor compuesto;SECCIONAMIENTO AGUA LINDA;No;No;DISTRIBUCION;Alimentador/Troncal MT;Sí
74;;1/10/2026;07:15:56.903;INC 146598232;;65199327-A;LIBANO 3 13.2 KV;LIBANO;Ninguna;BOLV-370 (M-20B);0;0;1;TOLIMA NORTE;DISTRIBUCION TOLIMA;CELSIA - TOLIMA NORTE;CO-TOL-DI-CELSIA-TNORTE-NORTE;S02241;;LIBANO 3 13.2 KV;MT-No Programada Con Interrupción;1;No;Permanente;;No;Despachado;No hay interrupción;0;Pendiente;L1;01/10/2026 07:15:56.876;9;0;Low;1;0;(-8354740.0, 546187.9);0;Llamada;;Interruptor compuesto;VDA CAJONES;No;No;DISTRIBUCION;Alimentador/Troncal MT;No
75;;1/10/2026;07:17:49.765;INC 146598237;;66800210REPC;PALOCABILDO 3 13.2 KV;PALOCABILDO;Ninguna;BOLM-323 (I-23);0;0;9;TOLIMA NORTE;DISTRIBUCION TOLIMA;CELSIA - TOLIMA NORTE;CO-TOL-DI-CELSIA-TNORTE-NORTE;RB2554;;PALOCABILDO 3 13.2 KV;MT-No Programada Con Interrupción;1;No;Permanente;;No;Despachado;No hay interrupción;0;Pendiente;L3;01/10/2026 07:17:49.708;38;0;Low;3;0;(-8349137.2, 570713.1);0;Llamada;;Interruptor compuesto;SIN DIRECCION;No;No;DISTRIBUCION;Alimentador/Troncal MT;No
76;;1/10/2026;07:20:02.683;INC 146598245;;S07443;PALOCABILDO 2 13.2 KV;PALOCABILDO;Ninguna;BOLM-323 (I-23);0;0;19;TOLIMA NORTE;DISTRIBUCION TOLIMA;CELSIA - TOLIMA NORTE;CO-TOL-DI-CELSIA-TNORTE-NORTE;;;PALOCABILDO 2 13.2 KV;MT-No Programada Con Interrupción;1;No;Permanente;;No;Despachado;No hay interrupción;0;Pendiente;L1 L2;01/10/2026 07:20:02.563;225;3;Raised;15;0;(-8351497.6, 568705.1);0;Llamada;;Interruptor compuesto;SECCIONAMIENTO EL OLIMPO;No;No;DISTRIBUCION;Alimentador/Troncal MT;No
77;;1/10/2026;07:22:53.101;INC 146598254;;66581624A;MARIQUITA 4 13.2 KV;MARIQUITA;Ninguna;BOLM-350;0;0;4;TOLIMA NORTE;DISTRIBUCION TOLIMA;CELSIA - TOLIMA NORTE;CO-TOL-DI-CELSIA-TNORTE-NORTE;66035743A;;MARIQUITA 4 13.2 KV;MT-No Programada Con Interrupción;1;No;Permanente;;No;Despachado;No hay interrupción;0;Pendiente;L1;01/10/2026 07:22:53.040;23;0;Low;1;0;(-8346671.9, 584747.3);0;Llamada;;Interruptor compuesto;VRD LA MESA;No;No;DISTRIBUCION;Alimentador/Troncal MT;No
78;;1/10/2026;07:23:18.053;INC 146598257;;S03838;SAN JUAN 13.2 KV;SALADO;Ninguna;BOLM-309 (I-9);0;0;1;TOLIMA NORTE;DISTRIBUCION TOLIMA;CELSIA - TOLIMA NORTE;CO-TOL-DI-CELSIA-TNORTE-CENTRO;4002620A;;SAN JUAN 13.2 KV;MT-No Programada Con Interrupción;1;No;Permanente;;No;Despachado;No hay interrupción;0;Pendiente;L2;01/10/2026 07:23:18.002;43;0;Low;1;0;(-8363251.8, 507247.3);0;Llamada;;Interruptor compuesto;SIN DIRECCION;No;No;DISTRIBUCION;Alimentador/Troncal MT;No
79;;1/10/2026;07:24:52.308;INC 146598262;;65577461A;PALOCABILDO 1 13.2 KV;PALOCABILDO;Ninguna;BOLM-314 (I-14);0;0;1;TOLIMA NORTE;DISTRIBUCION TOLIMA;CELSIA - TOLIMA NORTE;CO-TOL-DI-CELSIA-TNORTE-NORTE;S08219;;FRESNO 3 13.2 KV;MT-No Programada Con Interrupción;1;No;Permanente;;No;Despachado;No hay interrupción;0;Pendiente;L2;01/10/2026 07:24:52.260;14;0;Low;1;0;(-8355040.3, 566863.6);0;Llamada;;Interruptor compuesto;VDA LAS DELICIAS;No;No;DISTRIBUCION;Alimentador/Troncal MT;No
80;;1/10/2026;07:30:15.280;INC 146598276;;S40366;LERIDA 3 13.2 KV;LERIDA;Desconocida;BOLV-372 (M-21B);0;0;1;TOLIMA NORTE;DISTRIBUCION TOLIMA;CELSIA - TOLIMA NORTE;CO-TOL-DI-CELSIA-TNORTE-NORTE;S07966;;LERIDA 3 13.2 KV;MT-No Programada Con Interrupción;1;No;Permanente;;No;Despachado;Restaurado;0;Pendiente;L1 L2 L3;01/10/2026 07:30:15.245;1;0;Low;1;0;(-8337537.2, 549327.4);0;Llamada;01/10/2026 07:58:12.103;Interruptor compuesto;VIA CRUCE A LIBANO A CAMBAO;No;No;DISTRIBUCION;Alimentador/Troncal MT;No
81;;1/10/2026;07:30:43.843;INC 146598278;;66855708A;MARIQUITA 4 13.2 KV;MARIQUITA;Ninguna;BOLV-368 (M-19B);0;0;1;TOLIMA NORTE;DISTRIBUCION TOLIMA;CELSIA - TOLIMA NORTE;CO-TOL-DI-CELSIA-TNORTE-NORTE;RB2098;;MARIQUITA 4 13.2 KV;MT-No Programada Con Interrupción;1;No;Permanente;;No;Despachado;No hay interrupción;0;Pendiente;L1;01/10/2026 07:30:43.796;22;0;Medium;1;0;(-8336153.9, 584609.7);0;Llamada;;Interruptor compuesto;VDA ORITA BAJO FCA CATARATAS DE MEDINA;No;No;DISTRIBUCION;Alimentador/Troncal MT;No
82;;1/10/2026;07:34:05.735;INC 146598287;;66797813A;RURAL 13.2 KV;ROVIRA;Ninguna;BOLV-307;0;0;1;TOLIMA NORTE;DISTRIBUCION TOLIMA;CELSIA - TOLIMA CENTRO;CO-TOL-DI-CELSIA-TNORTE-CENTRO;66929582B;;RURAL 13.2 KV;MT-No Programada Con Interrupción;1;No;Permanente;;No;Despachado;No hay interrupción;0;Pendiente;L1;01/10/2026 07:34:05.688;15;1;Raised;1;0;(-8385021.5, 466536.0);0;Llamada;;Interruptor compuesto;VDA LA ESPERRANZA;No;No;DISTRIBUCION;Alimentador/Troncal MT;No
83;ASIG;1/10/2026;07:41:48.902;INC 146598305;;66752178A;PALOCABILDO 3 13.2 KV;PALOCABILDO;Ninguna;"BOLM-323 (I-23); BOLM-321 (I-21)";0;0;40;TOLIMA NORTE;DISTRIBUCION TOLIMA;CELSIA - TOLIMA NORTE;CO-TOL-DI-CELSIA-TNORTE-NORTE;;;PALOCABILDO 3 13.2 KV;MT-No Programada Con Interrupción;1;No;Permanente;;No;Despachado;Restaurado;0;"Cancelada; Cancelada";L1;01/10/2026 06:18:18.254;346;12;Raised;30;0;(-8348313.8, 567572.2);0;Llamada;30/09/2026 22:27:08.388;Interruptor compuesto;HACIA LA VEREDA CEIBA;No;No;DISTRIBUCION;Alimentador/Troncal MT;Sí
84;;1/10/2026;07:43:31.261;INC 146598314;;65243598-A;LA VEGA 13.2 KV;CHAPETON;Ninguna;BOLM-302 (I-2);0;0;1;TOLIMA NORTE;DISTRIBUCION TOLIMA;CELSIA - TOLIMA CENTRO;CO-TOL-DI-CELSIA-TNORTE-CENTRO;RB2130;;LA VEGA 13.2 KV;MT-No Programada Con Interrupción;1;No;Permanente;;No;Despachado;No hay interrupción;0;Pendiente;L1;01/10/2026 07:43:31.205;165;3;High;1;0;(-8377931.5, 497443.1);0;Llamada;;Interruptor compuesto;VDA CAY FINCA FRESOS ALPEI DE TANQUES IBAL;No;No;DISTRIBUCION;Alimentador/Troncal MT;No
85;;1/10/2026;08:03:51.296;INC 146598365;;MP186060-A;LERIDA 2 13.2 KV;LERIDA;Ninguna;BOLM-371 (M-21A);0;0;1;TOLIMA NORTE;DISTRIBUCION TOLIMA;CELSIA - TOLIMA NORTE;CO-TOL-DI-CELSIA-TNORTE-NORTE;RB1936;;LERIDA 2 13.2 KV;MT-No Programada Con Interrupción;1;No;Permanente;;No;Despachado;No hay interrupción;0;Pendiente;L1 L2 L3;01/10/2026 08:03:51.254;145;4;Raised;1;0;(-8341948.5, 535098.6);0;Llamada;;Interruptor compuesto;VDA LA SIERRA;No;No;DISTRIBUCION;Alimentador/Troncal MT;No
86;ASIG ;1/10/2026;08:12:24.930;INC 146598405;;2802202A;PALOCABILDO 2 13.2 KV;PALOCABILDO;Ninguna;"BOLM-323 (I-23); BOLM-320";0;0;23;TOLIMA NORTE;DISTRIBUCION TOLIMA;CELSIA - TOLIMA NORTE;CO-TOL-DI-CELSIA-TNORTE-NORTE;RC1073;;PALOCABILDO 2 13.2 KV;MT-No Programada Con Interrupción;1;No;Permanente;;No;Despachado;No hay interrupción;0;"Cancelada; Cancelada";L2 L3;01/10/2026 07:07:51.318;297;9;Raised;17;0;(-8350577.2, 566358.2);0;Llamada;;Interruptor compuesto;VDA AUSTRIAS;No;No;DISTRIBUCION;Alimentador/Troncal MT;No
87;;1/10/2026;08:14:07.767;INC 146598410;;SW21477;LIBANO 3 13.2 KV;LIBANO;Ninguna;BOLV-372 (M-21B);0;0;4;TOLIMA NORTE;DISTRIBUCION TOLIMA;CELSIA - TOLIMA NORTE;CO-TOL-DI-CELSIA-TNORTE-NORTE;2589788A;;LIBANO 3 13.2 KV;MT-No Programada Con Interrupción;1;No;Permanente;;No;Despachado;No hay interrupción;0;Pendiente;L1 L2 L3;01/10/2026 08:14:07.724;16;0;Low;1;0;(-8349261.5, 539384.9);0;Llamada;;Interruptor compuesto;SIN DIRECCION;No;No;DISTRIBUCION;Alimentador/Troncal MT;No
88;;1/10/2026;08:19:31.186;INC 146598436;;66752331A;LERIDA 3 13.2 KV;LERIDA;Ninguna;BOLV-372 (M-21B);0;0;1;TOLIMA NORTE;DISTRIBUCION TOLIMA;CELSIA - TOLIMA NORTE;CO-TOL-DI-CELSIA-TNORTE-NORTE;S07470;;LERIDA 3 13.2 KV;MT-No Programada Con Interrupción;1;No;Permanente;;No;Despachado;No hay interrupción;0;Iniciada;L1;01/10/2026 08:19:31.155;7;0;Low;1;0;(-8335995.1, 545597.3);0;Llamada;;Interruptor compuesto;VDA BLEDONIA;No;No;DISTRIBUCION;Alimentador/Troncal MT;No
89;;1/10/2026;08:20:36.623;INC 146598439;;2544695A;PALOCABILDO 3 13.2 KV;PALOCABILDO;Ninguna;BOLM-315 (I-15);0;0;11;TOLIMA NORTE;DISTRIBUCION TOLIMA;CELSIA - TOLIMA NORTE;CO-TOL-DI-CELSIA-TNORTE-NORTE;RB2654;;PALOCABILDO 3 13.2 KV;MT-No Programada Con Interrupción;1;No;Permanente;;No;Despachado;No hay interrupción;0;Pendiente;L1 L2;01/10/2026 08:20:36.519;166;2;Raised;15;0;(-8345395.4, 567547.4);0;Llamada;;Interruptor compuesto;VDA LAJAS;No;No;DISTRIBUCION;Alimentador/Troncal MT;No
90;;1/10/2026;08:26:05.597;INC 146598458;;2417756A;LA VEGA 13.2 KV;CHAPETON;Ninguna;BOLM-330;0;0;1;TOLIMA NORTE;DISTRIBUCION TOLIMA;CELSIA - TOLIMA CENTRO;CO-TOL-DI-CELSIA-TNORTE-CENTRO;2496682A;;LA VEGA 13.2 KV;MT-No Programada Con Interrupción;1;No;Permanente;;No;Despachado;No hay interrupción;0;Pendiente;L1;01/10/2026 08:26:05.514;11;0;Low;1;0;(-8388081.9, 494059.9);0;Llamada;;Interruptor compuesto;VDA PEÑARANDA;No;No;DISTRIBUCION;Alimentador/Troncal MT;No
91;;1/10/2026;08:26:07.447;INC 146598459;;2227487-A;LIBANO 3 13.2 KV;LIBANO;Ninguna;BOLV-370 (M-20B);0;0;1;TOLIMA NORTE;DISTRIBUCION TOLIMA;CELSIA - TOLIMA NORTE;CO-TOL-DI-CELSIA-TNORTE-NORTE;2590603A;;LIBANO 3 13.2 KV;MT-No Programada Con Interrupción;1;No;Permanente;;No;Despachado;No hay interrupción;0;Pendiente;L2;01/10/2026 08:26:07.354;8;1;Raised;1;0;(-8351654.0, 543211.4);0;Llamada;;Interruptor compuesto;VDA RIO RECIO;No;No;DISTRIBUCION;Alimentador/Troncal MT;Sí
92;;1/10/2026;08:32:34.460;INC 146598478;;S07985;LERIDA 3 13.2 KV;LERIDA;Ninguna;BOLV-372 (M-21B);0;0;2;TOLIMA NORTE;DISTRIBUCION TOLIMA;CELSIA - TOLIMA NORTE;CO-TOL-DI-CELSIA-TNORTE-NORTE;S06693;;LERIDA 3 13.2 KV;MT-No Programada Con Interrupción;1;No;Permanente;;No;Despachado;No hay interrupción;0;Pendiente;L1 L2;01/10/2026 08:32:34.413;5;0;Low;3;0;(-8337478.5, 544359.5);0;Llamada;;Interruptor compuesto;SECCIONAMIENTO EL NEME;No;No;DISTRIBUCION;Alimentador/Troncal MT;No
93;;1/10/2026;08:33:45.379;INC 146598482;;1621491A;PALOCABILDO 1 13.2 KV;PALOCABILDO;Descargas atmosfericas;BOLM-323 (I-23);0;0;20;TOLIMA NORTE;DISTRIBUCION TOLIMA;CELSIA - TOLIMA NORTE;CO-TOL-DI-CELSIA-TNORTE-NORTE;;;PALOCABILDO 1 13.2 KV;MT-No Programada Con Interrupción;1;No;Permanente;;No;Despachado;No hay interrupción;0;Finalizada;L1;01/10/2026 08:33:45.336;125;1;Raised;9;0;(-8352172.3, 570875.3);0;Llamada;;Interruptor compuesto;SECCIONAMIENTO LA MARIA YUMBA;No;No;DISTRIBUCION;Alimentador/Troncal MT;No
94;;1/10/2026;08:41:39.208;INC 146598502;;S08592;MARIQUITA 4 13.2 KV;MARIQUITA;Ninguna;BOLV-368 (M-19B);0;0;3;TOLIMA NORTE;DISTRIBUCION TOLIMA;CELSIA - TOLIMA NORTE;CO-TOL-DI-CELSIA-TNORTE-NORTE;66035700A;;MARIQUITA 4 13.2 KV;MT-No Programada Con Interrupción;1;No;Permanente;;No;Despachado;No hay interrupción;0;Pendiente;L1;01/10/2026 08:41:39.165;38;0;Medium;2;0;(-8343204.2, 585013.8);0;Llamada;;Interruptor compuesto;SIN DIRECCION;No;No;DISTRIBUCION;Alimentador/Troncal MT;No
95;;1/10/2026;08:44:16.477;INC 146598511;;66035743B;MARIQUITA 4 13.2 KV;MARIQUITA;Ninguna;BOLM-350;0;0;8;TOLIMA NORTE;DISTRIBUCION TOLIMA;CELSIA - TOLIMA NORTE;CO-TOL-DI-CELSIA-TNORTE-NORTE;RB3098;;MARIQUITA 4 13.2 KV;MT-No Programada Con Interrupción;1;No;Permanente;;No;Despachado;No hay interrupción;0;Pendiente;L1 L2;01/10/2026 08:26:44.773;218;2;Raised;11;0;(-8345734.7, 584603.5);0;Llamada;;Interruptor compuesto;HACIA LA CABAÑA;No;No;DISTRIBUCION;Alimentador/Troncal MT;No
96;;1/10/2026;08:47:13.253;INC 146598516;;2220059-A;LIBANO 3 13.2 KV;LIBANO;Ninguna;BOLM-371 (M-21A);0;0;1;TOLIMA NORTE;DISTRIBUCION TOLIMA;CELSIA - TOLIMA NORTE;CO-TOL-DI-CELSIA-TNORTE-NORTE;S05581;;LIBANO 3 13.2 KV;MT-No Programada Con Interrupción;1;No;Permanente;;No;Despachado;No hay interrupción;0;Pendiente;L2;01/10/2026 08:47:13.210;16;0;Low;1;0;(-8349692.4, 538197.6);0;Llamada;;Interruptor compuesto;VDA DELICIAS;No;No;DISTRIBUCION;Alimentador/Troncal MT;No
97;;1/10/2026;08:51:10.108;INC 146598530;;S06390;LIBANO 3 13.2 KV;LIBANO;Ninguna;BOLV-370 (M-20B);0;0;15;TOLIMA NORTE;DISTRIBUCION TOLIMA;CELSIA - TOLIMA NORTE;CO-TOL-DI-CELSIA-TNORTE-NORTE;S06387;;LIBANO 3 13.2 KV;MT-No Programada Con Interrupción;1;No;Permanente;;No;Despachado;No hay interrupción;0;Pendiente;L1 L2;01/10/2026 08:51:10.042;170;2;Raised;11;0;(-8348070.2, 545527.6);0;Llamada;;Interruptor compuesto;SECCIONAMIENTO SANTA MARIA;No;No;DISTRIBUCION;Alimentador/Troncal MT;Sí
98;;1/10/2026;08:56:58.657;INC 146598544;;66586431A;PALOCABILDO 3 13.2 KV;PALOCABILDO;Ninguna;BOLM-315 (I-15);0;0;1;TOLIMA NORTE;DISTRIBUCION TOLIMA;CELSIA - TOLIMA NORTE;CO-TOL-DI-CELSIA-TNORTE-NORTE;1638947A;;PALOCABILDO 3 13.2 KV;MT-No Programada Con Interrupción;1;No;Permanente;;No;Despachado;No hay interrupción;0;Pendiente;L3;01/10/2026 08:56:58.617;5;0;Low;1;0;(-8342618.6, 569607.6);0;Llamada;;Interruptor compuesto;VDA SAN ANTONIO;No;No;DISTRIBUCION;Alimentador/Troncal MT;No
99;;1/10/2026;09:16:24.517;INC 146598587;;S02118;LA VEGA 13.2 KV;CHAPETON;Ninguna;BOLM-302 (I-2);0;0;1;TOLIMA NORTE;DISTRIBUCION TOLIMA;CELSIA - TOLIMA CENTRO;CO-TOL-DI-CELSIA-TNORTE-CENTRO;S02116;;LA VEGA 13.2 KV;MT-No Programada Con Interrupción;1;No;Permanente;;No;Despachado;No hay interrupción;0;Pendiente;L3;01/10/2026 09:16:24.486;34;0;Low;1;0;(-8378408.0, 494457.6);0;Llamada;;Interruptor compuesto;SIN DIRECCION;No;No;DISTRIBUCION;Alimentador/Troncal MT;No
100;;1/10/2026;09:24:41.698;INC 146598600;;2543516A;PALOCABILDO 3 13.2 KV;PALOCABILDO;Ninguna;BOLM-323 (I-23);0;0;6;TOLIMA NORTE;DISTRIBUCION TOLIMA;CELSIA - TOLIMA NORTE;CO-TOL-DI-CELSIA-TNORTE-NORTE;;;PALOCABILDO 3 13.2 KV;MT-No Programada Con Interrupción;1;No;Permanente;;No;Despachado;No hay interrupción;0;Pendiente;L1 L2 L3;01/10/2026 09:24:41.653;90;1;Raised;1;0;(-8349485.3, 570664.0);0;Llamada;;Interruptor compuesto;SIN DIRECCION;No;No;DISTRIBUCION;Alimentador/Troncal MT;No
101;;1/10/2026;09:28:10.694;INC 146598607;;66860221A;GUAYABAL 2 13.2 KV;GUAYABAL;Ninguna;BOLM-362;0;0;1;TOLIMA NORTE;DISTRIBUCION TOLIMA;CELSIA - TOLIMA NORTE;CO-TOL-DI-CELSIA-TNORTE-NORTE;S05787;;GUAYABAL 2 13.2 KV;MT-No Programada Con Interrupción;1;No;Permanente;;No;Despachado;Restaurado;0;Pendiente;L1;01/10/2026 09:28:10.652;3;0;Low;1;0;(-8333579.2, 562217.0);0;Llamada;01/10/2026 21:51:56.439;Interruptor compuesto;VDA LA JOYA;No;No;DISTRIBUCION;Alimentador/Troncal MT;No
102;;1/10/2026;09:32:42.969;INC 146598615;;66802337A;PALOCABILDO 3 13.2 KV;PALOCABILDO;Ninguna;BOLM-315 (I-15);0;0;1;TOLIMA NORTE;DISTRIBUCION TOLIMA;CELSIA - TOLIMA NORTE;CO-TOL-DI-CELSIA-TNORTE-NORTE;66944255C;;PALOCABILDO 3 13.2 KV;MT-No Programada Con Interrupción;1;No;Permanente;;No;Despachado;No hay interrupción;0;Pendiente;L1;01/10/2026 09:32:42.916;14;0;Low;1;0;(-8344312.0, 569039.9);0;Llamada;;Interruptor compuesto;VDA SAN ANTONIO;No;No;DISTRIBUCION;Alimentador/Troncal MT;No
103;;1/10/2026;09:40:43.354;INC 146598630;;2543184B;PALOCABILDO 3 13.2 KV;PALOCABILDO;Ninguna;BOLM-315 (I-15);0;0;2;TOLIMA NORTE;DISTRIBUCION TOLIMA;CELSIA - TOLIMA NORTE;CO-TOL-DI-CELSIA-TNORTE-NORTE;RB2654;;PALOCABILDO 3 13.2 KV;MT-No Programada Con Interrupción;1;No;Permanente;;No;Despachado;No hay interrupción;0;Pendiente;L1 L3;01/10/2026 09:40:43.294;26;0;Medium;2;0;(-8346368.9, 570249.1);0;Llamada;;Interruptor compuesto;VDA REFUGIO;No;No;DISTRIBUCION;Alimentador/Troncal MT;No
104;;1/10/2026;09:58:39.398;INC 146598667;;65561921;ALVARADO 13.2 KV;SALADO;Ninguna;BOLV-312;0;0;3;TOLIMA NORTE;DISTRIBUCION TOLIMA;CELSIA - TOLIMA CENTRO;CO-TOL-DI-CELSIA-TNORTE-CENTRO;RB2112;;ALVARADO 13.2 KV;MT-No Programada Con Interrupción;1;No;Permanente;;No;Despachado;No hay interrupción;0;Pendiente;L1 L3;01/10/2026 09:36:36.145;30;1;Raised;6;0;(-8351193.9, 503294.4);0;Llamada;;Interruptor compuesto;SECCIONAMIENTO DE LINEA HACIA VEREDA LA CHUMBA;No;No;DISTRIBUCION;Alimentador/Troncal MT;No
105;;1/10/2026;09:59:39.463;INC 146598669;;2220946-A;LERIDA 3 13.2 KV;LERIDA;Ninguna;BOLV-372 (M-21B);0;0;1;TOLIMA NORTE;DISTRIBUCION TOLIMA;CELSIA - TOLIMA NORTE;CO-TOL-DI-CELSIA-TNORTE-NORTE;S10105;;LERIDA 3 13.2 KV;MT-No Programada Con Interrupción;1;No;Permanente;;No;Despachado;Restaurado;0;Pendiente;L1 L2 L3;01/10/2026 09:59:39.431;3;0;Low;1;0;(-8339125.7, 552264.6);0;Llamada;01/10/2026 16:06:00.000;Interruptor compuesto;VDA COLOYA;No;No;DISTRIBUCION;Alimentador/Troncal MT;No
106;;1/10/2026;10:24:18.193;INC 146598704;;2397021A;ARRIEROS CTO 2;ARRIEROS;Ninguna;BOLM-369 (M-20A);0;0;2;TOLIMA NORTE;DISTRIBUCION TOLIMA;CELSIA - TOLIMA NORTE;CO-TOL-DI-CELSIA-TNORTE-NORTE;2396980A;;ARRIEROS CTO 2;MT-No Programada Con Interrupción;1;No;Permanente;;No;Despachado;No hay interrupción;0;Pendiente;L1 L2 L3;01/10/2026 10:24:18.131;1;1;High;1;0;(-8362372.6, 543979.8);0;Llamada;;Interruptor compuesto;SIN DIRECCION;No;No;DISTRIBUCION;Alimentador/Troncal MT;No
107;;1/10/2026;11:08:05.108;INC 146598772;;2241412-A;JUNIN 13.2 KV;SANTA ISABEL;Ninguna;"BOLM-324 (I-24); BOLM-325 (I-25)";0;0;1;TOLIMA NORTE;DISTRIBUCION TOLIMA;CELSIA - TOLIMA NORTE;CO-TOL-DI-CELSIA-TNORTE-NORTE;S07582;;JUNIN 13.2 KV;MT-No Programada Con Interrupción;1;No;Permanente;;No;Despachado;Restaurado;0;"Pendiente; Pendiente";L3;01/10/2026 11:08:05.045;17;0;Low;1;0;(-8357084.0, 528610.4);0;Llamada;01/10/2026 15:18:00.944;Interruptor compuesto;VDA ESTRELLA COLON;No;No;DISTRIBUCION;Alimentador/Troncal MT;No
108;;1/10/2026;11:12:33.526;INC 146598777;;2836866A;GUAYABAL 3 13.2 KV;GUAYABAL;Ninguna;BOLM-362;0;0;1;TOLIMA NORTE;DISTRIBUCION TOLIMA;CELSIA - TOLIMA NORTE;CO-TOL-DI-CELSIA-TNORTE-NORTE;2836840A;;GUAYABAL 3 13.2 KV;MT-No Programada Con Interrupción;1;No;Permanente;;No;Despachado;Restaurado;0;Pendiente;L1;01/10/2026 11:12:33.488;66;0;Low;1;0;(-8335666.6, 560087.9);0;Llamada;01/10/2026 21:52:05.372;Interruptor compuesto;URB LA VICTORIA;No;No;DISTRIBUCION;Alimentador/Troncal MT;No
109;;1/10/2026;11:16:47.684;INC 146598784;;2216957A;PALOCABILDO 3 13.2 KV;PALOCABILDO;Ninguna;BOLM-320;0;0;3;TOLIMA NORTE;DISTRIBUCION TOLIMA;CELSIA - TOLIMA NORTE;CO-TOL-DI-CELSIA-TNORTE-NORTE;2543559B;;PALOCABILDO 3 13.2 KV;MT-No Programada Con Interrupción;1;No;Permanente;;No;Despachado;No hay interrupción;0;Pendiente;L1 L3;01/10/2026 11:16:47.618;56;1;Raised;5;0;(-8350429.1, 572054.1);0;Llamada;;Interruptor compuesto;SIN DIRECCION;No;No;DISTRIBUCION;Alimentador/Troncal MT;Sí
110;;1/10/2026;11:18:23.546;INC 146598789;;66037142A;PUERTO VIEJO CTO 3 13.2 KV;PUERTO VIEJO;Ninguna;BOLM-321 (I-21);0;0;2;TOLIMA NORTE;DISTRIBUCION TOLIMA;CELSIA - TOLIMA NORTE;CO-TOL-DI-CELSIA-TNORTE-NORTE;L290;;PUERTO VIEJO CTO 3 13.2 KV;MT-No Programada Con Interrupción;1;No;Permanente;;No;Despachado;Restaurado;0;Pendiente;L1;01/10/2026 11:18:23.499;5;0;Low;1;0;(-8333100.2, 535357.4);0;Llamada;01/10/2026 15:18:00.944;Interruptor compuesto;VDA BOQUERON;No;No;DISTRIBUCION;Alimentador/Troncal MT;No
111;;1/10/2026;11:48:37.203;INC 146598834;;2242931-A;SANTA ISABEL 13.2 KV;SANTA ISABEL;Ninguna;BOLM-328 (I-28);0;0;1;TOLIMA NORTE;DISTRIBUCION TOLIMA;CELSIA - TOLIMA NORTE;CO-TOL-DI-CELSIA-TNORTE-NORTE;S08312;;SANTA ISABEL 13.2 KV;MT-No Programada Con Interrupción;1;No;Permanente;;No;Despachado;Restaurado;0;Pendiente;L1;01/10/2026 11:48:37.151;12;0;Low;1;0;(-8364596.8, 527208.2);0;Llamada;01/10/2026 15:18:00.944;Interruptor compuesto;VDA VALLECITOS;No;No;DISTRIBUCION;Alimentador/Troncal MT;No
112;;1/10/2026;12:25:36.328;INC 146598891;;4101769-A;RURAL 13.2 KV;ROVIRA;Ninguna;BOLM-308 (I-59);0;0;11;TOLIMA NORTE;DISTRIBUCION TOLIMA;CELSIA - TOLIMA CENTRO;CO-TOL-DI-CELSIA-TNORTE-CENTRO;S07934;;RURAL 13.2 KV;MT-No Programada Con Interrupción;1;No;Permanente;;No;Despachado;No hay interrupción;0;Pendiente;L1;01/10/2026 12:25:36.283;7;0;Low;1;0;(-8382562.8, 467559.5);0;Llamada;;Interruptor compuesto;VDA CALABOZO;No;No;DISTRIBUCION;Alimentador/Troncal MT;No
113;;1/10/2026;12:27:12.977;INC 146598892;;66707008A;PAYANDE 2 13.2 KV;PAYANDE;Ninguna;BOLV-304;0;0;5;TOLIMA NORTE;DISTRIBUCION TOLIMA;CELSIA - TOLIMA CENTRO;CO-TOL-DI-CELSIA-TNORTE-CENTRO;S02214;;PAYANDE 2 13.2 KV;MT-No Programada Con Interrupción;1;No;Permanente;;No;Despachado;No hay interrupción;0;Cancelada;L1;01/10/2026 12:27:12.935;7;0;Low;1;0;(-8360263.4, 474439.2);0;Llamada;;Interruptor compuesto;VDA EL SALITRE FCA LA SOLEDAD;No;No;DISTRIBUCION;Alimentador/Troncal MT;No
114;;1/10/2026;12:27:56.574;INC 146598895;;1915461A;CAJAMARCA 2 CT 2;NUEVA CAJAMARCA;Ninguna;BOLM-353;0;0;1;TOLIMA NORTE;DISTRIBUCION TOLIMA;CELSIA - TOLIMA CENTRO;CO-TOL-DI-CELSIA-TNORTE-CENTRO;4099968B;;CAJAMARCA 2 CT 2;MT-No Programada Con Interrupción;1;No;Permanente;;No;Despachado;Restaurado;0;Iniciada;L1 L2;01/10/2026 12:27:56.509;7;0;Low;1;0;(-8402145.5, 483369.0);0;Llamada;02/10/2026 06:06:48.794;Interruptor compuesto;VDA PERU COROSAL;No;No;DISTRIBUCION;Alimentador/Troncal MT;No
115;;1/10/2026;12:37:27.463;INC 146598906;;2749084-A;PAYANDE 2 13.2 KV;PAYANDE;Ninguna;BOLM-310 (I-10);0;0;1;TOLIMA NORTE;DISTRIBUCION TOLIMA;CELSIA - TOLIMA CENTRO;CO-TOL-DI-CELSIA-TNORTE-CENTRO;S08818;;PAYANDE 2 13.2 KV;MT-No Programada Con Interrupción;1;No;Permanente;;No;Despachado;Restaurado;0;Pendiente;L1 L2;01/10/2026 12:37:27.336;8;0;Medium;1;0;(-8362211.2, 457198.7);0;Llamada;01/10/2026 18:22:42.070;Interruptor compuesto;VEREDA CHICUALI FINCA EL ENCISO SAN LUIS;No;No;DISTRIBUCION;Alimentador/Troncal MT;No
116;;1/10/2026;12:38:33.139;INC 146598908;;2228114-A;LIBANO 3 13.2 KV;LIBANO;Ninguna;BOLV-370 (M-20B);0;0;1;TOLIMA NORTE;DISTRIBUCION TOLIMA;CELSIA - TOLIMA NORTE;CO-TOL-DI-CELSIA-TNORTE-NORTE;2591618A;;LIBANO 3 13.2 KV;MT-No Programada Con Interrupción;1;No;Permanente;;No;Despachado;No hay interrupción;0;Pendiente;L2;01/10/2026 12:38:33.065;10;0;Low;1;0;(-8346277.0, 544230.5);0;Llamada;;Interruptor compuesto;VDA VILLANUEVA, FCA EL PROGRESO;No;No;DISTRIBUCION;Alimentador/Troncal MT;No
117;;1/10/2026;12:39:29.378;INC 146598910;;S11382;PAYANDE 2 13.2 KV;PAYANDE;Ninguna;BOLM-310 (I-10);0;0;1;TOLIMA NORTE;DISTRIBUCION TOLIMA;CELSIA - TOLIMA CENTRO;CO-TOL-DI-CELSIA-TNORTE-CENTRO;S06966;;PAYANDE 2 13.2 KV;MT-No Programada Con Interrupción;1;No;Permanente;;No;Despachado;Restaurado;0;Pendiente;L1 L2;01/10/2026 12:39:29.320;6;0;Low;1;0;(-8358398.8, 467956.4);0;Llamada;01/10/2026 18:22:42.070;Interruptor compuesto;VDA JAGUA BARTOLITO;No;No;DISTRIBUCION;Alimentador/Troncal MT;No
118;;1/10/2026;12:43:39.668;INC 146598915;;66578119A;ARRIEROS CTO 1;ARRIEROS;Ninguna;BOLV-370 (M-20B);0;0;4;TOLIMA NORTE;DISTRIBUCION TOLIMA;CELSIA - TOLIMA NORTE;CO-TOL-DI-CELSIA-TNORTE-NORTE;1691953A;;ARRIEROS CTO 1;MT-No Programada Con Interrupción;1;No;Permanente;;No;Despachado;No hay interrupción;0;Pendiente;L1;01/10/2026 12:43:39.613;20;0;Low;1;0;(-8348592.0, 548330.5);0;Llamada;;Interruptor compuesto;VDA EL TOCHE;No;No;DISTRIBUCION;Alimentador/Troncal MT;No
119;;1/10/2026;12:44:34.104;INC 146598918;;66036286A;ARRIEROS CTO 1;ARRIEROS;Ninguna;BOLV-370 (M-20B);0;0;8;TOLIMA NORTE;DISTRIBUCION TOLIMA;CELSIA - TOLIMA NORTE;CO-TOL-DI-CELSIA-TNORTE-NORTE;66650332A;;ARRIEROS CTO 1;MT-No Programada Con Interrupción;1;No;Permanente;;No;Despachado;No hay interrupción;0;Iniciada;L1 L3;01/10/2026 12:44:34.056;66;1;Raised;5;0;(-8352318.4, 548691.2);0;Llamada;;Interruptor compuesto;SIN DIRECCION;No;No;DISTRIBUCION;Alimentador/Troncal MT;No
120;;1/10/2026;12:45:12.687;INC 146598921;;66799867A;URBANO 13.2 KV;ROVIRA;Ninguna;BOLV-307;9;0;1;TOLIMA NORTE;DISTRIBUCION TOLIMA;CELSIA - TOLIMA CENTRO;CO-TOL-DI-CELSIA-TNORTE-CENTRO;S08482;;URBANO 13.2 KV;MT-No Programada Con Interrupción;1;No;Permanente;;No;Despachado;No restablecido;0;Pendiente;L3;01/10/2026 12:45:12.649;9;0;Low;1;0;(-8380284.9, 475788.0);0;Llamada;;Interruptor compuesto;VDA GUAGUAL;No;No;DISTRIBUCION;Alimentador/Troncal MT;Sí
121;;1/10/2026;12:53:11.394;INC 146598931;;66710858A;ARRIEROS CTO 1;ARRIEROS;Ninguna;BOLV-370 (M-20B);0;0;2;TOLIMA NORTE;DISTRIBUCION TOLIMA;CELSIA - TOLIMA NORTE;CO-TOL-DI-CELSIA-TNORTE-NORTE;2336341B;;ARRIEROS CTO 1;MT-No Programada Con Interrupción;1;No;Permanente;;No;Despachado;No hay interrupción;0;Pendiente;L1;01/10/2026 12:53:11.298;13;0;Low;1;0;(-8346252.0, 550729.3);0;Llamada;;Interruptor compuesto;VDA CASTILLA;No;No;DISTRIBUCION;Alimentador/Troncal MT;No
122;;1/10/2026;12:54:02.329;INC 146598933;;66967786A;JUNIN 13.2 KV;SANTA ISABEL;Ninguna;BOLM-325 (I-25);0;0;1;TOLIMA NORTE;DISTRIBUCION TOLIMA;CELSIA - TOLIMA NORTE;CO-TOL-DI-CELSIA-TNORTE-NORTE;S07241;;JUNIN 13.2 KV;MT-No Programada Con Interrupción;1;No;Permanente;;No;Despachado;Restaurado;0;Pendiente;L1;01/10/2026 12:54:02.280;11;0;Low;1;0;(-8357245.4, 523864.3);0;Llamada;01/10/2026 15:18:00.944;Interruptor compuesto;VDA LA CRISTALINA;No;No;DISTRIBUCION;Alimentador/Troncal MT;No
123;;1/10/2026;12:55:02.682;INC 146598934;;66622630-A;CAJAMARCA 2 13.2 KV;CAJAMARCA;Ninguna;BOLV-303;0;0;1;TOLIMA NORTE;DISTRIBUCION TOLIMA;CELSIA - TOLIMA CENTRO;CO-TOL-DI-CELSIA-TNORTE-CENTRO;RC1099;;CAJAMARCA 2 CT 2;MT-No Programada Con Interrupción;1;No;Permanente;;No;Despachado;No hay interrupción;0;Pendiente;L1;01/10/2026 12:55:02.641;8;0;Low;1;0;(-8397867.6, 490546.5);0;Llamada;;Interruptor compuesto;VDA EL ROSAL;No;No;DISTRIBUCION;Alimentador/Troncal MT;No
124;;1/10/2026;13:00:01.005;INC 146598945;;2590603A;LIBANO 3 13.2 KV;LIBANO;Ninguna;BOLV-370 (M-20B);0;0;6;TOLIMA NORTE;DISTRIBUCION TOLIMA;CELSIA - TOLIMA NORTE;CO-TOL-DI-CELSIA-TNORTE-NORTE;RB3285;;LIBANO 3 13.2 KV;MT-No Programada Con Interrupción;1;No;Permanente;;No;Despachado;No hay interrupción;0;Pendiente;L1 L2;01/10/2026 13:00:01.005;35;0;Low;3;0;(-8353594.9, 543030.6);0;Llamada;;Interruptor compuesto;SIN DIRECCION;No;No;DISTRIBUCION;Alimentador/Troncal MT;Sí
125;;1/10/2026;13:08:02.859;INC 146598954;;66691578A;JUNIN 13.2 KV;SANTA ISABEL;Ninguna;BOLM-325 (I-25);0;0;1;TOLIMA NORTE;DISTRIBUCION TOLIMA;CELSIA - TOLIMA NORTE;CO-TOL-DI-CELSIA-TNORTE-NORTE;2677199A;;JUNIN 13.2 KV;MT-No Programada Con Interrupción;1;No;Permanente;;No;Despachado;Restaurado;0;Pendiente;L2;01/10/2026 13:08:02.827;5;0;Low;1;0;(-8355955.4, 523542.3);0;Llamada;01/10/2026 15:18:00.944;Interruptor compuesto;VDA BUENAVISTA;No;No;DISTRIBUCION;Alimentador/Troncal MT;No
126;;1/10/2026;13:13:20.851;INC 146598956;;66751971A;EL TABLAZO 13.2 KV;PADUA;Ninguna;BOLV-317;0;0;2;TOLIMA NORTE;DISTRIBUCION TOLIMA;CELSIA - TOLIMA NORTE;CO-TOL-DI-CELSIA-TNORTE-NORTE;S02441;;EL TABLAZO 13.2 KV;MT-No Programada Con Interrupción;1;No;Permanente;;No;Despachado;No hay interrupción;0;Cancelada;L1;01/10/2026 13:13:20.807;21;0;Low;1;0;(-8356016.9, 576440.1);0;Llamada;;Interruptor compuesto;VDA DOS QUEBRADAS;No;No;DISTRIBUCION;Alimentador/Troncal MT;Sí
127;;1/10/2026;13:21:06.051;INC 146598970;;66853276A;ARRIEROS CTO 1;ARRIEROS;Ninguna;BOLV-370 (M-20B);0;0;4;TOLIMA NORTE;DISTRIBUCION TOLIMA;CELSIA - TOLIMA NORTE;CO-TOL-DI-CELSIA-TNORTE-NORTE;66037053A;;ARRIEROS CTO 1;MT-No Programada Con Interrupción;1;No;Permanente;;No;Despachado;No hay interrupción;0;Pendiente;L1;01/10/2026 13:21:06.021;10;0;Low;1;0;(-8354035.6, 550635.4);0;Llamada;;Interruptor compuesto;VDA CUBA;No;No;DISTRIBUCION;Alimentador/Troncal MT;No
128;;1/10/2026;13:35:56.974;INC 146598997;;2580276A;ARRIEROS CTO 2;ARRIEROS;Ninguna;BOLM-369 (M-20A);0;0;2;TOLIMA NORTE;DISTRIBUCION TOLIMA;CELSIA - TOLIMA NORTE;CO-TOL-DI-CELSIA-TNORTE-NORTE;RB1987;;SANTA ISABEL 13.2 KV;MT-No Programada Con Interrupción;1;No;Permanente;;No;Despachado;Restaurado;0;Pendiente;L1;01/10/2026 13:35:56.931;12;2;Raised;1;0;(-8372982.5, 546147.8);0;Llamada;01/10/2026 15:18:00.944;Interruptor compuesto;SANTA BARBARA;No;No;DISTRIBUCION;Alimentador/Troncal MT;No
129;;1/10/2026;13:40:16.224;INC 146599007;;S06907;JUNIN 13.2 KV;SANTA ISABEL;Ninguna;BOLM-324 (I-24);0;0;2;TOLIMA NORTE;DISTRIBUCION TOLIMA;CELSIA - TOLIMA NORTE;CO-TOL-DI-CELSIA-TNORTE-NORTE;RC1064;;JUNIN 13.2 KV;MT-No Programada Con Interrupción;1;No;Permanente;;No;Despachado;Restaurado;0;Pendiente;L3;01/10/2026 13:40:16.165;14;0;Low;1;0;(-8352243.1, 532953.8);0;Llamada;01/10/2026 15:18:00.944;Interruptor compuesto;SIN DIRECCION;No;No;DISTRIBUCION;Alimentador/Troncal MT;No
130;;1/10/2026;13:43:25.688;INC 146599009;;3457603A;ARRIEROS CTO 1;ARRIEROS;Ninguna;BOLV-372 (M-21B);0;0;1;TOLIMA NORTE;DISTRIBUCION TOLIMA;CELSIA - TOLIMA NORTE;CO-TOL-DI-CELSIA-TNORTE-NORTE;2336430A;;ARRIEROS CTO 1;MT-No Programada Con Interrupción;1;No;Permanente;;No;Despachado;No hay interrupción;0;Pendiente;L1;01/10/2026 13:43:25.650;7;1;Raised;1;0;(-8342723.2, 550797.4);0;Llamada;;Interruptor compuesto;VDA LAS ROSAS SECTOR ESCUELA;No;No;DISTRIBUCION;Alimentador/Troncal MT;No
131;;1/10/2026;13:55:26.571;INC 146599026;;2482088-A;FRESNO 3 13.2 KV;FRESNO;Ninguna;BOLM-315 (I-15);0;0;1;TOLIMA NORTE;DISTRIBUCION TOLIMA;CELSIA - TOLIMA NORTE;CO-TOL-DI-CELSIA-TNORTE-NORTE;S05759;;FRESNO 3 13.2 KV;MT-No Programada Con Interrupción;1;No;Permanente;;No;Despachado;No hay interrupción;0;Pendiente;L1;01/10/2026 13:55:26.515;4;0;Low;1;0;(-8355082.4, 574602.9);0;Llamada;;Interruptor compuesto;INVERAGRO;No;No;DISTRIBUCION;Alimentador/Troncal MT;Sí
132;;1/10/2026;13:56:17.558;INC 146599030;;S03277;CAJAMARCA 2 CT 2;NUEVA CAJAMARCA;Ninguna;BOLM-301 (I-1);0;0;1;TOLIMA NORTE;DISTRIBUCION TOLIMA;CELSIA - TOLIMA CENTRO;CO-TOL-DI-CELSIA-TNORTE-CENTRO;RB2623;;CAJAMARCA 2 CT 2;MT-No Programada Con Interrupción;1;No;Permanente;;No;Despachado;Restaurado;0;Pendiente;L1;01/10/2026 13:56:17.532;1;0;Low;1;0;(-8389556.3, 492497.2);0;Llamada;02/10/2026 06:06:48.794;Interruptor compuesto;SIN DIRECCION;No;No;DISTRIBUCION;Alimentador/Troncal MT;No
133;;1/10/2026;14:00:27.862;INC 146599036;;2220575A;ARRIEROS CTO 1;ARRIEROS;Ninguna;BOLV-372 (M-21B);0;0;1;TOLIMA NORTE;DISTRIBUCION TOLIMA;CELSIA - TOLIMA NORTE;CO-TOL-DI-CELSIA-TNORTE-NORTE;2336294A;;ARRIEROS CTO 1;MT-No Programada Con Interrupción;1;No;Permanente;;No;Despachado;No hay interrupción;0;Pendiente;L1 L2;01/10/2026 14:00:27.823;17;0;Medium;1;0;(-8346103.1, 552616.9);0;Llamada;;Interruptor compuesto;VDA PADILLA ALTA;No;No;DISTRIBUCION;Alimentador/Troncal MT;No
134;;1/10/2026;14:11:07.619;INC 146599047;;66622381A;ARRIEROS CTO 1;ARRIEROS;Ninguna;BOLV-372 (M-21B);0;0;1;TOLIMA NORTE;DISTRIBUCION TOLIMA;CELSIA - TOLIMA NORTE;CO-TOL-DI-CELSIA-TNORTE-NORTE;2417979A;;ARRIEROS CTO 1;MT-No Programada Con Interrupción;1;No;Permanente;;No;Despachado;No hay interrupción;0;Pendiente;L1 L2;01/10/2026 14:11:07.577;11;0;Low;1;0;(-8345107.3, 547487.9);0;Llamada;;Interruptor compuesto;SIN DIRECCION;No;No;DISTRIBUCION;Alimentador/Troncal MT;No
135;;1/10/2026;14:13:25.657;INC 146599050;;66577791A;ARRIEROS CTO 1;ARRIEROS;Ninguna;BOLV-370 (M-20B);0;0;1;TOLIMA NORTE;DISTRIBUCION TOLIMA;CELSIA - TOLIMA NORTE;CO-TOL-DI-CELSIA-TNORTE-NORTE;1691686A;;ARRIEROS CTO 1;MT-No Programada Con Interrupción;1;No;Permanente;;No;Despachado;No hay interrupción;0;Pendiente;L1;01/10/2026 14:13:25.619;20;0;Low;1;0;(-8348797.2, 549923.8);0;Llamada;;Interruptor compuesto;LAS AMERICAS;No;No;DISTRIBUCION;Alimentador/Troncal MT;No
136;;1/10/2026;14:14:40.614;INC 146599052;;S05578;LIBANO 3 13.2 KV;LIBANO;Ninguna;BOLV-370 (M-20B);0;0;5;TOLIMA NORTE;DISTRIBUCION TOLIMA;CELSIA - TOLIMA NORTE;CO-TOL-DI-CELSIA-TNORTE-NORTE;RB3307;;LIBANO 3 13.2 KV;MT-No Programada Con Interrupción;1;No;Permanente;;No;Despachado;No hay interrupción;0;Pendiente;L1 L2;01/10/2026 14:14:40.573;150;3;Raised;17;0;(-8349928.4, 541317.3);0;Llamada;;Interruptor compuesto;SECCIONAMIENTO BERLIN;No;No;DISTRIBUCION;Alimentador/Troncal MT;No
137;;1/10/2026;14:58:00.603;INC 146599079;;S09345;ANZOATEGUI 13.2 KV;SANTA ISABEL;Ninguna;BOLM-322 (I-22);0;0;1;TOLIMA NORTE;DISTRIBUCION TOLIMA;CELSIA - TOLIMA NORTE;CO-TOL-DI-CELSIA-TNORTE-NORTE;S04421;;ANZOATEGUI 13.2 KV;MT-No Programada Con Interrupción;1;No;Permanente;;No;Despachado;Restaurado;0;Pendiente;L1;01/10/2026 14:58:00.556;9;0;Low;1;0;(-8356587.7, 513475.9);0;Llamada;01/10/2026 15:18:00.944;Interruptor compuesto;SECCIONAMIENTO HACIA TRAFO 20109;No;No;DISTRIBUCION;Alimentador/Troncal MT;No
138;;1/10/2026;15:13:22.577;INC 146599094;;S07444;PALOCABILDO 2 13.2 KV;PALOCABILDO;Ninguna;BOLM-320;0;0;1;TOLIMA NORTE;DISTRIBUCION TOLIMA;CELSIA - TOLIMA NORTE;CO-TOL-DI-CELSIA-TNORTE-NORTE;2224909B;;PALOCABILDO 2 13.2 KV;MT-No Programada Con Interrupción;1;No;Permanente;;No;Despachado;No hay interrupción;0;Pendiente;L2;01/10/2026 15:13:22.525;20;0;Low;1;0;(-8349593.7, 568666.1);0;Llamada;;Interruptor compuesto;SIN DIRECCION;No;No;DISTRIBUCION;Alimentador/Troncal MT;No
139;;1/10/2026;15:21:18.735;INC 146599108;;3425339-A;ANZOATEGUI 13.2 KV;SANTA ISABEL;Ninguna;BOLM-322 (I-22);0;0;3;TOLIMA NORTE;DISTRIBUCION TOLIMA;CELSIA - TOLIMA NORTE;CO-TOL-DI-CELSIA-TNORTE-NORTE;66630900C;;ANZOATEGUI 13.2 KV;MT-No Programada Con Interrupción;1;No;Permanente;;No;Despachado;Restaurado;0;Pendiente;L1;01/10/2026 15:21:18.261;15;0;Low;1;0;(-8362657.9, 510947.8);0;Llamada;01/10/2026 15:18:00.944;Interruptor compuesto;VDA SANTA HELENA;No;No;DISTRIBUCION;Alimentador/Troncal MT;No
140;;1/10/2026;15:25:47.775;INC 146599111;;66037096A;DOIMA 1 13.2 KV;DOIMA;Ninguna;BOLM-313 (I-13);0;0;1;TOLIMA NORTE;DISTRIBUCION TOLIMA;CELSIA - TOLIMA CENTRO;CO-TOL-DI-CELSIA-TNORTE-CENTRO;66073440B;;DOIMA 1 13.2 KV;MT-No Programada Con Interrupción;1;No;Permanente;;No;Despachado;No hay interrupción;0;Pendiente;L1;01/10/2026 15:25:47.725;12;0;Low;1;0;(-8344884.5, 493157.4);0;Llamada;;Interruptor compuesto;VDA LAS CABRAS;No;No;DISTRIBUCION;Alimentador/Troncal MT;No
141;;1/10/2026;15:38:27.795;INC 146599122;;66782387A;PIEDRAS 13.2 KV;ALVARADO;Ninguna;BOLM-313 (I-13);0;0;4;TOLIMA NORTE;DISTRIBUCION TOLIMA;CELSIA - TOLIMA CENTRO;CO-TOL-DI-CELSIA-TNORTE-CENTRO;1665685A;;PIEDRAS 13.2 KV;MT-No Programada Con Interrupción;1;No;Permanente;;No;Despachado;No hay interrupción;0;Pendiente;L1;01/10/2026 15:38:27.744;106;1;Raised;1;0;(-8335355.3, 506449.8);0;Llamada;;Interruptor compuesto;PIEDRAS MNZ B CASA 1 PEDREGAL ;No;No;DISTRIBUCION;Alimentador/Troncal MT;No
142;;1/10/2026;15:50:02.586;INC 146599137;;1778081A;CAJAMARCA 2 13.2 KV;CAJAMARCA;Desconocida;BOLV-303;0;0;1;TOLIMA NORTE;DISTRIBUCION TOLIMA;CELSIA - TOLIMA CENTRO;CO-TOL-DI-CELSIA-TNORTE-CENTRO;RC1099;;CAJAMARCA 2 CT 2;MT-No Programada Con Interrupción;1;No;Permanente;;No;Despachado;No hay interrupción;0;Finalizada;L1;01/10/2026 15:50:02.535;29;1;Raised;1;0;(-8397034.4, 492497.8);0;Llamada;;Interruptor compuesto;VDA PUENTE HIERRO;No;No;DISTRIBUCION;Alimentador/Troncal MT;No
143;;1/10/2026;15:57:16.209;INC 146599144;;66056945A;ARRIEROS CTO 3;ARRIEROS;Ninguna;BOLM-314 (I-14);0;0;1;TOLIMA NORTE;DISTRIBUCION TOLIMA;CELSIA - TOLIMA NORTE;CO-TOL-DI-CELSIA-TNORTE-NORTE;2658640A;;ARRIEROS CTO 3;MT-No Programada Con Interrupción;1;No;Permanente;;No;Despachado;No hay interrupción;0;Pendiente;L3;01/10/2026 15:57:16.152;21;0;Low;1;0;(-8361593.8, 550982.1);0;Llamada;;Interruptor compuesto;VDA LA PRIMAVERA ALTA;No;No;DISTRIBUCION;Alimentador/Troncal MT;No
144;;1/10/2026;15:59:25.489;INC 146599148;;66581845A;ANZOATEGUI 13.2 KV;SANTA ISABEL;Ninguna;BOLM-322 (I-22);0;0;2;TOLIMA NORTE;DISTRIBUCION TOLIMA;CELSIA - TOLIMA NORTE;CO-TOL-DI-CELSIA-TNORTE-NORTE;66581837B;;ANZOATEGUI 13.2 KV;MT-No Programada Con Interrupción;1;No;Permanente;;No;Despachado;No hay interrupción;0;Pendiente;L2;01/10/2026 15:59:25.448;1;0;Low;1;0;(-8364689.0, 507667.9);0;Llamada;;Interruptor compuesto;SAN ANTONIO;No;No;DISTRIBUCION;Alimentador/Troncal MT;No
145;;1/10/2026;16:07:21.578;INC 146599159;;66581837A;ANZOATEGUI 13.2 KV;SANTA ISABEL;Ninguna;BOLM-322 (I-22);0;0;1;TOLIMA NORTE;DISTRIBUCION TOLIMA;CELSIA - TOLIMA NORTE;CO-TOL-DI-CELSIA-TNORTE-NORTE;S03839;;ANZOATEGUI 13.2 KV;MT-No Programada Con Interrupción;1;No;Permanente;;No;Despachado;No hay interrupción;0;Iniciada;L1;01/10/2026 16:07:21.545;15;0;Low;1;0;(-8364127.1, 507990.4);0;Llamada;;Interruptor compuesto;SAN ANTONIO;No;No;DISTRIBUCION;Alimentador/Troncal MT;No
146;;1/10/2026;16:10:21.103;INC 146599162;;2436892A;CAJAMARCA 2 CT 2;NUEVA CAJAMARCA;Ninguna;BOLM-353;0;0;1;TOLIMA NORTE;DISTRIBUCION TOLIMA;CELSIA - TOLIMA CENTRO;CO-TOL-DI-CELSIA-TNORTE-CENTRO;2436868A;;CAJAMARCA 2 CT 2;MT-No Programada Con Interrupción;1;No;Permanente;;No;Despachado;No hay interrupción;0;Pendiente;L1;01/10/2026 16:10:21.056;29;0;Low;1;0;(-8392502.5, 492508.9);0;Llamada;;Interruptor compuesto;VDA EL CEDRAL LA GRANADA;No;No;DISTRIBUCION;Alimentador/Troncal MT;No
147;;1/10/2026;16:11:27.986;INC 146599164;;2263688-A;PAYANDE 2 13.2 KV;PAYANDE;Ninguna;BOLM-436 (I-36);0;0;2;TOLIMA NORTE;DISTRIBUCION TOLIMA;CELSIA - TOLIMA SUR;CO-TOL-DI-CELSIA-TNORTE-CENTRO;2620987A;;PAYANDE 2 13.2 KV;MT-No Programada Con Interrupción;1;No;Permanente;;No;Despachado;Restaurado;0;Pendiente;L1;01/10/2026 16:11:27.954;5;0;Low;1;0;(-8367994.8, 444251.9);0;Llamada;01/10/2026 18:22:42.070;Interruptor compuesto;VDA MESA DE CUCUANA;No;No;DISTRIBUCION;Alimentador/Troncal MT;No
148;;1/10/2026;16:13:51.698;INC 146599168;;2207176-A;PAYANDE 2 13.2 KV;PAYANDE;Ninguna;BOLM-310 (I-10);0;0;1;TOLIMA NORTE;DISTRIBUCION TOLIMA;CELSIA - TOLIMA CENTRO;CO-TOL-DI-CELSIA-TNORTE-CENTRO;S08150;;PAYANDE 2 13.2 KV;MT-No Programada Con Interrupción;1;No;Permanente;;No;Despachado;Restaurado;0;Pendiente;L2;01/10/2026 16:13:51.654;17;1;Raised;1;0;(-8368648.9, 451741.1);0;Llamada;01/10/2026 18:22:42.070;Interruptor compuesto;VDA LA CAÑADA;No;No;DISTRIBUCION;Alimentador/Troncal MT;No
149;;1/10/2026;16:18:48.228;INC 146599173;;2217970A;PALOCABILDO 3 13.2 KV;PALOCABILDO;Ninguna;BOLM-315 (I-15);0;0;2;TOLIMA NORTE;DISTRIBUCION TOLIMA;CELSIA - TOLIMA NORTE;CO-TOL-DI-CELSIA-TNORTE-NORTE;4036638A;;PALOCABILDO 3 13.2 KV;MT-No Programada Con Interrupción;1;No;Permanente;;No;Despachado;No hay interrupción;0;Pendiente;L1;01/10/2026 16:18:48.174;30;0;Low;1;0;(-8346886.1, 568969.8);0;Llamada;;Interruptor compuesto;VDA PIEDRAS NEGRAS;No;No;DISTRIBUCION;Alimentador/Troncal MT;No
150;;1/10/2026;16:43:32.034;INC 146599199;;66036561A;ARRIEROS CTO 1;ARRIEROS;Ninguna;BOLV-370 (M-20B);0;0;3;TOLIMA NORTE;DISTRIBUCION TOLIMA;CELSIA - TOLIMA NORTE;CO-TOL-DI-CELSIA-TNORTE-NORTE;66944654B;;ARRIEROS CTO 1;MT-No Programada Con Interrupción;1;No;Permanente;;No;Despachado;No hay interrupción;0;Pendiente;L1 L2 L3;01/10/2026 16:43:31.984;27;1;Raised;1;0;(-8350695.1, 552235.0);0;Llamada;;Interruptor compuesto;VDA HORIZONTE, FCA LA FONDA;No;No;DISTRIBUCION;Alimentador/Troncal MT;No
151;;1/10/2026;16:53:35.872;INC 146599213;;S08090;FRESNO 3 13.2 KV;FRESNO;Ninguna;BOLM-316 (I-16);0;0;1;TOLIMA NORTE;DISTRIBUCION TOLIMA;CELSIA - TOLIMA NORTE;CO-TOL-DI-CELSIA-TNORTE-NORTE;S08088;;FRESNO 3 13.2 KV;MT-No Programada Con Interrupción;1;No;Permanente;;No;Despachado;No hay interrupción;0;Pendiente;L1;01/10/2026 16:53:35.830;4;0;Low;1;0;(-8350026.4, 589252.4);0;Llamada;;Interruptor compuesto;SIN DIRECCION;No;No;DISTRIBUCION;Alimentador/Troncal MT;No
152;;1/10/2026;17:05:48.154;INC 146599224;;4038846A;ARRIEROS CTO 1;ARRIEROS;Ninguna;BOLV-370 (M-20B);0;0;1;TOLIMA NORTE;DISTRIBUCION TOLIMA;CELSIA - TOLIMA NORTE;CO-TOL-DI-CELSIA-TNORTE-NORTE;66650332A;;ARRIEROS CTO 1;MT-No Programada Con Interrupción;1;No;Permanente;;No;Despachado;No hay interrupción;0;Pendiente;L2;01/10/2026 17:05:48.100;15;1;Raised;1;0;(-8351986.8, 548870.3);0;Llamada;;Interruptor compuesto;VDA TARAPACA;No;No;DISTRIBUCION;Alimentador/Troncal MT;No
153;;1/10/2026;17:07:23.187;INC 146599226;;66695662A;ARRIEROS CTO 3;ARRIEROS;Ninguna;BOLM-314 (I-14);0;0;1;TOLIMA NORTE;DISTRIBUCION TOLIMA;CELSIA - TOLIMA NORTE;CO-TOL-DI-CELSIA-TNORTE-NORTE;RB3251;;HERVEO 2 13.2 KV;MT-No Programada Con Interrupción;1;No;Permanente;;No;Despachado;No hay interrupción;0;Pendiente;L1;01/10/2026 17:07:23.066;9;0;Low;1;0;(-8361028.2, 563888.7);0;Llamada;;Interruptor compuesto;VDA ALTO BONITO;No;No;DISTRIBUCION;Alimentador/Troncal MT;No
154;DP;1/10/2026;17:08:52.130;INC 146599227;;65183935A;LIBANO 3 13.2 KV;LIBANO;Transformador distribución averiado;"BOLV-370 (M-20B); DP-CA-S-NorteTolima";9;0;1;TOLIMA NORTE;DISTRIBUCION TOLIMA;CELSIA - TOLIMA NORTE;CO-TOL-DI-CELSIA-TNORTE-NORTE;S02239;;LIBANO 3 13.2 KV;MT-No Programada Con Interrupción;1;No;Permanente;;Sí;Despachado;No restablecido;0;"Finalizada; Pendiente";L1 L3;01/10/2026 17:08:52.088;9;0;Medium;1;0;(-8353883.0, 547702.2);0;Llamada;;Interruptor compuesto;VDA SAN JUAN;No;No;DISTRIBUCION;Alimentador/Troncal MT;No
155;;1/10/2026;17:09:01.964;INC 146599228;;66577805A;ARRIEROS CTO 1;ARRIEROS;Ninguna;BOLV-370 (M-20B);0;0;5;TOLIMA NORTE;DISTRIBUCION TOLIMA;CELSIA - TOLIMA NORTE;CO-TOL-DI-CELSIA-TNORTE-NORTE;RB1869;;ARRIEROS CTO 1;MT-No Programada Con Interrupción;1;No;Permanente;;No;Despachado;No hay interrupción;0;Pendiente;L1 L2 L3;01/10/2026 17:09:01.897;45;2;Raised;1;0;(-8349843.9, 553435.2);0;Llamada;;Interruptor compuesto;VDA CONVENIO;No;No;DISTRIBUCION;Alimentador/Troncal MT;No
156;;1/10/2026;17:16:22.211;INC 146599234;;2079453-A;ANZOATEGUI 13.2 KV;SANTA ISABEL;Ninguna;BOLM-322 (I-22);0;0;2;TOLIMA NORTE;DISTRIBUCION TOLIMA;CELSIA - TOLIMA CENTRO;CO-TOL-DI-CELSIA-TNORTE-NORTE;66649830A;;ANZOATEGUI 13.2 KV;MT-No Programada Con Interrupción;1;No;Permanente;;No;Despachado;No hay interrupción;0;Pendiente;L1;01/10/2026 17:16:22.169;27;2;Raised;1;0;(-8352463.0, 518572.6);0;Llamada;;Interruptor compuesto;VDA JUNTAS;No;No;DISTRIBUCION;Alimentador/Troncal MT;No
157;;1/10/2026;17:19:20.339;INC 146599235;;1691848A;ARRIEROS CTO 1;ARRIEROS;Ninguna;BOLV-370 (M-20B);0;0;4;TOLIMA NORTE;DISTRIBUCION TOLIMA;CELSIA - TOLIMA NORTE;CO-TOL-DI-CELSIA-TNORTE-NORTE;1691686A;;ARRIEROS CTO 1;MT-No Programada Con Interrupción;1;No;Permanente;;No;Despachado;No hay interrupción;0;Pendiente;L1;01/10/2026 17:19:20.256;13;0;Low;1;0;(-8348738.3, 550059.0);0;Llamada;;Interruptor compuesto;VDA SANTA BARBARA;No;No;DISTRIBUCION;Alimentador/Troncal MT;No
158;;1/10/2026;17:24:25.454;INC 146599245;;2219433A;LIBANO 3 13.2 KV;LIBANO;Ninguna;BOLV-370 (M-20B);0;0;1;TOLIMA NORTE;DISTRIBUCION TOLIMA;CELSIA - TOLIMA NORTE;CO-TOL-DI-CELSIA-TNORTE-NORTE;2591618A;;LIBANO 3 13.2 KV;MT-No Programada Con Interrupción;1;No;Permanente;;No;Despachado;No hay interrupción;0;Pendiente;L1;01/10/2026 17:24:25.419;11;0;Low;1;0;(-8346790.8, 546250.6);0;Llamada;;Interruptor compuesto;VDA EL TOCHE;No;No;DISTRIBUCION;Alimentador/Troncal MT;No
159;;1/10/2026;17:27:46.418;INC 146599252;;2221764-A;GUAYABAL 2 13.2 KV;GUAYABAL;Ninguna;BOLM-362;0;0;1;TOLIMA NORTE;DISTRIBUCION TOLIMA;CELSIA - TOLIMA NORTE;CO-TOL-DI-CELSIA-TNORTE-NORTE;2741113A;;PALOCABILDO 2 13.2 KV;MT-No Programada Con Interrupción;1;No;Permanente;;No;Despachado;Restaurado;0;Pendiente;L1;01/10/2026 17:27:46.372;63;2;Raised;1;0;(-8348261.8, 556088.2);0;Llamada;02/10/2026 08:53:03.597;Interruptor compuesto;VRD SAN PEDRO;No;No;DISTRIBUCION;Alimentador/Troncal MT;No
160;;1/10/2026;17:39:31.108;INC 146599263;;65128926A;ARRIEROS CTO 1;ARRIEROS;Ninguna;BOLV-370 (M-20B);0;0;1;TOLIMA NORTE;DISTRIBUCION TOLIMA;CELSIA - TOLIMA NORTE;CO-TOL-DI-CELSIA-TNORTE-NORTE;65148668A;;ARRIEROS CTO 1;MT-No Programada Con Interrupción;1;No;Permanente;;No;Despachado;No hay interrupción;0;Pendiente;L1;01/10/2026 17:39:30.892;25;0;Low;1;0;(-8350844.7, 554814.1);0;Llamada;;Interruptor compuesto;SIN DIRECCION;No;No;DISTRIBUCION;Alimentador/Troncal MT;No
161;;1/10/2026;17:57:18.878;INC 146599291;;66632490A;PALOCABILDO 3 13.2 KV;PALOCABILDO;Ninguna;BOLM-315 (I-15);0;0;1;TOLIMA NORTE;DISTRIBUCION TOLIMA;CELSIA - TOLIMA NORTE;CO-TOL-DI-CELSIA-TNORTE-NORTE;66649962A;;PALOCABILDO 3 13.2 KV;MT-No Programada Con Interrupción;1;No;Permanente;;No;Despachado;No hay interrupción;0;Pendiente;L1;01/10/2026 17:57:18.819;13;0;Low;1;0;(-8346161.5, 573312.1);0;Llamada;;Interruptor compuesto;VDA LA RICA FCA LA ESPERANSA;No;No;DISTRIBUCION;Alimentador/Troncal MT;No
162;;1/10/2026;18:11:41.057;INC 146599310;;65922894-A;SAN JORGE 5 13.2 KV;SAN JORGE;Ninguna;BOLV-399 (Apoyo);0;0;1;TOLIMA NORTE;DISTRIBUCION TOLIMA;CELSIA - TOLIMA CENTRO;CO-TOL-DI-CELSIA-TNORTE-CENTRO;S00255;;SAN JORGE 5 13.2 KV;MT-No Programada Con Interrupción;1;No;Permanente;;No;Despachado;No hay interrupción;0;No Realizado;L1;01/10/2026 18:11:41.008;96;0;Medium;1;0;(-8378248.0, 491841.8);0;Llamada;;Interruptor compuesto;MZ E CS 1 T. BOQUERON;No;No;DISTRIBUCION;Alimentador/Troncal MT;No
163;;1/10/2026;18:40:40.920;INC 146599342;;65226510A;EL TABLAZO 13.2 KV;PADUA;Descargas atmosfericas;BOLM-319 (I-19);0;0;3;TOLIMA NORTE;DISTRIBUCION TOLIMA;CELSIA - TOLIMA NORTE;CO-TOL-DI-CELSIA-TNORTE-NORTE;S02444;;EL TABLAZO 13.2 KV;MT-No Programada Con Interrupción;1;No;Permanente;;No;Despachado;No hay interrupción;0;Finalizada;L1;01/10/2026 18:40:40.876;28;1;Raised;1;0;(-8354993.5, 576960.6);0;Llamada;;Interruptor compuesto;VDA MULATO;No;No;DISTRIBUCION;Alimentador/Troncal MT;No
164;;1/10/2026;18:41:25.119;INC 146599343;;2295300-A;MARIQUITA 4 13.2 KV;MARIQUITA;Ninguna;BOLV-368 (M-19B);0;0;1;TOLIMA NORTE;DISTRIBUCION TOLIMA;CELSIA - TOLIMA NORTE;CO-TOL-DI-CELSIA-TNORTE-NORTE;66035700A;;MARIQUITA 4 13.2 KV;MT-No Programada Con Interrupción;1;No;Permanente;;No;Despachado;No hay interrupción;0;Pendiente;L2;01/10/2026 18:41:25.034;5;0;Low;1;0;(-8343425.0, 585770.0);0;Llamada;;Interruptor compuesto;VDA GUACAS;No;No;DISTRIBUCION;Alimentador/Troncal MT;No
165;;1/10/2026;18:41:37.649;INC 146599344;INC 146598003;66788113A;LERIDA 3 13.2 KV;LERIDA;Ninguna;BOLM-371 (M-21A);0;0;0;TOLIMA NORTE;DISTRIBUCION TOLIMA;CELSIA - TOLIMA NORTE;CO-TOL-DI-CELSIA-TNORTE-NORTE;MP186684C;CORE\jdospina;LERIDA 3 13.2 KV;MT-No Programada Con Interrupción;1;No;Permanente;;No;Despachado;No hay interrupción;0;Pendiente;L1 L2 L3;01/10/2026 03:21:01.585;2;0;Medium;1;0;(-8339639.8, 552821.0);0;Llamada;;Interruptor compuesto;VDA COLOYA;No;No;DISTRIBUCION;Alimentador/Troncal MT;No
166;;1/10/2026;18:43:47.146;INC 146599348;;2231948A;PALOCABILDO 3 13.2 KV;PALOCABILDO;Ninguna;BOLM-315 (I-15);0;0;2;TOLIMA NORTE;DISTRIBUCION TOLIMA;CELSIA - TOLIMA NORTE;CO-TOL-DI-CELSIA-TNORTE-NORTE;2544237A;;PALOCABILDO 3 13.2 KV;MT-No Programada Con Interrupción;1;No;Permanente;;No;Despachado;No hay interrupción;0;Pendiente;L2 L3;01/10/2026 18:43:47.099;12;1;Raised;1;0;(-8347386.3, 569780.8);0;Llamada;;Interruptor compuesto;VDA LAS PINOS;No;No;DISTRIBUCION;Alimentador/Troncal MT;No
167;;1/10/2026;18:53:05.967;INC 146599354;;4044160A;PALOCABILDO 1 13.2 KV;PALOCABILDO;Ninguna;BOLM-323 (I-23);0;0;1;TOLIMA NORTE;DISTRIBUCION TOLIMA;CELSIA - TOLIMA NORTE;CO-TOL-DI-CELSIA-TNORTE-NORTE;RB2534;;PALOCABILDO 1 13.2 KV;MT-No Programada Con Interrupción;1;No;Permanente;;No;Despachado;No hay interrupción;0;Pendiente;L2;01/10/2026 18:53:05.922;94;4;Raised;1;0;(-8351389.2, 570907.7);0;Llamada;;Interruptor compuesto;CLL 6COOPERATIVADECAFICULTORES;No;No;DISTRIBUCION;Alimentador/Troncal MT;No
168;;1/10/2026;19:02:54.529;INC 146599364;;2249499-A;RURAL 13.2 KV;ROVIRA;Ninguna;BOLM-308 (I-59);0;0;1;TOLIMA NORTE;DISTRIBUCION TOLIMA;CELSIA - TOLIMA CENTRO;CO-TOL-DI-CELSIA-TNORTE-CENTRO;65085641A;;RURAL 13.2 KV;MT-No Programada Con Interrupción;1;No;Permanente;;No;Despachado;No hay interrupción;0;Pendiente;L1;01/10/2026 19:02:54.479;51;2;Raised;1;0;(-8390749.2, 468388.3);0;Llamada;;Interruptor compuesto;VDA EL CUCAL LA BRECHA;No;No;DISTRIBUCION;Alimentador/Troncal MT;No
169;;1/10/2026;19:04:13.188;INC 146599365;;66037304A;MARIQUITA 4 13.2 KV;MARIQUITA;Ninguna;BOLV-368 (M-19B);0;0;2;TOLIMA NORTE;DISTRIBUCION TOLIMA;CELSIA - TOLIMA NORTE;CO-TOL-DI-CELSIA-TNORTE-NORTE;S08266;;MARIQUITA 4 13.2 KV;MT-No Programada Con Interrupción;1;No;Permanente;;No;Despachado;No hay interrupción;0;Pendiente;L1;01/10/2026 19:04:13.135;8;0;Low;1;0;(-8342055.2, 583353.1);0;Llamada;;Interruptor compuesto;VDA PUEBLO NUEVO;No;No;DISTRIBUCION;Alimentador/Troncal MT;No
170;;1/10/2026;19:11:49.736;INC 146599371;;2231204A;PALOCABILDO 3 13.2 KV;PALOCABILDO;Ninguna;BOLM-320;0;0;1;TOLIMA NORTE;DISTRIBUCION TOLIMA;CELSIA - TOLIMA NORTE;CO-TOL-DI-CELSIA-TNORTE-NORTE;RB2554;;PALOCABILDO 3 13.2 KV;MT-No Programada Con Interrupción;1;No;Permanente;;No;Despachado;No hay interrupción;0;Pendiente;L1;01/10/2026 19:11:49.672;11;0;Low;1;0;(-8349193.2, 569565.4);0;Llamada;;Interruptor compuesto;VDA PRIMAVERA;No;No;DISTRIBUCION;Alimentador/Troncal MT;No
171;;1/10/2026;19:26:31.415;INC 146599387;;3461626A;SANTA ISABEL 13.2 KV;SANTA ISABEL;Ninguna;BOLM-369 (M-20A);0;0;1;TOLIMA NORTE;DISTRIBUCION TOLIMA;CELSIA - TOLIMA NORTE;CO-TOL-DI-CELSIA-TNORTE-NORTE;3403262B;;SANTA ISABEL 13.2 KV;MT-No Programada Con Interrupción;1;No;Permanente;;No;Despachado;No hay interrupción;0;Pendiente;L2;01/10/2026 19:26:31.370;5;0;Low;1;0;(-8370854.0, 541758.3);0;Llamada;;Interruptor compuesto;VDA REQUINTADEROS;No;No;DISTRIBUCION;Alimentador/Troncal MT;No
172;;1/10/2026;19:35:45.581;INC 146599393;;2329107-A;PAYANDE 2 13.2 KV;PAYANDE;Alta vegetación;BOLV-304;0;0;3;TOLIMA NORTE;DISTRIBUCION TOLIMA;CELSIA - TOLIMA CENTRO;CO-TOL-DI-CELSIA-TNORTE-CENTRO;S02214;;PAYANDE 2 13.2 KV;MT-No Programada Con Interrupción;1;No;Permanente;;No;Despachado;No hay interrupción;0;Finalizada;L3;01/10/2026 19:35:45.534;11;0;Medium;1;0;(-8361160.3, 475363.2);0;Llamada;;Interruptor compuesto;VDA EL SALITRE;No;No;DISTRIBUCION;Alimentador/Troncal MT;No
173;;1/10/2026;21:08:56.317;INC 146599444;;2228521A;ARRIEROS CTO 1;ARRIEROS;Ninguna;BOLV-370 (M-20B);0;0;2;TOLIMA NORTE;DISTRIBUCION TOLIMA;CELSIA - TOLIMA NORTE;CO-TOL-DI-CELSIA-TNORTE-NORTE;L250;;ARRIEROS CTO 1;MT-No Programada Con Interrupción;1;No;Permanente;;No;Despachado;No hay interrupción;0;Pendiente;L1 L2;01/10/2026 21:08:56.273;11;0;Low;1;0;(-8355748.1, 549461.9);0;Llamada;;Interruptor compuesto;VDA ALTO DE SAN JUAN;No;No;DISTRIBUCION;Alimentador/Troncal MT;No
174;;2/10/2026;00:35:59.294;INC 146599490;;2810701-A;ANZOATEGUI 13.2 KV;SANTA ISABEL;Ninguna;BOLM-322 (I-22);0;0;1;TOLIMA NORTE;DISTRIBUCION TOLIMA;CELSIA - TOLIMA NORTE;CO-TOL-DI-CELSIA-TNORTE-NORTE;S08800;;ANZOATEGUI 13.2 KV;MT-No Programada Con Interrupción;2;No;Permanente;;No;Despachado;No hay interrupción;0;Pendiente;L2;02/10/2026 00:35:59.247;73;1;Raised;1;0;(-8359675.8, 510246.2);0;Llamada;;Interruptor compuesto;VDA LISBOA;No;No;DISTRIBUCION;Alimentador/Troncal MT;No
175;;2/10/2026;03:29:43.461;INC 146599502;;MP59752-A;LERIDA 3 13.2 KV;LERIDA;Conexion floja;BOLV-372 (M-21B);0;0;12;TOLIMA NORTE;DISTRIBUCION TOLIMA;CELSIA - TOLIMA NORTE;CO-TOL-DI-CELSIA-TNORTE-NORTE;;;LERIDA 3 13.2 KV;MT-No Programada Con Interrupción;4;No;Permanente;;No;Despachado;No hay interrupción;0;Finalizada;L1 L2 L3;02/10/2026 03:29:43.417;61;0;Medium;1;0;(-8338464.1, 542282.1);0;Llamada;;Interruptor compuesto;CRA 5Nº10A-00;No;No;DISTRIBUCION;Alimentador/Troncal MT;No
176;;2/10/2026;04:01:12.681;INC 146599505;;2275830-A;MARIQUITA 4 13.2 KV;MARIQUITA;Ninguna;BOLV-368 (M-19B);0;0;1;TOLIMA NORTE;DISTRIBUCION TOLIMA;CELSIA - TOLIMA NORTE;CO-TOL-DI-CELSIA-TNORTE-NORTE;S07781;;MARIQUITA 4 13.2 KV;MT-No Programada Con Interrupción;3;No;Permanente;;No;Despachado;No hay interrupción;0;Pendiente;L2;02/10/2026 04:01:12.418;22;0;Low;1;0;(-8338919.7, 584431.2);0;Llamada;;Interruptor compuesto;MARIQUITA VDA ORITA FNC LA LFORESTA;No;No;DISTRIBUCION;Alimentador/Troncal MT;No
177;;2/10/2026;04:23:20.798;INC 146599508;;2547333A;EL SALTO CTO 3 A 13,2 kV;EL SALTO;Descargas atmosfericas;BOLV-363 (M-18A);0;0;1;TOLIMA NORTE;DISTRIBUCION TOLIMA;CELSIA - TOLIMA NORTE;CO-TOL-DI-CELSIA-TNORTE-CENTRO;2547244A;;EL SALTO CTO 3 A 13,2 kV;MT-No Programada Con Interrupción;4;No;Permanente;;No;Despachado;No hay interrupción;0;Finalizada;L1 L2;02/10/2026 04:23:20.755;2;0;Low;1;0;(-8327709.9, 583671.6);0;Llamada;;Interruptor compuesto;SIN DIRECCION;No;No;DISTRIBUCION;Alimentador/Troncal MT;No
178;;2/10/2026;04:24:55.423;INC 146599509;;65950049A;PAPAYO 2 13.2 KV;PAPAYO;Desconocida;BOLV-394;0;0;7;TOLIMA NORTE;DISTRIBUCION TOLIMA;CELSIA - TOLIMA CENTRO;CO-TOL-DI-CELSIA-TNORTE-CENTRO;RB2061;;PAPAYO 2 13.2 KV;MT-No Programada Con Interrupción;2;No;Permanente;;No;Despachado;No hay interrupción;0;Finalizada;L1 L2 L3;02/10/2026 04:24:55.389;54;2;High;1;0;(-8372362.1, 494075.7);0;Llamada;;Interruptor compuesto;BRR PIEDRA PINTADA;No;No;DISTRIBUCION;Alimentador/Troncal MT;No
179;;2/10/2026;04:29:07.191;INC 146599510;;3449212A;EL SALTO CTO 3 A 13,2 kV;EL SALTO;Descargas atmosfericas;BOLV-363 (M-18A);0;0;1;TOLIMA NORTE;DISTRIBUCION TOLIMA;CELSIA - TOLIMA NORTE;CO-TOL-DI-CELSIA-TNORTE-CENTRO;66593118A;;EL SALTO CTO 3 A 13,2 kV;MT-No Programada Con Interrupción;4;No;Permanente;;No;Despachado;No hay interrupción;0;Finalizada;L1 L2;02/10/2026 04:29:07.145;1;0;Low;1;0;(-8326495.2, 579500.5);0;Llamada;;Interruptor compuesto;VDA CAIMITAL;No;No;DISTRIBUCION;Alimentador/Troncal MT;No
180;;2/10/2026;05:45:32.679;INC 146599523;;66752755A;FRESNO 3 13.2 KV;FRESNO;Descargas atmosfericas;BOLM-316 (I-16);0;0;10;TOLIMA NORTE;DISTRIBUCION TOLIMA;CELSIA - TOLIMA NORTE;CO-TOL-DI-CELSIA-TNORTE-NORTE;RC285;;FRESNO 3 13.2 KV;MT-No Programada Con Interrupción;2;No;Permanente;;No;Despachado;No hay interrupción;0;Finalizada;L1 L3;02/10/2026 05:45:32.633;254;2;Critical;20;0;(-8354004.5, 574434.6);0;Llamada;;Interruptor compuesto;SECCIONAMIENTO  LA FLORIDA ALEGRIAS;No;No;DISTRIBUCION;Alimentador/Troncal MT;Sí
181;;2/10/2026;05:54:57.381;INC 146599527;;S07858;VENADILLO 2 13.2 KV;VENADILLO;Ninguna;BOLV-360;0;0;3;TOLIMA NORTE;DISTRIBUCION TOLIMA;CELSIA - TOLIMA NORTE;CO-TOL-DI-CELSIA-TNORTE-CENTRO;2638576A;;VENADILLO 2 13.2 KV;MT-No Programada Con Interrupción;4;No;Permanente;;No;Despachado;No hay interrupción;0;Iniciada;L1 L3;02/10/2026 05:54:57.336;16;0;Low;3;0;(-8336676.4, 518178.2);0;Llamada;;Interruptor compuesto;SIN DIRECCION;No;No;DISTRIBUCION;Alimentador/Troncal MT;No
182;;2/10/2026;06:05:20.449;INC 146599529;;66695808A;MARIQUITA 4 13.2 KV;MARIQUITA;Ninguna;BOLM-350;0;0;1;TOLIMA NORTE;DISTRIBUCION TOLIMA;CELSIA - TOLIMA NORTE;CO-TOL-DI-CELSIA-TNORTE-NORTE;S08591;;MARIQUITA 4 13.2 KV;MT-No Programada Con Interrupción;2;No;Permanente;;No;Despachado;No hay interrupción;0;Pendiente;L1;02/10/2026 06:05:20.399;15;1;Raised;1;0;(-8342043.5, 586516.7);0;Llamada;;Interruptor compuesto;VDA MEDINA;No;No;DISTRIBUCION;Alimentador/Troncal MT;No
183;;2/10/2026;06:13:23.435;INC 146599535;;2532271-1A;GUAYABAL 2 13.2 KV;GUAYABAL;Ninguna;BOLV-363 (M-18A);0;0;1;TOLIMA NORTE;DISTRIBUCION TOLIMA;CELSIA - TOLIMA NORTE;CO-TOL-DI-CELSIA-TNORTE-NORTE;S06793;;GUAYABAL 2 13.2 KV;MT-No Programada Con Interrupción;4;No;Permanente;;No;Despachado;No hay interrupción;0;Pendiente;L1;02/10/2026 06:13:23.362;11;0;Low;1;0;(-8316944.9, 562391.5);0;Llamada;;Interruptor compuesto;VDA SAN JUAN DE REMOLINO;No;No;DISTRIBUCION;Alimentador/Troncal MT;No
184;;2/10/2026;06:17:46.400;INC 146599540;;S08144;PAYANDE 2 13.2 KV;PAYANDE;Ninguna;BOLM-310 (I-10);0;0;3;TOLIMA NORTE;DISTRIBUCION TOLIMA;CELSIA - TOLIMA CENTRO;CO-TOL-DI-CELSIA-TNORTE-CENTRO;2638151A;;PAYANDE 2 13.2 KV;MT-No Programada Con Interrupción;2;No;Permanente;;No;Despachado;No hay interrupción;0;Pendiente;L1 L3;02/10/2026 06:17:46.340;73;1;Raised;7;0;(-8366353.4, 457389.1);0;Llamada;;Interruptor compuesto;SIN DIRECCION;No;No;DISTRIBUCION;Alimentador/Troncal MT;No
185;;2/10/2026;06:31:30.204;INC 146599547;;S07247;JUNIN 13.2 KV;SANTA ISABEL;Ninguna;BOLM-325 (I-25);0;0;1;TOLIMA NORTE;DISTRIBUCION TOLIMA;CELSIA - TOLIMA NORTE;CO-TOL-DI-CELSIA-TNORTE-NORTE;RB2135;;JUNIN 13.2 KV;MT-No Programada Con Interrupción;4;No;Permanente;;No;Despachado;No hay interrupción;0;Pendiente;L2;02/10/2026 06:31:30.161;10;0;Low;1;0;(-8354398.4, 525207.6);0;Llamada;;Interruptor compuesto;VDA EL SALTO;No;No;DISTRIBUCION;Alimentador/Troncal MT;No
186;;2/10/2026;06:31:55.670;INC 146599548;;3495473A;FRESNO 3 13.2 KV;FRESNO;Ninguna;BOLV-317;0;0;1;TOLIMA NORTE;DISTRIBUCION TOLIMA;CELSIA - TOLIMA NORTE;CO-TOL-DI-CELSIA-TNORTE-NORTE;RB2227;;FRESNO 3 13.2 KV;MT-No Programada Con Interrupción;2;No;Permanente;;No;Despachado;No hay interrupción;0;Pendiente;L1;02/10/2026 06:31:55.623;24;1;Raised;1;0;(-8349319.5, 576855.0);0;Llamada;;Interruptor compuesto;VDA EL ESPEJO;No;No;DISTRIBUCION;Alimentador/Troncal MT;No
187;;2/10/2026;06:43:13.065;INC 146599556;;3409807-A;URBANO 13.2 KV;ALVARADO;Alta vegetación;BOLV-312;0;0;2;TOLIMA NORTE;DISTRIBUCION TOLIMA;CELSIA - TOLIMA CENTRO;CO-TOL-DI-CELSIA-TNORTE-CENTRO;S08420;;URBANO 13.2 KV;MT-No Programada Con Interrupción;4;No;Permanente;;No;Despachado;No hay interrupción;0;Finalizada;L1;02/10/2026 06:43:13.013;40;0;Medium;1;0;(-8344802.9, 508912.0);0;Llamada;;Interruptor compuesto;ESCUELA LA PALMITA;No;No;DISTRIBUCION;Alimentador/Troncal MT;No
188;;2/10/2026;06:46:50.426;INC 146599562;;66791866A;RURAL 13.2 KV;ROVIRA;Descargas atmosfericas;BOLM-308 (I-59);0;0;1;TOLIMA NORTE;DISTRIBUCION TOLIMA;CELSIA - TOLIMA CENTRO;CO-TOL-DI-CELSIA-TNORTE-CENTRO;66791841A;;RURAL 13.2 KV;MT-No Programada Con Interrupción;2;No;Permanente;;No;Despachado;No hay interrupción;0;Finalizada;L2;02/10/2026 06:46:50.249;15;2;Raised;1;0;(-8382106.8, 468933.5);0;Llamada;;Interruptor compuesto;VDA SAN PEDRO;No;No;DISTRIBUCION;Alimentador/Troncal MT;No
189;;2/10/2026;06:52:35.120;INC 146599569;;65577631A;LIBANO 3 13.2 KV;LIBANO;Ninguna;BOLM-371 (M-21A);0;0;1;TOLIMA NORTE;DISTRIBUCION TOLIMA;CELSIA - TOLIMA NORTE;CO-TOL-DI-CELSIA-TNORTE-NORTE;S04769;;LIBANO 3 13.2 KV;MT-No Programada Con Interrupción;4;No;Permanente;;No;Despachado;No hay interrupción;0;Pendiente;L2;02/10/2026 06:52:35.089;1;0;Low;1;0;(-8342539.1, 543871.2);0;Llamada;;Interruptor compuesto;VDA COLOYA;No;No;DISTRIBUCION;Alimentador/Troncal MT;No
190;;2/10/2026;06:57:54.512;INC 146599573;;66706001A;LA VEGA 13.2 KV;CHAPETON;Ninguna;BOLM-302 (I-2);0;0;1;TOLIMA NORTE;DISTRIBUCION TOLIMA;CELSIA - TOLIMA CENTRO;CO-TOL-DI-CELSIA-TNORTE-CENTRO;S08060;;LA VEGA 13.2 KV;MT-No Programada Con Interrupción;4;No;Permanente;;No;Despachado;No hay interrupción;0;Pendiente;L2;02/10/2026 06:57:54.465;22;0;Low;1;0;(-8379134.2, 496138.9);0;Llamada;;Interruptor compuesto;SECTOR LOS TUNELES;No;No;DISTRIBUCION;Alimentador/Troncal MT;No
191;;2/10/2026;07:01:29.454;INC 146599576;;4019450A;RURAL 13.2 KV;ROVIRA;Ninguna;BOLM-308 (I-59);0;0;3;TOLIMA NORTE;DISTRIBUCION TOLIMA;CELSIA - TOLIMA CENTRO;CO-TOL-DI-CELSIA-TNORTE-CENTRO;RB2204;;RURAL 13.2 KV;MT-No Programada Con Interrupción;2;No;Permanente;;No;Despachado;No hay interrupción;0;Pendiente;L1;02/10/2026 07:01:29.392;116;2;Raised;7;0;(-8387936.6, 467789.1);0;Llamada;;Interruptor compuesto;CASERIO FLORIDA BAJA;No;No;DISTRIBUCION;Alimentador/Troncal MT;No
192;;2/10/2026;07:02:28.505;INC 146599579;;66695638A;ARRIEROS CTO 3;ARRIEROS;Ninguna;BOLV-370 (M-20B);0;0;3;TOLIMA NORTE;DISTRIBUCION TOLIMA;CELSIA - TOLIMA NORTE;CO-TOL-DI-CELSIA-TNORTE-NORTE;1724509A;;ARRIEROS CTO 3;MT-No Programada Con Interrupción;4;No;Permanente;;No;Despachado;No hay interrupción;0;Pendiente;L1;02/10/2026 07:02:28.458;15;0;Low;1;0;(-8358933.7, 549653.7);0;Llamada;;Interruptor compuesto;VDA LA GREGORITA FCA PRIMAVERA;No;No;DISTRIBUCION;Alimentador/Troncal MT;No
193;;2/10/2026;07:11:02.023;INC 146599586;;2225280A;LIBANO 3 13.2 KV;LIBANO;Ninguna;BOLM-371 (M-21A);0;0;1;TOLIMA NORTE;DISTRIBUCION TOLIMA;CELSIA - TOLIMA NORTE;CO-TOL-DI-CELSIA-TNORTE-NORTE;4036837A;;LIBANO 3 13.2 KV;MT-No Programada Con Interrupción;4;No;Permanente;;No;Despachado;No hay interrupción;0;Pendiente;L1;02/10/2026 07:11:01.960;12;0;Low;1;0;(-8346136.8, 540393.9);0;Llamada;;Interruptor compuesto;VDA CARABALI;No;No;DISTRIBUCION;Alimentador/Troncal MT;No
194;;2/10/2026;07:14:54.937;INC 146599587;;66057003A;PALOCABILDO 3 13.2 KV;PALOCABILDO;Ninguna;BOLM-315 (I-15);0;0;2;TOLIMA NORTE;DISTRIBUCION TOLIMA;CELSIA - TOLIMA NORTE;CO-TOL-DI-CELSIA-TNORTE-NORTE;66649644E;;PALOCABILDO 3 13.2 KV;MT-No Programada Con Interrupción;4;No;Permanente;;No;Despachado;No hay interrupción;0;Pendiente;L1;02/10/2026 07:14:54.849;22;0;Low;1;0;(-8343622.5, 574174.1);0;Llamada;;Interruptor compuesto;VDA LA INSULA;No;No;DISTRIBUCION;Alimentador/Troncal MT;No
195;;2/10/2026;07:20:58.822;INC 146599597;;SW21063;LERIDA 3 13.2 KV;LERIDA;Ninguna;BOLV-372 (M-21B);0;0;1;TOLIMA NORTE;DISTRIBUCION TOLIMA;CELSIA - TOLIMA NORTE;CO-TOL-DI-CELSIA-TNORTE-NORTE;RB3395;;LERIDA 3 13.2 KV;MT-No Programada Con Interrupción;5;No;Permanente;;No;Despachado;No hay interrupción;0;Pendiente;L1 L2;02/10/2026 07:20:58.714;3;0;Low;1;0;(-8337423.1, 549022.7);0;Llamada;;Interruptor compuesto;SIN DIRECCION;No;No;DISTRIBUCION;Alimentador/Troncal MT;No
196;;2/10/2026;07:21:14.659;INC 146599598;;4037097-A;ANZOATEGUI 13.2 KV;SANTA ISABEL;Ninguna;BOLM-322 (I-22);0;0;1;TOLIMA NORTE;DISTRIBUCION TOLIMA;CELSIA - TOLIMA NORTE;CO-TOL-DI-CELSIA-TNORTE-NORTE;66649830A;;ANZOATEGUI 13.2 KV;MT-No Programada Con Interrupción;4;No;Permanente;;No;Despachado;No hay interrupción;0;Pendiente;L2;02/10/2026 07:21:14.559;10;0;Low;1;0;(-8352415.2, 518275.3);0;Llamada;;Interruptor compuesto;VDA JUNTAS;No;No;DISTRIBUCION;Alimentador/Troncal MT;No
197;;2/10/2026;07:31:08.732;INC 146599605;;66037339A;MARIQUITA 4 13.2 KV;MARIQUITA;Ninguna;BOLM-350;0;0;2;TOLIMA NORTE;DISTRIBUCION TOLIMA;CELSIA - TOLIMA NORTE;CO-TOL-DI-CELSIA-TNORTE-NORTE;RB3098;;MARIQUITA 4 13.2 KV;MT-No Programada Con Interrupción;4;No;Permanente;;No;Despachado;No hay interrupción;0;Pendiente;L1;02/10/2026 07:31:08.682;32;0;Low;1;0;(-8345704.2, 583598.0);0;Llamada;;Interruptor compuesto;VDA LA MESA;No;No;DISTRIBUCION;Alimentador/Troncal MT;No
198;;2/10/2026;07:32:22.318;INC 146599607;;65921189-A;SAN JORGE 4 13.2 KV;SAN JORGE;Ninguna;BOLM-348(SERRATO GONZALEZ JOSE HUMBERTO;0;0;1;TOLIMA NORTE;DISTRIBUCION TOLIMA;CELSIA - TOLIMA CENTRO;CO-TOL-DI-CELSIA-TNORTE-CENTRO;RC1165;;SAN JORGE 4 13.2 KV;MT-No Programada Con Interrupción;3;No;Permanente;;No;Despachado;No hay interrupción;0;Cancelada;L1 L2;02/10/2026 07:32:22.248;265;0;Medium;1;0;(-8373502.8, 495345.8);0;Llamada;;Interruptor compuesto;CLL 31 CON CRA 12;No;No;DISTRIBUCION;Alimentador/Troncal MT;No
199;;2/10/2026;07:39:21.183;INC 146599617;;65562162;SAN JUAN 13.2 KV;SALADO;Ninguna;BOLV-312;0;0;2;TOLIMA NORTE;DISTRIBUCION TOLIMA;CELSIA - TOLIMA CENTRO;CO-TOL-DI-CELSIA-TNORTE-CENTRO;65562324A;;SAN JUAN 13.2 KV;MT-No Programada Con Interrupción;4;No;Permanente;;No;Despachado;No hay interrupción;0;Pendiente;L3;02/10/2026 07:39:21.129;12;0;Low;1;0;(-8351599.3, 514092.8);0;Llamada;;Interruptor compuesto;VDA RIO GRANDE;No;No;DISTRIBUCION;Alimentador/Troncal MT;No
200;;2/10/2026;07:41:28.409;INC 146599620;;1778218A;CAJAMARCA 2 13.2 KV;CAJAMARCA;Ninguna;BOLV-303;0;0;2;TOLIMA NORTE;DISTRIBUCION TOLIMA;CELSIA - TOLIMA CENTRO;CO-TOL-DI-CELSIA-TNORTE-CENTRO;RC1099;;CAJAMARCA 2 CT 2;MT-No Programada Con Interrupción;2;No;Permanente;;No;Despachado;No hay interrupción;0;Pendiente;L1 L3;02/10/2026 07:41:28.362;21;1;Raised;1;0;(-8396686.9, 490929.3);0;Llamada;;Interruptor compuesto;ESCUELA RECREO BAJO;No;No;DISTRIBUCION;Alimentador/Troncal MT;No
201;;2/10/2026;07:41:38.110;INC 146599621;;S08596;PALOCABILDO 2 13.2 KV;PALOCABILDO;Ninguna;BOLM-323 (I-23);0;0;1;TOLIMA NORTE;DISTRIBUCION TOLIMA;CELSIA - TOLIMA NORTE;CO-TOL-DI-CELSIA-TNORTE-NORTE;RB2538;;PALOCABILDO 2 13.2 KV;MT-No Programada Con Interrupción;4;No;Permanente;;No;Despachado;Restaurado;0;Pendiente;L1;02/10/2026 07:41:38.059;12;0;Low;1;0;(-8347756.9, 561676.4);0;Llamada;02/10/2026 08:53:03.597;Interruptor compuesto;SIN DIRECCION;No;No;DISTRIBUCION;Alimentador/Troncal MT;No
202;;2/10/2026;07:51:04.395;INC 146599636;;65930153-A;BRISAS 1 13.2 KV;BRISAS;Ninguna;BOLV-394;0;0;1;TOLIMA NORTE;DISTRIBUCION TOLIMA;CELSIA - TOLIMA CENTRO;CO-TOL-DI-CELSIA-TNORTE-CENTRO;RC1039;;BRISAS 1 13.2 KV;MT-No Programada Con Interrupción;3;No;Permanente;;No;Despachado;No hay interrupción;0;No Realizado;L1 L2;02/10/2026 07:51:04.336;257;0;Medium;1;0;(-8374046.8, 493668.3);0;Llamada;;Interruptor compuesto;CRA 1Nº31-09;No;No;DISTRIBUCION;Alimentador/Troncal MT;No
203;;2/10/2026;07:52:05.461;INC 146599637;;S03053;SAN JUAN 13.2 KV;SALADO;Ninguna;BOLM-309 (I-9);0;0;2;TOLIMA NORTE;DISTRIBUCION TOLIMA;CELSIA - TOLIMA CENTRO;CO-TOL-DI-CELSIA-TNORTE-CENTRO;66706771B;;SAN JUAN 13.2 KV;MT-No Programada Con Interrupción;4;No;Permanente;;No;Despachado;No hay interrupción;0;Pendiente;L1;02/10/2026 07:52:05.398;31;0;Low;3;0;(-8357359.9, 505715.8);0;Llamada;;Interruptor compuesto;SECCIONAMIENTO SAN JUAN DE LA CHINA;No;No;DISTRIBUCION;Alimentador/Troncal MT;No
204;;2/10/2026;07:56:16.694;INC 146599648;;1620231-A;PAYANDE 2 13.2 KV;PAYANDE;Ninguna;BOLM-310 (I-10);0;0;1;TOLIMA NORTE;DISTRIBUCION TOLIMA;CELSIA - TOLIMA CENTRO;CO-TOL-DI-CELSIA-TNORTE-CENTRO;SW8002;;PAYANDE 2 13.2 KV;MT-No Programada Con Interrupción;2;No;Permanente;;No;Despachado;No hay interrupción;0;Pendiente;L1;02/10/2026 07:56:16.638;48;7;High;1;0;(-8359424.3, 460522.2);0;Llamada;;Interruptor compuesto;CRA 4;No;No;DISTRIBUCION;Alimentador/Troncal MT;No
205;;2/10/2026;08:00:00.177;INC 146599651;;4036953A;MARIQUITA 4 13.2 KV;MARIQUITA;Ninguna;BOLV-366 (M-19C);0;0;1;TOLIMA NORTE;DISTRIBUCION TOLIMA;CELSIA - TOLIMA NORTE;CO-TOL-DI-CELSIA-TNORTE-NORTE;S07961;;MARIQUITA 4 13.2 KV;MT-No Programada Con Interrupción;5;No;Permanente;;No;Despachado;No hay interrupción;0;Pendiente;L1;02/10/2026 08:00:00.111;6;0;Low;1;0;(-8346386.7, 582538.6);0;Llamada;;Interruptor compuesto;VRD TRES ESQUINAS;No;No;DISTRIBUCION;Alimentador/Troncal MT;No
206;;2/10/2026;08:02:57.209;INC 146599653;;66855945A;FRESNO 3 13.2 KV;FRESNO;Ninguna;BOLM-316 (I-16);0;0;1;TOLIMA NORTE;DISTRIBUCION TOLIMA;CELSIA - TOLIMA NORTE;CO-TOL-DI-CELSIA-TNORTE-NORTE;S08200;;FRESNO 3 13.2 KV;MT-No Programada Con Interrupción;4;No;Permanente;;No;Despachado;No hay interrupción;0;Pendiente;L1;02/10/2026 08:02:57.163;30;0;Low;1;0;(-8347440.2, 581787.1);0;Llamada;;Interruptor compuesto;VDA EL MANGO;No;No;DISTRIBUCION;Alimentador/Troncal MT;No
207;;2/10/2026;08:03:27.520;INC 146599654;;65130084A;JUNIN 13.2 KV;SANTA ISABEL;Ninguna;BOLM-328 (I-28);0;0;1;TOLIMA NORTE;DISTRIBUCION TOLIMA;CELSIA - TOLIMA NORTE;CO-TOL-DI-CELSIA-TNORTE-NORTE;2520524A;;JUNIN 13.2 KV;MT-No Programada Con Interrupción;5;No;Permanente;;No;Despachado;No hay interrupción;0;Pendiente;L1;02/10/2026 08:03:27.405;9;0;Low;1;0;(-8356353.6, 535057.7);0;Llamada;;Interruptor compuesto;VDA SANTA TERESA;No;No;DISTRIBUCION;Alimentador/Troncal MT;No
208;;2/10/2026;08:06:51.863;INC 146599658;;2207168-A;PAYANDE 2 13.2 KV;PAYANDE;Ninguna;BOLM-310 (I-10);0;0;1;TOLIMA NORTE;DISTRIBUCION TOLIMA;CELSIA - TOLIMA CENTRO;CO-TOL-DI-CELSIA-TNORTE-CENTRO;S08150;;PAYANDE 2 13.2 KV;MT-No Programada Con Interrupción;4;No;Permanente;;No;Despachado;No hay interrupción;0;Pendiente;L2;02/10/2026 08:06:51.819;13;0;Low;1;0;(-8367924.4, 452449.8);0;Llamada;;Interruptor compuesto;VDA CAÑADA;No;No;DISTRIBUCION;Alimentador/Troncal MT;No
209;;2/10/2026;08:11:55.169;INC 146599668;;66038084A;PALOCABILDO 2 13.2 KV;PALOCABILDO;Ninguna;BOLM-320;0;0;1;TOLIMA NORTE;DISTRIBUCION TOLIMA;CELSIA - TOLIMA NORTE;CO-TOL-DI-CELSIA-TNORTE-NORTE;S07862;;PALOCABILDO 2 13.2 KV;MT-No Programada Con Interrupción;4;No;Permanente;;No;Despachado;No hay interrupción;0;Pendiente;L1;02/10/2026 08:11:55.122;14;0;Low;1;0;(-8350673.9, 562451.6);0;Llamada;;Interruptor compuesto;VDA TOPACIO;No;No;DISTRIBUCION;Alimentador/Troncal MT;No
210;;2/10/2026;08:13:56.659;INC 146599671;;65178508A;JUNIN 13.2 KV;SANTA ISABEL;Ninguna;BOLV-370 (M-20B);0;0;1;TOLIMA NORTE;DISTRIBUCION TOLIMA;CELSIA - TOLIMA NORTE;CO-TOL-DI-CELSIA-TNORTE-NORTE;S05576;;JUNIN 13.2 KV;MT-No Programada Con Interrupción;4;No;Permanente;;No;Despachado;No hay interrupción;0;Pendiente;L2;02/10/2026 08:13:56.620;25;0;Low;1;0;(-8357199.2, 541393.8);0;Llamada;;Interruptor compuesto;VDA MARENGO;No;No;DISTRIBUCION;Alimentador/Troncal MT;No
211;;2/10/2026;08:14:41.290;INC 146599672;;4002034-1-A;MARIQUITA 1 13.2 KV;MARIQUITA;Ninguna;BOLV-366 (M-19C);0;0;1;TOLIMA NORTE;DISTRIBUCION TOLIMA;CELSIA - TOLIMA NORTE;CO-TOL-DI-CELSIA-TNORTE-NORTE;66625788A;;MARIQUITA 1 13.2 KV;MT-No Programada Con Interrupción;2;No;Permanente;FCC;No;Despachado;No hay interrupción;0;Pendiente;L1 L2 L3;02/10/2026 08:14:12.047;1;1;High;1;0;(-8335547.8, 576010.7);0;Llamada;;Interruptor compuesto;VDA PANTANO GRANDE;No;No;CONEXION DISTRIBUCION;Alimentador/Troncal MT;No
212;;2/10/2026;08:18:45.152;INC 146599676;;3424399-A;SANTA ISABEL 13.2 KV;SANTA ISABEL;Ninguna;BOLM-325 (I-25);0;0;1;TOLIMA NORTE;DISTRIBUCION TOLIMA;CELSIA - TOLIMA NORTE;CO-TOL-DI-CELSIA-TNORTE-NORTE;66592881A;;SANTA ISABEL 13.2 KV;MT-No Programada Con Interrupción;2;No;Permanente;;No;Despachado;No hay interrupción;0;Pendiente;L1;02/10/2026 08:18:45.107;13;1;Raised;1;0;(-8363123.0, 531329.5);0;Llamada;;Interruptor compuesto;VDA EL BOSQUE;No;No;DISTRIBUCION;Alimentador/Troncal MT;No
213;;2/10/2026;08:18:47.436;INC 146599677;;1634523-A;URBANO 13.2 KV;ROVIRA;Ninguna;BOLV-307;0;0;1;TOLIMA NORTE;DISTRIBUCION TOLIMA;CELSIA - TOLIMA CENTRO;CO-TOL-DI-CELSIA-TNORTE-CENTRO;S01829;;URBANO 13.2 KV;MT-No Programada Con Interrupción;2;No;Permanente;;No;Despachado;No hay interrupción;0;Pendiente;L3;02/10/2026 08:18:47.394;51;1;Raised;1;0;(-8375227.3, 472252.6);0;Llamada;;Interruptor compuesto;CLL 7Nº9-39;No;No;DISTRIBUCION;Alimentador/Troncal MT;No
214;;2/10/2026;08:23:07.929;INC 146599683;;65106256-A;FRESNO 3 13.2 KV;FRESNO;Ninguna;BOLM-316 (I-16);0;0;1;TOLIMA NORTE;DISTRIBUCION TOLIMA;CELSIA - TOLIMA NORTE;CO-TOL-DI-CELSIA-TNORTE-NORTE;S07134;;FRESNO 3 13.2 KV;MT-No Programada Con Interrupción;4;No;Permanente;;No;Despachado;No hay interrupción;0;Pendiente;L2;02/10/2026 08:23:07.895;16;0;Low;1;0;(-8347309.8, 575328.3);0;Llamada;;Interruptor compuesto;VDA AGUAS CLARAS;No;No;DISTRIBUCION;Alimentador/Troncal MT;No
215;;2/10/2026;08:35:26.318;INC 146599697;;S04257;PAPAYO 7 13.2 KV;PAPAYO;Ninguna;BOLM-348(SERRATO GONZALEZ JOSE HUMBERTO;0;0;1;TOLIMA NORTE;DISTRIBUCION TOLIMA;CELSIA - TOLIMA CENTRO;CO-TOL-DI-CELSIA-TNORTE-CENTRO;S00647;;PAPAYO 7 13.2 KV;MT-No Programada Con Interrupción;5;No;Permanente;;No;Despachado;No hay interrupción;0;Pendiente;L1 L2 L3;02/10/2026 08:35:26.210;1;0;Medium;1;0;(-8369087.6, 492200.3);0;Llamada;;Interruptor compuesto;SECCIONAMIENTO;No;No;DISTRIBUCION;Alimentador/Troncal MT;No
216;;2/10/2026;08:39:49.297;INC 146599700;;2223228A;ARRIEROS CTO 2;ARRIEROS;Ninguna;BOLM-369 (M-20A);0;0;1;TOLIMA NORTE;DISTRIBUCION TOLIMA;CELSIA - TOLIMA NORTE;CO-TOL-DI-CELSIA-TNORTE-NORTE;RB1987;;SANTA ISABEL 13.2 KV;MT-No Programada Con Interrupción;5;No;Permanente;;No;Despachado;No hay interrupción;0;Pendiente;L2;02/10/2026 08:39:49.227;6;0;Low;1;0;(-8371826.7, 545595.3);0;Llamada;;Interruptor compuesto;VDA SANTA BARBARA ;No;No;DISTRIBUCION;Alimentador/Troncal MT;No
217;;2/10/2026;08:45:47.441;INC 146599706;;65619199A;CAJAMARCA 2 13.2 KV;CAJAMARCA;Ninguna;BOLV-303;0;0;1;TOLIMA NORTE;DISTRIBUCION TOLIMA;CELSIA - TOLIMA CENTRO;CO-TOL-DI-CELSIA-TNORTE-CENTRO;1664841B;;CAJAMARCA 2 13.2 KV;MT-No Programada Con Interrupción;4;No;Permanente;;No;Despachado;No hay interrupción;0;Pendiente;L1;02/10/2026 08:45:47.054;11;0;Low;1;0;(-8399220.5, 493180.1);0;Llamada;;Interruptor compuesto;CAJAMARQUITAPARTEALTA;No;No;DISTRIBUCION;Alimentador/Troncal MT;No
218;;2/10/2026;08:50:21.168;INC 146599712;;2543559B;PALOCABILDO 3 13.2 KV;PALOCABILDO;Ninguna;BOLM-315 (I-15);0;0;2;TOLIMA NORTE;DISTRIBUCION TOLIMA;CELSIA - TOLIMA NORTE;CO-TOL-DI-CELSIA-TNORTE-NORTE;;;PALOCABILDO 3 13.2 KV;MT-No Programada Con Interrupción;2;No;Permanente;;No;Despachado;No hay interrupción;0;Pendiente;L1 L3;02/10/2026 08:50:20.973;142;1;Raised;8;0;(-8350298.6, 571022.8);0;Llamada;;Interruptor compuesto;VDA EL TRIUNFO;No;No;DISTRIBUCION;Alimentador/Troncal MT;Sí
219;;2/10/2026;08:55:51.906;INC 146599725;;66707016A;RURAL 13.2 KV;ROVIRA;Ninguna;BOLM-308 (I-59);0;0;1;TOLIMA NORTE;DISTRIBUCION TOLIMA;CELSIA - TOLIMA CENTRO;CO-TOL-DI-CELSIA-TNORTE-CENTRO;3407200A;;RURAL 13.2 KV;MT-No Programada Con Interrupción;4;No;Permanente;;No;Despachado;No hay interrupción;0;Pendiente;L1;02/10/2026 08:55:51.752;15;0;Low;1;0;(-8388829.3, 460884.2);0;Llamada;;Interruptor compuesto;VDA LA MIRANDA;No;No;DISTRIBUCION;Alimentador/Troncal MT;No
220;;2/10/2026;09:00:14.382;INC 146599729;;65577331A;HERVEO 2 13.2 KV;HERVEO;Ninguna;BOLM-318 (I-18);0;0;1;TOLIMA NORTE;DISTRIBUCION TOLIMA;CELSIA - TOLIMA NORTE;CO-TOL-DI-CELSIA-TNORTE-NORTE;65577348A;;HERVEO 2 13.2 KV;MT-No Programada Con Interrupción;5;No;Permanente;;No;Despachado;No hay interrupción;0;Pendiente;L1 L2 L3;02/10/2026 09:00:14.320;1;0;Medium;1;0;(-8367872.7, 566283.5);0;Llamada;;Interruptor compuesto;SIN DIRECCION;No;No;DISTRIBUCION;Alimentador/Troncal MT;No
221;;2/10/2026;09:00:26.057;INC 146599730;;2855925A;ANZOATEGUI 13.2 KV;SANTA ISABEL;Ninguna;BOLM-322 (I-22);0;0;1;TOLIMA NORTE;DISTRIBUCION TOLIMA;CELSIA - TOLIMA NORTE;CO-TOL-DI-CELSIA-TNORTE-NORTE;66776727A;;ANZOATEGUI 13.2 KV;MT-No Programada Con Interrupción;4;No;Permanente;;No;Despachado;No hay interrupción;0;Pendiente;L1;02/10/2026 09:00:26.009;25;0;Low;1;0;(-8362529.1, 509081.9);0;Llamada;;Interruptor compuesto;VDA SANTA HELENA;No;No;DISTRIBUCION;Alimentador/Troncal MT;No
222;;2/10/2026;09:01:51.785;INC 146599732;;2225522A;ARRIEROS CTO 1;ARRIEROS;Ninguna;BOLV-372 (M-21B);0;0;1;TOLIMA NORTE;DISTRIBUCION TOLIMA;CELSIA - TOLIMA NORTE;CO-TOL-DI-CELSIA-TNORTE-NORTE;2418169A;;ARRIEROS CTO 1;MT-No Programada Con Interrupción;5;No;Permanente;;No;Despachado;No hay interrupción;0;Pendiente;L1;02/10/2026 09:01:51.660;5;0;Low;1;0;(-8341864.5, 552126.6);0;Llamada;;Interruptor compuesto;VDA LAS ROSAS;No;No;DISTRIBUCION;Alimentador/Troncal MT;No
223;;2/10/2026;09:04:34.861;INC 146599736;;S04010;HERVEO 2 13.2 KV;HERVEO;Ninguna;BOLM-318 (I-18);0;0;1;TOLIMA NORTE;DISTRIBUCION TOLIMA;CELSIA - TOLIMA NORTE;CO-TOL-DI-CELSIA-TNORTE-NORTE;66584232A;;HERVEO 2 13.2 KV;MT-No Programada Con Interrupción;4;No;Permanente;;No;Despachado;No hay interrupción;0;Pendiente;L2;02/10/2026 09:04:34.812;14;0;Low;1;0;(-8370076.7, 572406.6);0;Llamada;;Interruptor compuesto;SECCIONAMIENTO CASERIO MESONES;No;No;DISTRIBUCION;Alimentador/Troncal MT;No
224;;2/10/2026;09:10:38.485;INC 146599744;;65921391A;SAN JORGE 4 13.2 KV;SAN JORGE;Ninguna;BOLM-348(SERRATO GONZALEZ JOSE HUMBERTO;0;0;1;TOLIMA NORTE;DISTRIBUCION TOLIMA;CELSIA - TOLIMA CENTRO;CO-TOL-DI-CELSIA-TNORTE-CENTRO;S00050;;SAN JORGE 4 13.2 KV;MT-No Programada Con Interrupción;4;No;Permanente;;No;Despachado;No hay interrupción;0;Cancelada;L1;02/10/2026 09:10:38.419;134;0;Medium;1;0;(-8373012.3, 495015.3);0;Llamada;;Interruptor compuesto;CLL 37Nº9-42ESQ;No;No;DISTRIBUCION;Alimentador/Troncal MT;No
225;;2/10/2026;09:19:57.570;INC 146599754;;4036796-A;EL TABLAZO 13.2 KV;PADUA;Ninguna;BOLM-318 (I-18);0;0;1;TOLIMA NORTE;DISTRIBUCION TOLIMA;CELSIA - TOLIMA NORTE;CO-TOL-DI-CELSIA-TNORTE-NORTE;RB2546;;EL TABLAZO 13.2 KV;MT-No Programada Con Interrupción;4;No;Permanente;;No;Despachado;No hay interrupción;0;Pendiente;L1;02/10/2026 09:19:57.523;16;0;Medium;1;0;(-8358914.4, 576603.3);0;Llamada;;Interruptor compuesto;VDA LINDA;No;No;DISTRIBUCION;Alimentador/Troncal MT;No
226;;2/10/2026;09:22:03.907;INC 146599756;;3448202-A;RURAL 13.2 KV;ROVIRA;Ninguna;BOLM-308 (I-59);0;0;1;TOLIMA NORTE;DISTRIBUCION TOLIMA;CELSIA - TOLIMA CENTRO;CO-TOL-DI-CELSIA-TNORTE-CENTRO;RC1090;;RURAL 13.2 KV;MT-No Programada Con Interrupción;2;No;Permanente;;No;Despachado;No hay interrupción;0;Pendiente;L3;02/10/2026 09:22:03.858;27;1;Raised;1;0;(-8385141.1, 468336.3);0;Llamada;;Interruptor compuesto;VDA SAN JUAN ALTO;No;No;DISTRIBUCION;Alimentador/Troncal MT;No
227;;2/10/2026;09:28:34.411;INC 146599763;;65958147;PAPAYO 6 13.2 KV;PAPAYO;Ninguna;BOLV-336;0;0;1;TOLIMA NORTE;DISTRIBUCION TOLIMA;CELSIA - TOLIMA CENTRO;CO-TOL-DI-CELSIA-TNORTE-CENTRO;65960842A;;PAPAYO 6 13.2 KV;MT-No Programada Con Interrupción;2;No;Permanente;;No;Despachado;No hay interrupción;0;Pendiente;L1 L2 L3;02/10/2026 09:28:34.328;2;2;Critical;1;0;(-8369449.6, 493070.6);0;Llamada;;Interruptor compuesto;VIA ALPINA;No;No;DISTRIBUCION;Alimentador/Troncal MT;No
228;;2/10/2026;09:32:01.506;INC 146599767;;MP45256-A;LERIDA 5 13.2 KV;LERIDA;Ninguna;BOLV-372 (M-21B);0;0;1;TOLIMA NORTE;DISTRIBUCION TOLIMA;CELSIA - TOLIMA NORTE;CO-TOL-DI-CELSIA-TNORTE-NORTE;;;LERIDA 5 13.2 KV;MT-No Programada Con Interrupción;4;No;Permanente;;No;Despachado;No hay interrupción;0;Pendiente;L2;02/10/2026 09:32:01.347;21;0;Medium;1;0;(-8338619.8, 541341.0);0;Llamada;;Interruptor compuesto;CLL 2Nº1SUR-00;No;No;DISTRIBUCION;Alimentador/Troncal MT;No
229;;2/10/2026;09:32:34.080;INC 146599768;;2433508A;ARRIEROS CTO 2;ARRIEROS;Ninguna;BOLV-370 (M-20B);0;0;1;TOLIMA NORTE;DISTRIBUCION TOLIMA;CELSIA - TOLIMA NORTE;CO-TOL-DI-CELSIA-TNORTE-NORTE;L260;;ARRIEROS CTO 2;MT-No Programada Con Interrupción;5;No;Permanente;;No;Despachado;No hay interrupción;0;Pendiente;L1 L2 L3;02/10/2026 09:32:34.036;4;0;Low;1;0;(-8357982.1, 546496.1);0;Llamada;;Interruptor compuesto;VDA EL AGRADO;No;No;DISTRIBUCION;Alimentador/Troncal MT;No
230;;2/10/2026;09:34:13.892;INC 146599769;;66584585C;PALOCABILDO 3 13.2 KV;PALOCABILDO;Ninguna;BOLM-320;0;0;4;TOLIMA NORTE;DISTRIBUCION TOLIMA;CELSIA - TOLIMA NORTE;CO-TOL-DI-CELSIA-TNORTE-NORTE;;;PALOCABILDO 3 13.2 KV;MT-No Programada Con Interrupción;4;No;Permanente;;No;Despachado;No hay interrupción;0;Pendiente;L1 L2 L3;02/10/2026 09:34:13.581;78;0;Low;1;0;(-8349841.3, 570822.9);0;Llamada;;Interruptor compuesto;SIN DIRECCION;No;No;RED PROVISIONAL;Alimentador/Troncal MT;No
231;;2/10/2026;09:35:37.013;INC 146599770;;1602276B;LERIDA 1 13.2 KV;LERIDA;Ninguna;BOLV-372 (M-21B);0;0;1;TOLIMA NORTE;DISTRIBUCION TOLIMA;CELSIA - TOLIMA NORTE;CO-TOL-DI-CELSIA-TNORTE-NORTE;S01868;;LERIDA 1 13.2 KV;MT-No Programada Con Interrupción;4;No;Permanente;;No;Despachado;No hay interrupción;0;Pendiente;L2;02/10/2026 09:35:36.968;23;0;Medium;1;0;(-8339449.0, 542087.4);0;Llamada;;Interruptor compuesto;ESTACION DE POLICA;No;No;DISTRIBUCION;Alimentador/Troncal MT;No
232;;2/10/2026;09:40:17.489;INC 146599775;;1338277-A;MARIQUITA 3 13.2 KV;MARIQUITA;Ninguna;BOLV-366 (M-19C);0;0;1;TOLIMA NORTE;DISTRIBUCION TOLIMA;CELSIA - TOLIMA NORTE;CO-TOL-DI-CELSIA-TNORTE-NORTE;;;MARIQUITA 3 13.2 KV;MT-No Programada Con Interrupción;2;No;Permanente;;No;Despachado;No hay interrupción;0;Pendiente;L1;02/10/2026 09:40:17.427;2;1;Critical;1;0;(-8337385.3, 579000.6);0;Llamada;;Interruptor compuesto;KR 3 ENTRE CLL  10 Y 11;No;No;DISTRIBUCION;Alimentador/Troncal MT;No
233;;2/10/2026;09:42:51.378;INC 146599780;;65974509A;PAPAYO 6 13.2 KV;PAPAYO;Ninguna;BOLV-397;0;0;1;TOLIMA NORTE;DISTRIBUCION TOLIMA;CELSIA - TOLIMA CENTRO;CO-TOL-DI-CELSIA-TNORTE-CENTRO;65974479B;;PAPAYO 6 13.2 KV;MT-No Programada Con Interrupción;4;No;Permanente;;No;Despachado;No hay interrupción;0;Pendiente;L1;02/10/2026 09:42:51.287;22;0;Low;1;0;(-8368251.3, 491741.2);0;Llamada;;Interruptor compuesto;CRA 48SURNº108-76;No;No;DISTRIBUCION;Alimentador/Troncal MT;No
234;;2/10/2026;09:43:06.084;INC 146599781;;65561239A;ALVARADO 13.2 KV;SALADO;Ninguna;BOLV-394;0;0;1;TOLIMA NORTE;DISTRIBUCION TOLIMA;CELSIA - TOLIMA CENTRO;CO-TOL-DI-CELSIA-TNORTE-CENTRO;65544032A;;ALVARADO 13.2 KV;MT-No Programada Con Interrupción;5;No;Permanente;;No;Despachado;No hay interrupción;0;Pendiente;L1 L2;02/10/2026 09:43:05.986;3;0;Low;1;0;(-8363868.0, 494302.2);0;Llamada;;Interruptor compuesto;FINCA LA ARGENTINA;No;No;DISTRIBUCION;Alimentador/Troncal MT;No
235;;2/10/2026;09:44:01.948;INC 146599783;;1567004A;URBANO 13.2 KV;ALVARADO;Ninguna;;0;0;1;TOLIMA NORTE;DISTRIBUCION TOLIMA;CELSIA - TOLIMA CENTRO;CO-TOL-DI-CELSIA-TNORTE-CENTRO;MP47745A;;URBANO 13.2 KV;MT-No Programada Con Interrupción;4;No;Permanente;;No;Pendiente;No hay interrupción;0;;L1;02/10/2026 09:44:01.850;86;0;Medium;1;0;(-8343791.5, 508813.2);0;Llamada;;Interruptor compuesto;CRA 3CLL 3;No;No;DISTRIBUCION;Alimentador/Troncal MT;No
236;;2/10/2026;09:47:24.123;INC 146599785;;4044205A;JUNIN 13.2 KV;SANTA ISABEL;Ninguna;;0;0;1;TOLIMA NORTE;DISTRIBUCION TOLIMA;CELSIA - TOLIMA NORTE;CO-TOL-DI-CELSIA-TNORTE-NORTE;66696731A;;JUNIN 13.2 KV;MT-No Programada Con Interrupción;4;No;Permanente;;No;Pendiente;No hay interrupción;0;;L3;02/10/2026 09:47:23.799;14;0;Low;1;0;(-8348811.9, 524125.0);0;Llamada;;Interruptor compuesto;VDA POTRERITOS;No;No;DISTRIBUCION;Alimentador/Troncal MT;No
237;;2/10/2026;09:48:13.085;INC 146599786;;S08398;PAYANDE 2 13.2 KV;PAYANDE;Ninguna;;0;0;1;TOLIMA NORTE;DISTRIBUCION TOLIMA;CELSIA - TOLIMA CENTRO;CO-TOL-DI-CELSIA-TNORTE-CENTRO;RB1941;;PAYANDE 2 13.2 KV;MT-No Programada Con Interrupción;5;No;Permanente;;No;Pendiente;No hay interrupción;0;;L3;02/10/2026 09:48:13.025;5;0;Low;1;0;(-8365490.0, 463964.8);0;Llamada;;Interruptor compuesto;SECCIONAMIENTO;No;No;DISTRIBUCION;Alimentador/Troncal MT;No
238;;2/10/2026;09:48:32.408;INC 146599788;;2947889-A;MARIQUITA 1 13.2 KV;MARIQUITA;Ninguna;;0;0;1;TOLIMA NORTE;DISTRIBUCION TOLIMA;CELSIA - TOLIMA NORTE;CO-TOL-DI-CELSIA-TNORTE-NORTE;S02532;;GUAYABAL 2 13.2 KV;MT-No Programada Con Interrupción;2;No;Permanente;;No;Pendiente;No hay interrupción;0;;L1 L2;02/10/2026 09:48:32.375;5;1;High;1;0;(-8330399.9, 566728.4);0;Llamada;;Interruptor compuesto;VDA EL HATO;No;No;DISTRIBUCION;Alimentador/Troncal MT;No
239;;2/10/2026;09:53:29.785;INC 146599798;;S07769;MARIQUITA 4 13.2 KV;MARIQUITA;Ninguna;;0;0;1;TOLIMA NORTE;DISTRIBUCION TOLIMA;CELSIA - TOLIMA NORTE;CO-TOL-DI-CELSIA-TNORTE-NORTE;S07768;;MARIQUITA 4 13.2 KV;MT-No Programada Con Interrupción;4;No;Permanente;;No;Pendiente;No hay interrupción;0;;L1;02/10/2026 09:53:29.700;33;0;Low;1;0;(-8332951.7, 584257.9);0;Llamada;;Interruptor compuesto;SIN DIRECCION;No;No;DISTRIBUCION;Alimentador/Troncal MT;No
240;;2/10/2026;09:55:49.180;INC 146599800;;65923173-A;SAN JORGE 5 13.2 KV;SAN JORGE;Ninguna;;0;0;1;TOLIMA NORTE;DISTRIBUCION TOLIMA;CELSIA - TOLIMA CENTRO;CO-TOL-DI-CELSIA-TNORTE-CENTRO;RB2557;;SAN JORGE 5 13.2 KV;MT-No Programada Con Interrupción;4;No;Permanente;;No;Pendiente;No hay interrupción;0;;L1;02/10/2026 09:55:49.081;95;0;Medium;1;0;(-8378213.6, 491823.0);0;Llamada;;Interruptor compuesto;CLL 21SURNº36-90B.BOQUERON;No;No;DISTRIBUCION;Alimentador/Troncal MT;No
241;;2/10/2026;10:02:05.395;INC 146599808;;3486085A;PALOCABILDO 3 13.2 KV;PALOCABILDO;Ninguna;;0;0;1;TOLIMA NORTE;DISTRIBUCION TOLIMA;CELSIA - TOLIMA NORTE;CO-TOL-DI-CELSIA-TNORTE-NORTE;RB2653;;PALOCABILDO 3 13.2 KV;MT-No Programada Con Interrupción;4;No;Permanente;;No;Pendiente;No hay interrupción;0;;L3;02/10/2026 10:02:05.302;31;0;Medium;1;0;(-8344818.2, 573116.4);0;Llamada;;Interruptor compuesto;VDA HOYO NEGRO;No;No;DISTRIBUCION;Alimentador/Troncal MT;No
