Navegador de incidentesNavegador de incidentes-03/10/2026 11:12:57.659;;;;;;;;;;;;;;;;;;;;;;;;;;;;;;;;;;;;;;;;;;;;;;;
AND Grupo AOR contiene TN;;;;;;;;;;;;;;;;;;;;;;;;;;;;;;;;;;;;;;;;;;;;;;;
Y Grupo AOR contiene centro;;;;;;;;;;;;;;;;;;;;;;;;;;;;;;;;;;;;;;;;;;;;;;;
Y Creado por contiene Lla;;;;;;;;;;;;;;;;;;;;;;;;;;;;;;;;;;;;;;;;;;;;;;;
;;;;;;;;;;;;;;;;;;;;;;;;;;;;;;;;;;;;;;;;;;;;;;;
#;Instrucción;Fecha de creación;Identificación;ID del Padre;Dispositivo;Circuito normal;Subestación;Causa;Cuadrillas;Clientes no restaurados;Críticos no restaurados.;Llamadas;Subregión;Región;Sector;Grupo AOR;Dispositivo aguas arriba;Usuario asignado;Circuito actual;Tipo;Prioridad;Está anidado;Carácter;Problema;Confirmado;Estado;Estado de energía;Tensión [kV];Estado de cuadrilla;Fases afectadas;Fecha de interrupción;Afectados;Afectados críticos;Prioridad del suscriptor;Transformadores de servicio;Restauración verificada;Localización del incidente;Eventos de medidor inteligente;Creado por;Hora de restauración real;Tipo de dispositivo;Dirección del dispositivo;Adjuntos;Tiene enlaces;Negocio;Subtipo;Esta anidado/acoplado
1;;28/09/2026 10:58:28.406;INC 146595011;;65567768A;PASTALES 13.2 KV;CHAPETON;Desconocida;BOLV-337;0;0;3;TOLIMA NORTE;DISTRIBUCION TOLIMA;CELSIA - TOLIMA CENTRO;CO-TOL-DI-CELSIA-TNORTE-CENTRO;RC1087;;PASTALES 13.2 KV;MT-No Programada Con Interrupción;1;No;Permanente;;No;Despachado;Restaurado;0;Pendiente;L1;28/09/2026 10:58:28.344;65;0;Medium;1;0;(-8381678.8, 501800.5);0;Llamada;02/10/2026 19:50:23.440;Interruptor compuesto;VDA PUERTA PERU;No;No;DISTRIBUCION;Alimentador/Troncal MT;No
2;DP;30/09/2026 07:43:53.651;INC 146596923;;66677567REPA;CAJAMARCA 2 CT 2;NUEVA CAJAMARCA;Línea reventada;"BOLM-301 (I-1); DP-CA-S-CentroTolima";16;0;8;TOLIMA NORTE;DISTRIBUCION TOLIMA;CELSIA - TOLIMA CENTRO;CO-TOL-DI-CELSIA-TNORTE-CENTRO;;;CAJAMARCA 2 CT 2;MT-No Programada Con Interrupción;1;No;Permanente;;Sí;Despachado;No restablecido;0;"Finalizada; Pendiente";L1 L2;30/09/2026 07:43:53.601;16;0;Low;1;0;(-8385458.0, 491788.9);0;Llamada;;Interruptor compuesto;PERICO PARTE ALTA FINCA MARIA SANTISIMA;No;No;DISTRIBUCION;Alimentador/Troncal MT;No
3;;30/09/2026 15:43:54.414;INC 146597408;;2233428-1A;CAJAMARCA 2 CT 3;NUEVA CAJAMARCA;Ninguna;BOLV-303;0;0;1;TOLIMA NORTE;DISTRIBUCION TOLIMA;CELSIA - TOLIMA CENTRO;CO-TOL-DI-CELSIA-TNORTE-CENTRO;2435608A;;CAJAMARCA 2 CT 3;MT-No Programada Con Interrupción;1;No;Permanente;;No;Despachado;No hay interrupción;0;Iniciada;L1;30/09/2026 15:43:54.367;60;1;Raised;1;0;(-8394561.4, 503696.1);0;Llamada;;Interruptor compuesto;VDA TOCHE;No;No;DISTRIBUCION;Alimentador/Troncal MT;No
4;DP;30/09/2026 17:08:03.205;INC 146597473;;RB2104;RURAL 13.2 KV;ROVIRA;Línea reventada;"BOLV-307; BOLM-308 (I-59); CUAD-305";306;12;17;TOLIMA NORTE;DISTRIBUCION TOLIMA;CELSIA - TOLIMA CENTRO;CO-TOL-DI-CELSIA-TNORTE-CENTRO;RC1146;;RURAL 13.2 KV;MT-No Programada Con Interrupción;1;No;Permanente;;Sí;Despachado;Parcialmente restaurado;0;"Finalizada; Cancelada; Pendiente";L1 L2 L3;29/09/2026 11:04:20.136;354;13;Raised;42;0;(-8379347.2, 459238.7);0;Llamada;;Reconectador;VDA CORAZON;No;No;DISTRIBUCION;Alimentador/Troncal MT;Sí
5;;01/10/2026 09:16:24.517;INC 146598587;;S02118;LA VEGA 13.2 KV;CHAPETON;Ninguna;BOLM-302 (I-2);0;0;1;TOLIMA NORTE;DISTRIBUCION TOLIMA;CELSIA - TOLIMA CENTRO;CO-TOL-DI-CELSIA-TNORTE-CENTRO;S02116;;LA VEGA 13.2 KV;MT-No Programada Con Interrupción;1;No;Permanente;;No;Despachado;Restaurado;0;Pendiente;L3;01/10/2026 09:16:24.486;34;0;Low;1;0;(-8378408.0, 494457.6);0;Llamada;03/10/2026 00:34:29.588;Interruptor compuesto;SIN DIRECCION;No;No;DISTRIBUCION;Alimentador/Troncal MT;No
6;;01/10/2026 13:56:17.558;INC 146599030;;S03277;CAJAMARCA 2 CT 2;NUEVA CAJAMARCA;Ninguna;BOLV-337;0;0;1;TOLIMA NORTE;DISTRIBUCION TOLIMA;CELSIA - TOLIMA CENTRO;CO-TOL-DI-CELSIA-TNORTE-CENTRO;RB2623;;CAJAMARCA 2 CT 2;MT-No Programada Con Interrupción;1;No;Permanente;;No;Despachado;Restaurado;0;Pendiente;L1;01/10/2026 13:56:17.532;1;0;Low;1;0;(-8389556.3, 492497.2);0;Llamada;02/10/2026 17:43:01.045;Interruptor compuesto;SIN DIRECCION;No;No;DISTRIBUCION;Alimentador/Troncal MT;No
7;;01/10/2026 16:10:21.103;INC 146599162;;2436892A;CAJAMARCA 2 CT 2;NUEVA CAJAMARCA;Desconocida;BOLM-353;0;0;1;TOLIMA NORTE;DISTRIBUCION TOLIMA;CELSIA - TOLIMA CENTRO;CO-TOL-DI-CELSIA-TNORTE-CENTRO;2436868A;;CAJAMARCA 2 CT 2;MT-No Programada Con Interrupción;1;No;Permanente;;No;Despachado;No hay interrupción;0;Finalizada;L1;01/10/2026 16:10:21.056;29;0;Low;1;0;(-8392502.5, 492508.9);0;Llamada;;Interruptor compuesto;VDA EL CEDRAL LA GRANADA;No;No;DISTRIBUCION;Alimentador/Troncal MT;No
8;;01/10/2026 16:11:27.986;INC 146599164;;2263688-A;PAYANDE 2 13.2 KV;PAYANDE;Ninguna;BOLM-435 (I-35);0;0;2;TOLIMA NORTE;DISTRIBUCION TOLIMA;CELSIA - TOLIMA SUR;CO-TOL-DI-CELSIA-TNORTE-CENTRO;2620987A;;PAYANDE 2 13.2 KV;MT-No Programada Con Interrupción;1;No;Permanente;;No;Despachado;Restaurado;0;Iniciada;L1;01/10/2026 16:11:27.954;5;0;Low;1;0;(-8367994.8, 444251.9);0;Llamada;02/10/2026 15:20:08.593;Interruptor compuesto;VDA MESA DE CUCUANA;No;No;DISTRIBUCION;Alimentador/Troncal MT;No
9;;02/10/2026 06:57:54.512;INC 146599573;;66706001A;LA VEGA 13.2 KV;CHAPETON;Ninguna;BOLM-302 (I-2);0;0;2;TOLIMA NORTE;DISTRIBUCION TOLIMA;CELSIA - TOLIMA CENTRO;CO-TOL-DI-CELSIA-TNORTE-CENTRO;S08060;;LA VEGA 13.2 KV;MT-No Programada Con Interrupción;1;No;Permanente;;No;Despachado;Restaurado;0;Pendiente;L2;02/10/2026 06:57:54.465;22;0;Low;1;0;(-8379134.2, 496138.9);0;Llamada;03/10/2026 00:34:29.588;Interruptor compuesto;SECTOR LOS TUNELES;No;No;DISTRIBUCION;Alimentador/Troncal MT;No
10;;02/10/2026 07:39:21.183;INC 146599617;;65562162;SAN JUAN 13.2 KV;SALADO;Ninguna;BOLV-312;0;0;3;TOLIMA NORTE;DISTRIBUCION TOLIMA;CELSIA - TOLIMA CENTRO;CO-TOL-DI-CELSIA-TNORTE-CENTRO;65562324A;;SAN JUAN 13.2 KV;MT-No Programada Con Interrupción;1;No;Permanente;;No;Despachado;No hay interrupción;0;Pendiente;L3;02/10/2026 07:39:21.129;12;0;Low;1;0;(-8351599.3, 514092.8);0;Llamada;;Interruptor compuesto;VDA RIO GRANDE;No;No;DISTRIBUCION;Alimentador/Troncal MT;No
11;DP BT;02/10/2026 08:45:47.441;INC 146599706;;SAC96039;CAJAMARCA 2 13.2 KV;CAJAMARCA;Poste averiado;"BOLV-303; DP-CA-S-CentroTolima";0;0;1;TOLIMA NORTE;DISTRIBUCION TOLIMA;CELSIA - TOLIMA CENTRO;CO-TOL-DI-CELSIA-TNORTE-CENTRO;65619199A;;CAJAMARCA 2 13.2 KV;MT-No Programada Con Interrupción;1;No;Permanente;;No;Despachado;No hay interrupción;0;"No Realizado; Pendiente";L1;02/10/2026 08:45:47.054;1;0;Low;0;0;(-8399220.5, 493182.1);0;Llamada;;Alimentador de clientes;VDA .CAJAMARQ. FNCA.LA JUDEA;No;No;DISTRIBUCION;Alimentador/Troncal MT;No
12;;02/10/2026 08:55:51.906;INC 146599725;;66707016A;RURAL 13.2 KV;ROVIRA;Ninguna;BOLM-308 (I-59);0;0;2;TOLIMA NORTE;DISTRIBUCION TOLIMA;CELSIA - TOLIMA CENTRO;CO-TOL-DI-CELSIA-TNORTE-CENTRO;3407200A;;RURAL 13.2 KV;MT-No Programada Con Interrupción;1;No;Permanente;;No;Despachado;Restaurado;0;Pendiente;L1;02/10/2026 08:55:51.752;15;0;Low;1;0;(-8388829.3, 460884.2);0;Llamada;03/10/2026 09:31:22.026;Interruptor compuesto;VDA LA MIRANDA;No;No;DISTRIBUCION;Alimentador/Troncal MT;Sí
13;;02/10/2026 09:22:03.907;INC 146599756;;3448202-A;RURAL 13.2 KV;ROVIRA;Ninguna;BOLM-308 (I-59);0;0;1;TOLIMA NORTE;DISTRIBUCION TOLIMA;CELSIA - TOLIMA CENTRO;CO-TOL-DI-CELSIA-TNORTE-CENTRO;RC1090;;RURAL 13.2 KV;MT-No Programada Con Interrupción;1;No;Permanente;;No;Despachado;Restaurado;0;Pendiente;L3;02/10/2026 09:22:03.858;27;1;Raised;1;0;(-8385141.1, 468336.3);0;Llamada;03/10/2026 09:31:22.026;Interruptor compuesto;VDA SAN JUAN ALTO;No;No;DISTRIBUCION;Alimentador/Troncal MT;Sí
14;;02/10/2026 09:48:13.085;INC 146599786;;S08398;PAYANDE 2 13.2 KV;PAYANDE;Línea reventada;BOLV-304;0;0;3;TOLIMA NORTE;DISTRIBUCION TOLIMA;CELSIA - TOLIMA CENTRO;CO-TOL-DI-CELSIA-TNORTE-CENTRO;RB1941;;PAYANDE 2 13.2 KV;MT-No Programada Con Interrupción;1;No;Permanente;;No;Despachado;Restaurado;0;Finalizada;L3;02/10/2026 09:48:13.025;5;0;Low;1;0;(-8365490.0, 463964.8);0;Llamada;02/10/2026 15:20:08.593;Interruptor compuesto;SECCIONAMIENTO;No;No;DISTRIBUCION;Alimentador/Troncal MT;No
15;;02/10/2026 10:53:22.074;INC 146599870;;2070103-A;PAPAYO 7 13.2 KV;PAPAYO;Ninguna;BOLM-301 (I-1);0;0;1;TOLIMA NORTE;DISTRIBUCION TOLIMA;CELSIA - TOLIMA CENTRO;CO-TOL-DI-CELSIA-TNORTE-CENTRO;65969882A;;PAPAYO 7 13.2 KV;MT-No Programada Con Interrupción;1;No;Permanente;;No;Despachado;No hay interrupción;0;Pendiente;L2;02/10/2026 10:53:22.023;3;0;Medium;1;0;(-8368100.5, 482905.6);0;Llamada;;Interruptor compuesto;IBAGUE VDA LLANO DE COMBEIMA FCA MONACO;No;No;DISTRIBUCION;Alimentador/Troncal MT;No
16;;02/10/2026 11:08:41.119;INC 146599895;;66894674A;CAJAMARCA 2 CT 2;NUEVA CAJAMARCA;Desconocida;BOLV-337;0;0;1;TOLIMA NORTE;DISTRIBUCION TOLIMA;CELSIA - TOLIMA CENTRO;CO-TOL-DI-CELSIA-TNORTE-CENTRO;65610418A;;CAJAMARCA 2 CT 2;MT-No Programada Con Interrupción;1;No;Permanente;;No;Despachado;Restaurado;0;Finalizada;L1 L2;02/10/2026 11:08:41.072;50;6;High;1;0;(-8383437.5, 491361.7);0;Llamada;02/10/2026 17:43:01.045;Interruptor compuesto;VDA  CAÑADAS PERICO;No;No;DISTRIBUCION;Alimentador/Troncal MT;No
17;;02/10/2026 11:45:50.215;INC 146599945;;66793893A;CAJAMARCA 2 CT 2;NUEVA CAJAMARCA;Ninguna;BOLV-337;0;0;1;TOLIMA NORTE;DISTRIBUCION TOLIMA;CELSIA - TOLIMA CENTRO;CO-TOL-DI-CELSIA-TNORTE-CENTRO;4035976A;;CAJAMARCA 2 CT 2;MT-No Programada Con Interrupción;1;No;Permanente;;No;Despachado;Restaurado;0;Pendiente;L1;02/10/2026 11:45:50.159;2;0;Low;1;0;(-8383522.8, 484877.5);0;Llamada;02/10/2026 17:43:01.045;Interruptor compuesto;VDA SAN ISIDRO;No;No;DISTRIBUCION;Alimentador/Troncal MT;No
18;;02/10/2026 13:04:14.035;INC 146600031;;2329107-A;PAYANDE 2 13.2 KV;PAYANDE;Ninguna;BOLM-302 (I-2);0;0;3;TOLIMA NORTE;DISTRIBUCION TOLIMA;CELSIA - TOLIMA CENTRO;CO-TOL-DI-CELSIA-TNORTE-CENTRO;S02214;;PAYANDE 2 13.2 KV;MT-No Programada Con Interrupción;1;No;Permanente;;No;Despachado;Restaurado;0;Pendiente;L1 L3;02/10/2026 13:04:13.956;11;0;Medium;1;0;(-8361160.3, 475363.2);0;Llamada;02/10/2026 15:20:08.593;Interruptor compuesto;VDA EL SALITRE;No;No;DISTRIBUCION;Alimentador/Troncal MT;No
19;;02/10/2026 13:57:31.749;INC 146600107;;66791866A;RURAL 13.2 KV;ROVIRA;Ninguna;BOLM-308 (I-59);0;0;2;TOLIMA NORTE;DISTRIBUCION TOLIMA;CELSIA - TOLIMA CENTRO;CO-TOL-DI-CELSIA-TNORTE-CENTRO;66791841A;;RURAL 13.2 KV;MT-No Programada Con Interrupción;1;No;Permanente;;No;Despachado;Restaurado;0;Pendiente;L2;02/10/2026 13:57:31.663;15;2;Raised;1;0;(-8382106.8, 468933.5);0;Llamada;03/10/2026 09:31:22.026;Interruptor compuesto;VDA SAN PEDRO;No;No;DISTRIBUCION;Alimentador/Troncal MT;Sí
20;;02/10/2026 14:12:18.755;INC 146600130;;65549158;ARBOLEDA 3 13.2 KV;ARBOLEDA;Ninguna;BOLM-302 (I-2);0;0;19;TOLIMA NORTE;DISTRIBUCION TOLIMA;CELSIA - TOLIMA CENTRO;CO-TOL-DI-CELSIA-TNORTE-CENTRO;S10514;;ARBOLEDA 3 13.2 KV;MT-No Programada Con Interrupción;1;No;Permanente;;No;Despachado;Restaurado;0;Pendiente;L1;02/10/2026 14:12:18.700;102;0;Low;1;0;(-8364562.7, 489314.7);0;Llamada;03/10/2026 10:10:17.295;Interruptor compuesto;ARBOLEDA CAMPESTRE;No;No;DISTRIBUCION;Alimentador/Troncal MT;No
21;;02/10/2026 14:17:25.975;INC 146600140;;SW16820;PAYANDE 2 13.2 KV;PAYANDE;Ninguna;BOLM-302 (I-2);0;0;1;TOLIMA NORTE;DISTRIBUCION TOLIMA;CELSIA - TOLIMA CENTRO;CO-TOL-DI-CELSIA-TNORTE-CENTRO;S08144;;PAYANDE 2 13.2 KV;MT-No Programada Con Interrupción;1;No;Permanente;;No;Despachado;Restaurado;0;Pendiente;L1;02/10/2026 14:17:25.930;10;0;Low;1;0;(-8369896.5, 455204.1);0;Llamada;03/10/2026 10:07:49.762;Interruptor compuesto;SIN DIRECCION;No;No;DISTRIBUCION;Alimentador/Troncal MT;No
22;;02/10/2026 15:06:32.256;INC 146600223;;65967723A;VERGEL 1 13.2 KV;VERGEL;Ninguna;BOLV-337;0;0;5;TOLIMA NORTE;DISTRIBUCION TOLIMA;CELSIA - TOLIMA CENTRO;CO-TOL-DI-CELSIA-TNORTE-CENTRO;65967502B;;VERGEL 1 13.2 KV;MT-No Programada Con Interrupción;1;No;Permanente;;No;Despachado;Restaurado;0;Pendiente;L1;02/10/2026 15:06:32.202;49;1;Raised;1;0;(-8371712.2, 498606.4);0;Llamada;02/10/2026 16:05:47.169;Interruptor compuesto;IBAGUE VDA AMBALA;No;No;DISTRIBUCION;Alimentador/Troncal MT;Sí
23;;02/10/2026 15:29:33.866;INC 146600277;;66792080A;DOIMA 1 13.2 KV;DOIMA;Ninguna;BOLM-313 (I-13);0;0;2;TOLIMA NORTE;DISTRIBUCION TOLIMA;CELSIA - TOLIMA CENTRO;CO-TOL-DI-CELSIA-TNORTE-CENTRO;S07992;;DOIMA 1 13.2 KV;MT-No Programada Con Interrupción;1;No;Permanente;;No;Despachado;No hay interrupción;0;No Realizado;L2;02/10/2026 15:29:33.824;3;0;Low;1;0;(-8346496.7, 494739.8);0;Llamada;;Interruptor compuesto;FCA LA BOLSA;No;No;DISTRIBUCION;Alimentador/Troncal MT;No
24;;02/10/2026 15:39:20.362;INC 146600307;;2709180-A;DOIMA 1 13.2 KV;DOIMA;Ninguna;BOLM-313 (I-13);0;0;10;TOLIMA NORTE;DISTRIBUCION TOLIMA;CELSIA - TOLIMA CENTRO;CO-TOL-DI-CELSIA-TNORTE-CENTRO;RB3450;;DOIMA 1 13.2 KV;MT-No Programada Con Interrupción;1;No;Permanente;;No;Despachado;No hay interrupción;0;Iniciada;L2;02/10/2026 15:39:20.309;65;0;Low;1;0;(-8345153.4, 492341.7);0;Llamada;;Interruptor compuesto;VDA LAS VILLAS;No;No;DISTRIBUCION;Alimentador/Troncal MT;No
25;;02/10/2026 15:55:26.187;INC 146600346;;65963515;PAPAYO 7 13.2 KV;PAPAYO;Ninguna;BOLM-301 (I-1);0;0;1;TOLIMA NORTE;DISTRIBUCION TOLIMA;CELSIA - TOLIMA CENTRO;CO-TOL-DI-CELSIA-TNORTE-CENTRO;RB2109;;PAPAYO 7 13.2 KV;MT-No Programada Con Interrupción;1;No;Permanente;;No;Despachado;No hay interrupción;0;Pendiente;L1;02/10/2026 15:55:26.123;3;0;Low;1;0;(-8366534.7, 485128.6);0;Llamada;;Interruptor compuesto;SECCIONAMIENTO LA SEVILLA;No;No;DISTRIBUCION;Alimentador/Troncal MT;No
26;;02/10/2026 16:05:04.814;INC 146600368;;65931184A;BRISAS 2 13.2 KV;BRISAS;Ninguna;BOLM-330;0;0;4;TOLIMA NORTE;DISTRIBUCION TOLIMA;CELSIA - TOLIMA CENTRO;CO-TOL-DI-CELSIA-TNORTE-CENTRO;;;BRISAS 2 13.2 KV;MT-No Programada Con Interrupción;1;No;Permanente;;No;Despachado;Restaurado;0;Pendiente;L1;02/10/2026 16:05:04.758;15;0;Low;1;0;(-8374599.6, 492462.3);0;Llamada;02/10/2026 15:33:56.484;Interruptor compuesto;VDA MARTINICA PARTE ALTA;No;No;DISTRIBUCION;Alimentador/Troncal MT;No
27;;02/10/2026 16:11:06.681;INC 146600381;;65931311-A;BRISAS 2 13.2 KV;BRISAS;Ninguna;BOLM-330;0;0;12;TOLIMA NORTE;DISTRIBUCION TOLIMA;CELSIA - TOLIMA CENTRO;CO-TOL-DI-CELSIA-TNORTE-CENTRO;;;BRISAS 2 13.2 KV;MT-No Programada Con Interrupción;1;No;Permanente;;No;Despachado;Restaurado;0;Pendiente;L1;02/10/2026 16:11:06.632;73;0;Medium;1;0;(-8375272.5, 492603.4);0;Llamada;02/10/2026 15:33:56.484;Interruptor compuesto;VDA LA MARTINICA;No;No;DISTRIBUCION;Alimentador/Troncal MT;No
28;;02/10/2026 16:12:49.088;INC 146600385;;65931117A;BRISAS 2 13.2 KV;BRISAS;Ninguna;BOLV-394;0;0;10;TOLIMA NORTE;DISTRIBUCION TOLIMA;CELSIA - TOLIMA CENTRO;CO-TOL-DI-CELSIA-TNORTE-CENTRO;65931192A;;BRISAS 2 13.2 KV;MT-No Programada Con Interrupción;1;No;Permanente;;No;Despachado;Restaurado;0;Pendiente;L1;02/10/2026 16:12:48.903;65;0;Medium;1;0;(-8375012.8, 492962.7);0;Llamada;02/10/2026 15:33:56.484;Interruptor compuesto;B.CARTAGENA PARTE ALTAALLADODELAVOLANTE;No;No;DISTRIBUCION;Alimentador/Troncal MT;No
29;;02/10/2026 16:14:51.660;INC 146600393;;66691268A;URBANO 13.2 KV;ROVIRA;Descargas atmosfericas;BOLV-307;0;0;3;TOLIMA NORTE;DISTRIBUCION TOLIMA;CELSIA - TOLIMA CENTRO;CO-TOL-DI-CELSIA-TNORTE-CENTRO;RB2062;;URBANO 13.2 KV;MT-No Programada Con Interrupción;1;No;Permanente;;No;Despachado;No hay interrupción;0;Finalizada;L1 L2;02/10/2026 16:14:51.608;10;0;Medium;1;0;(-8371444.8, 478432.9);0;Llamada;;Interruptor compuesto;VDA EL GOLUPO;No;No;DISTRIBUCION;Alimentador/Troncal MT;No
30;;02/10/2026 16:17:06.019;INC 146600399;;65187647A;CAJAMARCA 2 CT 2;NUEVA CAJAMARCA;Ninguna;BOLV-337;0;0;1;TOLIMA NORTE;DISTRIBUCION TOLIMA;CELSIA - TOLIMA CENTRO;CO-TOL-DI-CELSIA-TNORTE-CENTRO;RB2624;;CAJAMARCA 2 CT 2;MT-No Programada Con Interrupción;1;No;Permanente;;No;Despachado;Restaurado;0;Pendiente;L1;02/10/2026 16:17:05.972;29;0;Low;1;0;(-8380511.8, 491635.7);0;Llamada;02/10/2026 17:43:01.045;Interruptor compuesto;VRD CURAL LA MERCEDES;No;No;DISTRIBUCION;Alimentador/Troncal MT;No
31;;02/10/2026 16:37:50.048;INC 146600442;;65197944-A;VERDESOL 13.2 KV;SALADO;Ninguna;BOLM-348(SERRATO GONZALEZ JOSE HUMBERTO;0;0;1;TOLIMA NORTE;DISTRIBUCION TOLIMA;CELSIA - TOLIMA CENTRO;CO-TOL-DI-CELSIA-TNORTE-CENTRO;S09902;;VERDESOL 13.2 KV;MT-No Programada Con Interrupción;1;No;Permanente;;No;Despachado;No hay interrupción;0;Pendiente;L1;02/10/2026 16:37:50.017;79;0;Medium;1;0;(-8367983.4, 495420.2);0;Llamada;;Interruptor compuesto;CRA 9 CLL  105 PIRAMIDES DEL NORTE;No;No;DISTRIBUCION;Alimentador/Troncal MT;No
32;;02/10/2026 16:45:01.589;INC 146600459;;SAC680456;RURAL 13.2 KV;ROVIRA;Ninguna;BOLV-307;0;0;1;TOLIMA NORTE;DISTRIBUCION TOLIMA;CELSIA - TOLIMA CENTRO;CO-TOL-DI-CELSIA-TNORTE-CENTRO;;;RURAL 13.2 KV;MT-No Programada Con Interrupción;1;No;Permanente;;No;Despachado;Restaurado;0;Iniciada;L3;02/10/2026 16:45:01.493;1;0;Low;0;0;(-8382947.1, 467586.2);0;Llamada;03/10/2026 09:31:22.026;Alimentador de clientes;VDA LA RETIRADA FINCA EL PLACER LOTE 2;No;No;DISTRIBUCION;Alimentador/Troncal MT;Sí
33;;02/10/2026 16:47:30.008;INC 146600463;;65961040;PAPAYO 6 13.2 KV;PAPAYO;Ninguna;BOLV-398 (Apoyo);0;0;1;TOLIMA NORTE;DISTRIBUCION TOLIMA;CELSIA - TOLIMA CENTRO;CO-TOL-DI-CELSIA-TNORTE-CENTRO;65961024B;;PAPAYO 6 13.2 KV;MT-No Programada Con Interrupción;1;No;Permanente;;No;Despachado;No hay interrupción;0;Pendiente;L1 L2 L3;02/10/2026 16:47:29.974;3;1;High;1;0;(-8369661.5, 493193.8);0;Llamada;;Interruptor compuesto;AV PEDRO TAFUR;No;No;DISTRIBUCION;Alimentador/Troncal MT;No
34;;02/10/2026 16:54:21.475;INC 146600477;;65951878A;PAPAYO 11 13.2 KV;PAPAYO;Ninguna;BOLV-398 (Apoyo);0;0;2;TOLIMA NORTE;DISTRIBUCION TOLIMA;CELSIA - TOLIMA CENTRO;CO-TOL-DI-CELSIA-TNORTE-CENTRO;RC1143;;PAPAYO 11 13.2 KV;MT-No Programada Con Interrupción;1;No;Permanente;FCC;No;Despachado;Restaurado;0;Pendiente;L1;02/10/2026 16:54:21.421;137;3;Critical;1;0;(-8369664.1, 494290.7);0;Llamada;02/10/2026 19:40:56.146;Interruptor compuesto;CRA 2ACLL 83APALERMO;No;No;DISTRIBUCION;Alimentador/Troncal MT;No
35;;02/10/2026 16:54:53.878;INC 146600478;;65931931-A;BRISAS 2 13.2 KV;BRISAS;Ninguna;BOLM-330;0;0;1;TOLIMA NORTE;DISTRIBUCION TOLIMA;CELSIA - TOLIMA CENTRO;CO-TOL-DI-CELSIA-TNORTE-CENTRO;S08741;;BRISAS 2 13.2 KV;MT-No Programada Con Interrupción;1;No;Permanente;;No;Despachado;Restaurado;0;Pendiente;L1;02/10/2026 16:54:53.829;4;0;Medium;1;0;(-8373330.3, 491231.2);0;Llamada;02/10/2026 15:33:56.484;Interruptor compuesto;VDA MARTINICA PARTE BAJA;No;No;DISTRIBUCION;Alimentador/Troncal MT;No
36;;02/10/2026 17:03:49.878;INC 146600502;;65926474-A;BRISAS 1 13.2 KV;BRISAS;Ninguna;BOLV-398 (Apoyo);0;0;6;TOLIMA NORTE;DISTRIBUCION TOLIMA;CELSIA - TOLIMA CENTRO;CO-TOL-DI-CELSIA-TNORTE-CENTRO;S10096;;BRISAS 1 13.2 KV;MT-No Programada Con Interrupción;1;No;Permanente;;No;Despachado;No hay interrupción;0;Pendiente;L1;02/10/2026 17:03:49.820;55;0;Low;1;0;(-8374014.5, 493450.5);0;Llamada;;Interruptor compuesto;CRA 1ASURCLL 34BELBOSQUEPARTEALTA;No;No;DISTRIBUCION;Alimentador/Troncal MT;No
37;;02/10/2026 17:05:33.150;INC 146600507;;S03401;RURAL 13.2 KV;ROVIRA;Ninguna;BOLV-307;0;0;9;TOLIMA NORTE;DISTRIBUCION TOLIMA;CELSIA - TOLIMA CENTRO;CO-TOL-DI-CELSIA-TNORTE-CENTRO;SW8773;;RURAL 13.2 KV;MT-No Programada Con Interrupción;1;No;Permanente;;No;Despachado;Restaurado;0;Pendiente;L1 L2;02/10/2026 17:05:33.088;108;1;Raised;9;0;(-8376680.4, 470874.6);0;Llamada;03/10/2026 09:31:22.026;Interruptor compuesto;SECCIONAMIENTO VEREDA MANGA;No;No;DISTRIBUCION;Alimentador/Troncal MT;Sí
38;;02/10/2026 17:08:18.271;INC 146600512;;65931206A;BRISAS 2 13.2 KV;BRISAS;Ninguna;BOLM-330;0;0;4;TOLIMA NORTE;DISTRIBUCION TOLIMA;CELSIA - TOLIMA CENTRO;CO-TOL-DI-CELSIA-TNORTE-CENTRO;;;BRISAS 2 13.2 KV;MT-No Programada Con Interrupción;1;No;Permanente;;No;Despachado;Restaurado;0;Pendiente;L1;02/10/2026 17:08:18.229;10;0;Low;1;0;(-8374969.1, 492303.0);0;Llamada;02/10/2026 15:33:56.484;Interruptor compuesto;VDA MARTINICA ALTA;No;No;DISTRIBUCION;Alimentador/Troncal MT;No
39;;02/10/2026 17:14:52.390;INC 146600518;;65970538A;PAPAYO 7 13.2 KV;PAPAYO;Ninguna;BOLM-330;0;0;1;TOLIMA NORTE;DISTRIBUCION TOLIMA;CELSIA - TOLIMA CENTRO;CO-TOL-DI-CELSIA-TNORTE-CENTRO;65970521A;;PAPAYO 7 13.2 KV;MT-No Programada Con Interrupción;1;No;Permanente;;No;Despachado;No hay interrupción;0;Pendiente;L1;02/10/2026 17:14:52.344;16;0;Low;1;0;(-8373603.4, 488437.9);0;Llamada;;Interruptor compuesto;VDA POTRERO GRANDE;No;No;DISTRIBUCION;Alimentador/Troncal MT;No
40;;02/10/2026 17:17:06.625;INC 146600523;;3473178-A;URBANO 13.2 KV;ROVIRA;Desconocida;BOLM-308 (I-59);0;0;1;TOLIMA NORTE;DISTRIBUCION TOLIMA;CELSIA - TOLIMA CENTRO;CO-TOL-DI-CELSIA-TNORTE-CENTRO;S09158;;URBANO 13.2 KV;MT-No Programada Con Interrupción;1;No;Permanente;;No;Despachado;No hay interrupción;0;Cancelada;L3;02/10/2026 17:17:06.578;2;0;Low;1;0;(-8370669.5, 478318.0);0;Llamada;;Interruptor compuesto;VDA EL MORRO;No;No;DISTRIBUCION;Alimentador/Troncal MT;Sí
41;;02/10/2026 17:33:04.616;INC 146600552;;SAC367053;RURAL 13.2 KV;ROVIRA;Ninguna;BOLM-308 (I-59);0;0;1;TOLIMA NORTE;DISTRIBUCION TOLIMA;CELSIA - TOLIMA CENTRO;CO-TOL-DI-CELSIA-TNORTE-CENTRO;;;RURAL 13.2 KV;MT-No Programada Con Interrupción;1;No;Permanente;;No;Despachado;Restaurado;0;Iniciada;L2;02/10/2026 17:33:04.525;1;0;Low;0;0;(-8382947.1, 467586.2);0;Llamada;03/10/2026 09:31:22.026;Alimentador de clientes;VDA CALABAZO;No;No;DISTRIBUCION;Alimentador/Troncal MT;Sí
42;;02/10/2026 17:49:59.319;INC 146600577;;66851222A;PAPAYO 6 13.2 KV;PAPAYO;Ninguna;BOLV-398 (Apoyo);0;0;19;TOLIMA NORTE;DISTRIBUCION TOLIMA;CELSIA - TOLIMA CENTRO;CO-TOL-DI-CELSIA-TNORTE-CENTRO;65961083B;;PAPAYO 6 13.2 KV;MT-No Programada Con Interrupción;1;No;Permanente;;No;Despachado;No hay interrupción;0;Iniciada;L2 L3;02/10/2026 17:49:59.256;220;0;Medium;1;0;(-8368601.5, 493897.9);0;Llamada;;Interruptor compuesto; URBANIZACIÓN MANDALA;No;No;DISTRIBUCION;Alimentador/Troncal MT;No
43;;02/10/2026 17:53:03.890;INC 146600580;;SAC253684;RURAL 13.2 KV;ROVIRA;Ninguna;BOLV-307;0;0;1;TOLIMA NORTE;DISTRIBUCION TOLIMA;CELSIA - TOLIMA CENTRO;CO-TOL-DI-CELSIA-TNORTE-CENTRO;;;RURAL 13.2 KV;MT-No Programada Con Interrupción;1;No;Permanente;;No;Despachado;Restaurado;0;Pendiente;L1;02/10/2026 17:53:03.806;1;0;Low;0;0;(-8391395.6, 469788.2);0;Llamada;03/10/2026 09:31:22.026;Alimentador de clientes;VDA LA RETIRADA FNC LA ESPE;No;No;DISTRIBUCION;Alimentador/Troncal MT;Sí
44;;02/10/2026 17:56:05.189;INC 146600586;;1218620-A;PAPAYO 6 13.2 KV;PAPAYO;Ninguna;BOLV-398 (Apoyo);0;0;1;TOLIMA NORTE;DISTRIBUCION TOLIMA;CELSIA - TOLIMA CENTRO;CO-TOL-DI-CELSIA-TNORTE-CENTRO;RB3245;;PAPAYO 6 13.2 KV;MT-No Programada Con Interrupción;1;No;Permanente;;No;Despachado;No hay interrupción;0;Pendiente;L1;02/10/2026 17:55:53.037;115;1;High;1;0;(-8369785.5, 494024.2);0;Llamada;;Interruptor compuesto;CLL 81CRA 2ASUR;No;No;DISTRIBUCION;Alimentador/Troncal MT;No
45;;02/10/2026 17:56:42.795;INC 146600588;;65557118;VERDESOL 13.2 KV;SALADO;Ninguna;BOLM-301 (I-1);0;0;2;TOLIMA NORTE;DISTRIBUCION TOLIMA;CELSIA - TOLIMA CENTRO;CO-TOL-DI-CELSIA-TNORTE-CENTRO;RB3442;;VERDESOL 13.2 KV;MT-No Programada Con Interrupción;1;No;Permanente;;No;Despachado;No hay interrupción;0;Pendiente;L1;02/10/2026 17:56:42.464;17;0;Low;1;0;(-8366977.8, 498689.8);0;Llamada;;Interruptor compuesto;VDA CHEMBE;No;No;DISTRIBUCION;Alimentador/Troncal MT;No
46;;02/10/2026 17:56:58.816;INC 146600589;;1367072A;PAPAYO 6 13.2 KV;PAPAYO;Ninguna;BOLM-301 (I-1);0;0;1;TOLIMA NORTE;DISTRIBUCION TOLIMA;CELSIA - TOLIMA CENTRO;CO-TOL-DI-CELSIA-TNORTE-CENTRO;65973847A;;PAPAYO 6 13.2 KV;MT-No Programada Con Interrupción;1;No;Permanente;VCD;No;Despachado;No hay interrupción;0;Pendiente;L1 L2 L3;02/10/2026 17:56:11.890;81;0;Medium;1;0;(-8367863.0, 491205.9);0;Llamada;;Interruptor compuesto;CLL 113SURNº433-84;No;No;DISTRIBUCION;Alimentador/Troncal MT;No
47;;02/10/2026 17:58:31.944;INC 146600591;;65182165-A;VERDESOL 13.2 KV;SALADO;Ninguna;BOLM-348(SERRATO GONZALEZ JOSE HUMBERTO;0;0;8;TOLIMA NORTE;DISTRIBUCION TOLIMA;CELSIA - TOLIMA CENTRO;CO-TOL-DI-CELSIA-TNORTE-CENTRO;RB2093;;VERDESOL 13.2 KV;MT-No Programada Con Interrupción;1;No;Permanente;;No;Despachado;No hay interrupción;0;Pendiente;L1;02/10/2026 17:58:31.897;22;0;Medium;1;0;(-8365629.9, 495833.8);0;Llamada;;Interruptor compuesto;CONJUNTO VILLA BASILIA VIA AL SALADO;No;No;DISTRIBUCION;Alimentador/Troncal MT;No
48;;02/10/2026 17:59:12.567;INC 146600592;;65175576-A;CAJAMARCA 2 13.2 KV;CAJAMARCA;Ninguna;BOLM-353;0;0;2;TOLIMA NORTE;DISTRIBUCION TOLIMA;CELSIA - TOLIMA CENTRO;CO-TOL-DI-CELSIA-TNORTE-CENTRO;3474355B;;CAJAMARCA 2 CT 2;MT-No Programada Con Interrupción;1;No;Permanente;;No;Despachado;No hay interrupción;0;Iniciada;L1 L2;02/10/2026 17:59:12.520;18;0;Low;1;0;(-8406153.0, 489152.3);0;Llamada;;Interruptor compuesto;VDA LA LEONA;No;No;DISTRIBUCION;Alimentador/Troncal MT;No
49;;02/10/2026 18:00:45.242;INC 146600594;;1305379-A;PAYANDE 2 13.2 KV;PAYANDE;Alta vegetación;BOLM-311 (I-11);0;0;2;TOLIMA NORTE;DISTRIBUCION TOLIMA;CELSIA - TOLIMA CENTRO;CO-TOL-DI-CELSIA-TNORTE-CENTRO;1305352A;;PAYANDE 2 13.2 KV;MT-No Programada Con Interrupción;1;No;Permanente;;No;Despachado;No hay interrupción;0;Finalizada;L1;02/10/2026 18:00:45.195;19;0;Low;1;0;(-8361663.1, 467210.3);0;Llamada;;Interruptor compuesto;LOC SALIDA CABUYAL;No;No;DISTRIBUCION;Alimentador/Troncal MT;No
50;;02/10/2026 18:09:31.239;INC 146600612;;65549476A;LA MIEL 2 13.2 KV;LA MIEL;Ninguna;"BOLV-333 (M-8A); BOLM-302 (I-2)";0;0;57;TOLIMA NORTE;DISTRIBUCION TOLIMA;CELSIA - TOLIMA CENTRO;CO-TOL-DI-CELSIA-TNORTE-CENTRO;L320;;LA MIEL 2 13.2 KV;MT-No Programada Con Interrupción;1;No;Permanente;;No;Despachado;No hay interrupción;0;"Cancelada; Cancelada";L1 L2 L3;02/10/2026 18:09:30.829;495;6;Critical;49;0;(-8360232.0, 486733.2);0;Llamada;;Interruptor compuesto;SECCIONAMIENTO HACIA INTERASEO Y ANTENA COMCEL;No;No;DISTRIBUCION;Alimentador/Troncal MT;No
51;;02/10/2026 18:15:16.830;INC 146600624;;65926490A;BRISAS 1 13.2 KV;BRISAS;Ninguna;BOLV-398 (Apoyo);0;0;24;TOLIMA NORTE;DISTRIBUCION TOLIMA;CELSIA - TOLIMA CENTRO;CO-TOL-DI-CELSIA-TNORTE-CENTRO;RB2092;;BRISAS 1 13.2 KV;MT-No Programada Con Interrupción;1;No;Permanente;;No;Despachado;No hay interrupción;0;Pendiente;L1 L3;02/10/2026 18:15:16.768;186;1;High;3;0;(-8373983.2, 493357.7);0;Llamada;;Interruptor compuesto;SECCIONAMIENTO VILLA MARIA;No;No;DISTRIBUCION;Alimentador/Troncal MT;No
52;;02/10/2026 18:37:59.978;INC 146600664;;65970465A;PAPAYO 7 13.2 KV;PAPAYO;Ninguna;BOLM-301 (I-1);0;0;1;TOLIMA NORTE;DISTRIBUCION TOLIMA;CELSIA - TOLIMA CENTRO;CO-TOL-DI-CELSIA-TNORTE-CENTRO;65970414A;;PAPAYO 7 13.2 KV;MT-No Programada Con Interrupción;1;No;Permanente;;No;Despachado;No hay interrupción;0;Pendiente;L1;02/10/2026 18:37:59.872;5;0;Low;1;0;(-8371967.3, 489277.3);0;Llamada;;Interruptor compuesto;VEREDA POTRERO GRANDE FINCA CANTALETA;No;No;DISTRIBUCION;Alimentador/Troncal MT;No
53;;02/10/2026 18:45:04.830;INC 146600681;;2747359-A;PAYANDE 2 13.2 KV;PAYANDE;Desconocida;BOLM-310 (I-10);0;0;2;TOLIMA NORTE;DISTRIBUCION TOLIMA;CELSIA - TOLIMA CENTRO;CO-TOL-DI-CELSIA-TNORTE-CENTRO;66706524A;;PAYANDE 2 13.2 KV;MT-No Programada Con Interrupción;1;No;Permanente;;No;Despachado;Restaurado;0;Finalizada;L1 L2;02/10/2026 18:45:04.739;8;0;Low;1;0;(-8364573.0, 457033.8);0;Llamada;03/10/2026 10:07:49.762;Interruptor compuesto;VDA TOMIN;No;No;DISTRIBUCION;Alimentador/Troncal MT;No
54;;02/10/2026 18:45:50.931;INC 146600682;;66787605A;LA MIEL 3 13.2 KV;LA MIEL;Ninguna;BOLM-302 (I-2);0;0;1;TOLIMA NORTE;DISTRIBUCION TOLIMA;CELSIA - TOLIMA NORTE;CO-TOL-DI-CELSIA-TNORTE-CENTRO;65560461C;;LA MIEL 3 13.2 KV;MT-No Programada Con Interrupción;1;No;Permanente;;No;Despachado;No hay interrupción;0;Cancelada;L2;02/10/2026 18:45:50.860;244;0;Medium;1;0;(-8364096.9, 489888.5);0;Llamada;;Interruptor compuesto;ESCARLATA;No;No;DISTRIBUCION;Alimentador/Troncal MT;No
55;;02/10/2026 18:46:37.421;INC 146600685;;66851591A;RURAL 13.2 KV;ROVIRA;Ninguna;BOLV-307;0;0;1;TOLIMA NORTE;DISTRIBUCION TOLIMA;CELSIA - TOLIMA CENTRO;CO-TOL-DI-CELSIA-TNORTE-CENTRO;S07932;;RURAL 13.2 KV;MT-No Programada Con Interrupción;1;No;Permanente;;No;Despachado;Restaurado;0;Pendiente;L3;02/10/2026 18:46:37.318;11;0;Low;1;0;(-8386724.9, 465875.3);0;Llamada;03/10/2026 09:31:22.026;Interruptor compuesto;VEREDA GUAIMARAL FINCALA ESPERANZA;No;No;DISTRIBUCION;Alimentador/Troncal MT;Sí
56;;02/10/2026 18:46:42.211;INC 146600686;;2207168-A;PAYANDE 2 13.2 KV;PAYANDE;Ninguna;BOLM-310 (I-10);0;0;1;TOLIMA NORTE;DISTRIBUCION TOLIMA;CELSIA - TOLIMA CENTRO;CO-TOL-DI-CELSIA-TNORTE-CENTRO;S08150;;PAYANDE 2 13.2 KV;MT-No Programada Con Interrupción;1;No;Permanente;;No;Despachado;Restaurado;0;Cancelada;L2;02/10/2026 18:46:42.135;13;0;Low;1;0;(-8367924.4, 452449.8);0;Llamada;03/10/2026 10:07:49.762;Interruptor compuesto;VDA CAÑADA;No;No;DISTRIBUCION;Alimentador/Troncal MT;No
57;;02/10/2026 18:51:17.204;INC 146600699;;65207753A;URBANO 13.2 KV;ROVIRA;Ninguna;BOLV-307;0;0;1;TOLIMA NORTE;DISTRIBUCION TOLIMA;CELSIA - TOLIMA CENTRO;CO-TOL-DI-CELSIA-TNORTE-CENTRO;65174804A;;URBANO 13.2 KV;MT-No Programada Con Interrupción;1;No;Permanente;;No;Despachado;No hay interrupción;0;Pendiente;L1;02/10/2026 18:51:17.129;26;0;Low;1;0;(-8384624.2, 472422.2);0;Llamada;;Interruptor compuesto;VDA LA PALMITA FCA ARRAYANES;No;No;DISTRIBUCION;Alimentador/Troncal MT;No
58;;02/10/2026 18:53:20.479;INC 146600703;;66791831A;BRISAS 2 13.2 KV;BRISAS;Ninguna;BOLM-330;0;0;9;TOLIMA NORTE;DISTRIBUCION TOLIMA;CELSIA - TOLIMA CENTRO;CO-TOL-DI-CELSIA-TNORTE-CENTRO;IN270;;BRISAS 2 13.2 KV;MT-No Programada Con Interrupción;1;No;Permanente;;No;Despachado;No hay interrupción;0;Pendiente;L1 L3;02/10/2026 18:53:20.373;98;1;Critical;7;0;(-8374842.2, 492964.7);0;Llamada;;Interruptor compuesto;SECCIONAMIENTO PLANTA DEL IBAL;No;No;DISTRIBUCION;Alimentador/Troncal MT;No
59;;02/10/2026 18:54:28.357;INC 146600706;;S00624;PAPAYO 8 13.2 KV;PAPAYO;Ninguna;BOLM-330;0;0;18;TOLIMA NORTE;DISTRIBUCION TOLIMA;CELSIA - TOLIMA CENTRO;CO-TOL-DI-CELSIA-TNORTE-CENTRO;RB2664;;PAPAYO 8 13.2 KV;MT-No Programada Con Interrupción;1;No;Permanente;;No;Despachado;No hay interrupción;0;Iniciada;L1;02/10/2026 18:40:26.768;252;4;High;12;0;(-8373026.3, 493065.9);0;Llamada;;Interruptor compuesto;SECCIONAMINETO MARTIRES- MARTINICA;No;No;DISTRIBUCION;Alimentador/Troncal MT;No
60;;02/10/2026 18:57:24.450;INC 146600715;;S03858;URBANO 13.2 KV;ROVIRA;Ninguna;BOLM-308 (I-59);0;0;1;TOLIMA NORTE;DISTRIBUCION TOLIMA;CELSIA - TOLIMA CENTRO;CO-TOL-DI-CELSIA-TNORTE-CENTRO;S03855;;URBANO 13.2 KV;MT-No Programada Con Interrupción;1;No;Permanente;;No;Despachado;Restaurado;0;Pendiente;L2;02/10/2026 18:57:24.392;6;0;Low;1;0;(-8371291.1, 475072.6);0;Llamada;03/10/2026 09:41:30.614;Interruptor compuesto;VDA GOLUPO;No;No;DISTRIBUCION;Alimentador/Troncal MT;No
61;;02/10/2026 18:58:58.514;INC 146600721;;65949393-A;PAPAYO 3 13.2 KV;PAPAYO;Ninguna;BOLM-301 (I-1);0;0;15;TOLIMA NORTE;DISTRIBUCION TOLIMA;CELSIA - TOLIMA CENTRO;CO-TOL-DI-CELSIA-TNORTE-CENTRO;RC1040;;PAPAYO 3 13.2 KV;MT-No Programada Con Interrupción;1;No;Permanente;;No;Despachado;No hay interrupción;0;Pendiente;L1;02/10/2026 18:58:58.424;135;0;Low;1;0;(-8373040.0, 494043.2);0;Llamada;;Interruptor compuesto;CRA 4 BIS CLL 38 BRR LAS PALMAS;No;No;DISTRIBUCION;Alimentador/Troncal MT;No
62;;02/10/2026 19:03:10.476;INC 146600735;;65200481-A;RURAL 13.2 KV;ROVIRA;Ninguna;BOLM-308 (I-59);0;0;2;TOLIMA NORTE;DISTRIBUCION TOLIMA;CELSIA - TOLIMA CENTRO;CO-TOL-DI-CELSIA-TNORTE-CENTRO;4019450A;;RURAL 13.2 KV;MT-No Programada Con Interrupción;1;No;Permanente;;No;Despachado;Restaurado;0;Pendiente;L3;02/10/2026 19:03:10.313;24;2;Raised;1;0;(-8388413.1, 469730.0);0;Llamada;03/10/2026 09:31:22.026;Interruptor compuesto;VDA FLORIDA ALTA;No;No;DISTRIBUCION;Alimentador/Troncal MT;Sí
63;;02/10/2026 19:18:38.094;INC 146600767;;65949441A;PAPAYO 3 13.2 KV;PAPAYO;Ninguna;BOLV-398 (Apoyo);0;0;1;TOLIMA NORTE;DISTRIBUCION TOLIMA;CELSIA - TOLIMA CENTRO;CO-TOL-DI-CELSIA-TNORTE-CENTRO;;;PAPAYO 3 13.2 KV;MT-No Programada Con Interrupción;1;No;Permanente;;No;Despachado;No hay interrupción;0;Pendiente;L1;02/10/2026 19:17:57.931;154;0;Medium;1;0;(-8372993.7, 493724.5);0;Llamada;;Interruptor compuesto;CRA 4ANº37A-47B.SANTAHELENA;No;No;DISTRIBUCION;Alimentador/Troncal MT;No
64;;02/10/2026 19:36:03.186;INC 146600798;;65557126;VERDESOL 13.2 KV;SALADO;Ninguna;BOLM-309 (I-9);0;0;1;TOLIMA NORTE;DISTRIBUCION TOLIMA;CELSIA - TOLIMA CENTRO;CO-TOL-DI-CELSIA-TNORTE-CENTRO;RB3442;;VERDESOL 13.2 KV;MT-No Programada Con Interrupción;1;No;Permanente;;No;Despachado;No hay interrupción;0;Pendiente;L1;02/10/2026 19:36:03.136;32;0;Medium;1;0;(-8366978.3, 498685.4);0;Llamada;;Interruptor compuesto;SECCIONAMIENTO EN LA PALMILLA;No;No;DISTRIBUCION;Alimentador/Troncal MT;No
65;;02/10/2026 19:45:13.579;INC 146600809;;9184;SAN JUAN 13.2 KV;SALADO;Descargas atmosfericas;BOLM-309 (I-9);0;0;2;TOLIMA NORTE;DISTRIBUCION TOLIMA;CELSIA - TOLIMA CENTRO;CO-TOL-DI-CELSIA-TNORTE-CENTRO;;;SAN JUAN 13.2 KV;MT-No Programada Sin Interrupción;1;No;Permanente;;No;Despachado;No hay interrupción;0;Finalizada;L2 L3;02/10/2026 19:45:13.579;46;2;Raised;0;0;(-8366878.6, 505566.4);0;Llamada;;Transformador de consumidor;VDA CHINA ALTA SECT ESCUELA;No;No;DISTRIBUCION;Alimentador/Troncal MT;No
66;;02/10/2026 19:58:54.297;INC 146600827;;65549468A;LA MIEL 2 13.2 KV;LA MIEL;Desconocida;BOLV-399 (Apoyo);0;0;1;TOLIMA NORTE;DISTRIBUCION TOLIMA;CELSIA - TOLIMA CENTRO;CO-TOL-DI-CELSIA-TNORTE-CENTRO;L320;CORE\jramirezs;LA MIEL 2 13.2 KV;MT-No Programada Con Interrupción;2;No;Permanente;;No;Despachado;No hay interrupción;0;Finalizada;L1;02/10/2026 19:58:54.236;16;2;Raised;1;0;(-8360236.5, 486730.0);0;Llamada;;Interruptor compuesto;VDA LA MIEL;No;No;DISTRIBUCION;Alimentador/Troncal MT;No
67;;02/10/2026 19:59:55.264;INC 146600829;;65560089A;LA MIEL 3 13.2 KV;LA MIEL;Descargas atmosfericas;BOLM-302 (I-2);0;0;1;TOLIMA NORTE;DISTRIBUCION TOLIMA;CELSIA - TOLIMA CENTRO;CO-TOL-DI-CELSIA-TNORTE-CENTRO;65560054A;;LA MIEL 3 13.2 KV;MT-No Programada Con Interrupción;1;No;Permanente;FCC;No;Despachado;No hay interrupción;0;Finalizada;L1 L2 L3;02/10/2026 19:59:29.583;1;0;Medium;1;0;(-8363747.4, 489311.6);0;Llamada;;Interruptor compuesto;SECCIONAMIENTO HACIA SANIDAD VEGETAL;No;No;DISTRIBUCION;Alimentador/Troncal MT;No
68;;02/10/2026 20:00:01.703;INC 146600830;;2778157-A;BUENOS AIRES 13.2 KV;PARQUE LOGISTICO;Ninguna;BOLV-399 (Apoyo);0;0;1;TOLIMA NORTE;DISTRIBUCION TOLIMA;CELSIA - TOLIMA CENTRO;CO-TOL-DI-CELSIA-TNORTE-CENTRO;S07798;;BUENOS AIRES 13.2 KV;MT-No Programada Con Interrupción;1;No;Permanente;;No;Despachado;No hay interrupción;0;Pendiente;L1;02/10/2026 20:00:01.633;2;1;High;1;0;(-8358827.0, 483386.9);0;Llamada;;Interruptor compuesto;ANTENA MOVISTAR;No;No;DISTRIBUCION;Alimentador/Troncal MT;No
69;;02/10/2026 20:01:34.558;INC 146600832;;66790517A;RURAL 13.2 KV;ROVIRA;Ninguna;BOLM-308 (I-59);0;0;2;TOLIMA NORTE;DISTRIBUCION TOLIMA;CELSIA - TOLIMA CENTRO;CO-TOL-DI-CELSIA-TNORTE-CENTRO;66929973A;;RURAL 13.2 KV;MT-No Programada Con Interrupción;1;No;Permanente;;No;Despachado;Restaurado;0;Pendiente;L3;02/10/2026 20:01:34.492;23;0;Low;1;0;(-8389198.3, 468746.9);0;Llamada;03/10/2026 09:31:22.026;Interruptor compuesto;VDA LA FLORIDA;No;No;DISTRIBUCION;Alimentador/Troncal MT;Sí
70;;02/10/2026 20:04:58.030;INC 146600835;;S06673;LA VEGA 13.2 KV;CHAPETON;Ninguna;BOLM-302 (I-2);0;0;11;TOLIMA NORTE;DISTRIBUCION TOLIMA;CELSIA - TOLIMA CENTRO;CO-TOL-DI-CELSIA-TNORTE-CENTRO;RB2130;;LA VEGA 13.2 KV;MT-No Programada Con Interrupción;1;No;Permanente;;No;Despachado;Restaurado;0;Pendiente;L2;02/10/2026 20:04:57.957;55;0;Medium;1;0;(-8377998.8, 497340.9);0;Llamada;03/10/2026 00:34:29.588;Interruptor compuesto;SECCIONAMIENTO HACIA VEREDA CAY SECTOR EL MIRADOR;No;No;DISTRIBUCION;Alimentador/Troncal MT;No
71;;02/10/2026 20:08:56.186;INC 146600839;;65922576-A;SAN JORGE 4 13.2 KV;SAN JORGE;Ninguna;CUAD-305;0;0;7;TOLIMA NORTE;DISTRIBUCION TOLIMA;CELSIA - TOLIMA CENTRO;CO-TOL-DI-CELSIA-TNORTE-CENTRO;65921979B;;SAN JORGE 4 13.2 KV;MT-No Programada Con Interrupción;1;No;Permanente;;No;Despachado;No hay interrupción;0;Pendiente;L1 L2 L3;02/10/2026 20:08:56.091;92;0;Medium;1;0;(-8374744.5, 495164.7);0;Llamada;;Interruptor compuesto;CALLE 20 CARRERA 7 BARRIO EL CARMEN;No;No;DISTRIBUCION;Alimentador/Troncal MT;Sí
72;;02/10/2026 20:11:27.008;INC 146600846;;65971046A;PAPAYO 7 13.2 KV;PAPAYO;Ninguna;BOLM-301 (I-1);0;0;1;TOLIMA NORTE;DISTRIBUCION TOLIMA;CELSIA - TOLIMA CENTRO;CO-TOL-DI-CELSIA-TNORTE-CENTRO;65971021A;;PAPAYO 7 13.2 KV;MT-No Programada Con Interrupción;1;No;Permanente;;No;Despachado;No hay interrupción;0;Pendiente;L1;02/10/2026 20:11:26.911;8;0;Medium;1;0;(-8369965.3, 490589.6);0;Llamada;;Interruptor compuesto;VDA CAÑADAS POTRERITO FINCA LOS MANGOS IBAGUE;No;No;DISTRIBUCION;Alimentador/Troncal MT;No
73;;02/10/2026 20:13:28.420;INC 146600860;;65917394A;SAN JORGE 2 13.2 KV;SAN JORGE;Ninguna;BOLV-394;0;0;12;TOLIMA NORTE;DISTRIBUCION TOLIMA;CELSIA - TOLIMA CENTRO;CO-TOL-DI-CELSIA-TNORTE-CENTRO;S00089;;PAPAYO 2 13.2 KV;MT-No Programada Con Interrupción;1;No;Permanente;;No;Despachado;Restaurado;0;Pendiente;L1;02/10/2026 20:13:28.284;112;5;High;1;0;(-8374778.5, 494903.4);0;Llamada;03/10/2026 10:05:07.054;Interruptor compuesto;CRA 5Nº20-48;No;No;DISTRIBUCION;Alimentador/Troncal MT;No
74;;02/10/2026 20:28:10.673;INC 146600875;;66849481A;RURAL 13.2 KV;ROVIRA;Ninguna;BOLM-308 (I-59);0;0;1;TOLIMA NORTE;DISTRIBUCION TOLIMA;CELSIA - TOLIMA CENTRO;CO-TOL-DI-CELSIA-TNORTE-CENTRO;S10853;;RURAL 13.2 KV;MT-No Programada Con Interrupción;1;No;Permanente;;No;Despachado;Restaurado;0;Pendiente;L1 L3;02/10/2026 20:28:10.629;19;1;Raised;1;0;(-8390908.9, 462868.9);0;Llamada;03/10/2026 09:31:22.026;Interruptor compuesto;VDA LA LAGUNA;No;No;DISTRIBUCION;Alimentador/Troncal MT;Sí
75;;02/10/2026 20:47:44.626;INC 146600898;;65966166A;VERGEL 2 13.2 KV;VERGEL;Ninguna;BOLM-348(SERRATO GONZALEZ JOSE HUMBERTO;0;0;1;TOLIMA NORTE;DISTRIBUCION TOLIMA;CELSIA - TOLIMA CENTRO;CO-TOL-DI-CELSIA-TNORTE-CENTRO;RC1095;;VERGEL 2 13.2 KV;MT-No Programada Con Interrupción;1;No;Permanente;;No;Despachado;No hay interrupción;0;Cancelada;L1;02/10/2026 20:47:20.595;120;0;Medium;1;0;(-8368563.7, 495361.0);0;Llamada;;Interruptor compuesto;CLL 98CRA 10ARKALA;No;No;DISTRIBUCION;Alimentador/Troncal MT;No
76;;02/10/2026 20:48:22.573;INC 146600899;;66794229A;CAJAMARCA 2 CT 2;NUEVA CAJAMARCA;Ninguna;BOLV-337;0;0;1;TOLIMA NORTE;DISTRIBUCION TOLIMA;CELSIA - TOLIMA CENTRO;CO-TOL-DI-CELSIA-TNORTE-CENTRO;RB2626;;CAJAMARCA 2 CT 2;MT-No Programada Con Interrupción;1;No;Permanente;;No;Despachado;No hay interrupción;0;Pendiente;L1;02/10/2026 20:48:22.517;11;0;Low;1;0;(-8385342.4, 488317.2);0;Llamada;;Interruptor compuesto;FCA SANTA ANA;No;No;DISTRIBUCION;Alimentador/Troncal MT;No
77;;02/10/2026 21:01:13.733;INC 146600914;;2244195A;RURAL 13.2 KV;ROVIRA;Ninguna;BOLM-308 (I-59);0;0;2;TOLIMA NORTE;DISTRIBUCION TOLIMA;CELSIA - TOLIMA CENTRO;CO-TOL-DI-CELSIA-TNORTE-CENTRO;S08829;;RURAL 13.2 KV;MT-No Programada Con Interrupción;1;No;Permanente;;No;Despachado;Restaurado;0;Pendiente;L1;02/10/2026 21:01:13.669;18;3;Raised;1;0;(-8386352.3, 469727.7);0;Llamada;03/10/2026 09:31:22.026;Interruptor compuesto;VEREDA LA LIBERTAD  SECTOR CASERIO;No;No;DISTRIBUCION;Alimentador/Troncal MT;Sí
78;;02/10/2026 21:02:10.366;INC 146600917;;S05962;URBANO 13.2 KV;ROVIRA;Ninguna;BOLM-330;0;0;1;TOLIMA NORTE;DISTRIBUCION TOLIMA;CELSIA - TOLIMA CENTRO;CO-TOL-DI-CELSIA-TNORTE-CENTRO;S05960;;SAN JORGE 5 13.2 KV;MT-No Programada Con Interrupción;1;No;Permanente;;No;Despachado;Restaurado;0;Pendiente;L1;02/10/2026 21:02:10.304;9;0;Low;1;0;(-8375247.5, 485146.2);0;Llamada;03/10/2026 03:00:25.726;Interruptor compuesto;SIN DIRECCION;No;No;DISTRIBUCION;Alimentador/Troncal MT;No
79;;02/10/2026 21:08:30.356;INC 146600928;;2244071-A;RURAL 13.2 KV;ROVIRA;Ninguna;BOLM-308 (I-59);0;0;1;TOLIMA NORTE;DISTRIBUCION TOLIMA;CELSIA - TOLIMA CENTRO;CO-TOL-DI-CELSIA-TNORTE-CENTRO;RB2204;;RURAL 13.2 KV;MT-No Programada Con Interrupción;1;No;Permanente;;No;Despachado;Restaurado;0;Pendiente;L3;02/10/2026 21:08:30.289;18;0;Low;1;0;(-8388018.8, 467109.4);0;Llamada;03/10/2026 09:31:22.026;Interruptor compuesto;ALTOBONITO;No;No;DISTRIBUCION;Alimentador/Troncal MT;Sí
80;;02/10/2026 21:11:13.436;INC 146600933;;65915839-A;SAN JORGE 6 13.2 KV;SAN JORGE;Ninguna;BOLV-394;0;0;5;TOLIMA NORTE;DISTRIBUCION TOLIMA;CELSIA - TOLIMA CENTRO;CO-TOL-DI-CELSIA-TNORTE-CENTRO;RC1353;;SAN JORGE 2 13.2 KV;MT-No Programada Con Interrupción;1;No;Permanente;;No;Despachado;Restaurado;0;Cancelada;L1 L2;02/10/2026 21:11:13.287;244;14;High;1;0;(-8375412.3, 495413.3);0;Llamada;03/10/2026 10:03:32.404;Interruptor compuesto;CRA 7 No. 13-42;No;No;DISTRIBUCION;Alimentador/Troncal MT;No
81;;02/10/2026 21:14:01.773;INC 146600935;;65916193B;SAN JORGE 6 13.2 KV;SAN JORGE;Ninguna;BOLV-394;0;0;3;TOLIMA NORTE;DISTRIBUCION TOLIMA;CELSIA - TOLIMA CENTRO;CO-TOL-DI-CELSIA-TNORTE-CENTRO;RC1353;;SAN JORGE 2 13.2 KV;MT-No Programada Con Interrupción;1;No;Permanente;;No;Despachado;Restaurado;0;Cancelada;L1;02/10/2026 21:14:01.617;68;1;High;1;0;(-8375396.2, 495533.1);0;Llamada;03/10/2026 10:03:32.404;Interruptor compuesto;CRA 8 CLL 13 No 12-85;No;No;DISTRIBUCION;Alimentador/Troncal MT;No
82;;02/10/2026 21:16:09.882;INC 146600938;;65915340-A;SAN JORGE 6 13.2 KV;SAN JORGE;Ninguna;BOLV-398 (Apoyo);0;0;1;TOLIMA NORTE;DISTRIBUCION TOLIMA;CELSIA - TOLIMA CENTRO;CO-TOL-DI-CELSIA-TNORTE-CENTRO;L270;;SAN JORGE 6 13.2 KV;MT-No Programada Con Interrupción;1;No;Permanente;;No;Despachado;Restaurado;0;Pendiente;L1;02/10/2026 21:16:09.824;106;2;High;1;0;(-8375022.7, 495349.7);0;Llamada;03/10/2026 08:58:02.198;Interruptor compuesto;CLL 17 CON CRA 7 ESQ;No;No;DISTRIBUCION;Alimentador/Troncal MT;No
83;;02/10/2026 21:18:00.296;INC 146600939;;65916576-A;SAN JORGE 6 13.2 KV;SAN JORGE;Ninguna;BOLV-398 (Apoyo);0;0;2;TOLIMA NORTE;DISTRIBUCION TOLIMA;CELSIA - TOLIMA CENTRO;CO-TOL-DI-CELSIA-TNORTE-CENTRO;RC1353;;SAN JORGE 2 13.2 KV;MT-No Programada Con Interrupción;1;No;Permanente;;No;Despachado;Restaurado;0;Pendiente;L1;02/10/2026 21:18:00.230;72;0;Medium;1;0;(-8375555.3, 495577.2);0;Llamada;03/10/2026 10:03:32.404;Interruptor compuesto;CLL 12 CRA 8 BRR CENTENARIO;No;No;DISTRIBUCION;Alimentador/Troncal MT;No
84;;02/10/2026 21:20:22.094;INC 146600942;;65916118A;SAN JORGE 6 13.2 KV;SAN JORGE;Ninguna;BOLV-398 (Apoyo);0;0;1;TOLIMA NORTE;DISTRIBUCION TOLIMA;CELSIA - TOLIMA CENTRO;CO-TOL-DI-CELSIA-TNORTE-CENTRO;RC1353;;SAN JORGE 2 13.2 KV;MT-No Programada Con Interrupción;1;No;Permanente;;No;Despachado;Restaurado;0;Pendiente;L1 L2 L3;02/10/2026 21:20:22.014;2;0;Medium;1;0;(-8375457.3, 495424.4);0;Llamada;03/10/2026 10:03:32.404;Interruptor compuesto;EDIFICIO CORPORATIVO TURRISYSTEM;No;No;DISTRIBUCION;Alimentador/Troncal MT;No
85;;02/10/2026 21:21:59.760;INC 146600947;;65155613-A;BRISAS 2 13.2 KV;BRISAS;Ninguna;BOLV-398 (Apoyo);0;0;1;TOLIMA NORTE;DISTRIBUCION TOLIMA;CELSIA - TOLIMA CENTRO;CO-TOL-DI-CELSIA-TNORTE-CENTRO;65930013A;;BRISAS 2 13.2 KV;MT-No Programada Con Interrupción;1;No;Permanente;;No;Despachado;No hay interrupción;0;Pendiente;L1;02/10/2026 21:21:59.704;18;0;Low;1;0;(-8375963.5, 494497.1);0;Llamada;;Interruptor compuesto;BRR YULDAIMA;No;No;DISTRIBUCION;Alimentador/Troncal MT;No
86;;02/10/2026 21:29:26.446;INC 146600954;;65915383-A;SAN JORGE 6 13.2 KV;SAN JORGE;Ninguna;BOLV-398 (Apoyo);0;0;1;TOLIMA NORTE;DISTRIBUCION TOLIMA;CELSIA - TOLIMA CENTRO;CO-TOL-DI-CELSIA-TNORTE-CENTRO;L270;;SAN JORGE 6 13.2 KV;MT-No Programada Con Interrupción;1;No;Permanente;;No;Despachado;Restaurado;0;Pendiente;L1;02/10/2026 21:29:26.393;66;0;Medium;1;0;(-8375174.2, 495449.7);0;Llamada;03/10/2026 08:58:02.198;Interruptor compuesto;CRA 18 # 15-17 IBAGUE;No;No;DISTRIBUCION;Alimentador/Troncal MT;No
87;;02/10/2026 21:33:08.302;INC 146600963;;65916509-A;SAN JORGE 6 13.2 KV;SAN JORGE;Ninguna;BOLV-394;0;0;3;TOLIMA NORTE;DISTRIBUCION TOLIMA;CELSIA - TOLIMA CENTRO;CO-TOL-DI-CELSIA-TNORTE-CENTRO;RC1353;;SAN JORGE 2 13.2 KV;MT-No Programada Con Interrupción;2;No;Permanente;;No;Despachado;Restaurado;0;No Realizado;L1 L2;02/10/2026 21:33:04.186;85;0;Medium;1;0;(-8375579.5, 495399.6);0;Llamada;03/10/2026 10:03:32.404;Interruptor compuesto;CLL 12No6-21;No;No;DISTRIBUCION;Alimentador/Troncal MT;No
88;;02/10/2026 21:35:37.393;INC 146600969;INC 146600828;65918439-A;SAN JORGE 1 13.2 KV;SAN JORGE;Ninguna;BOLM-301 (I-1);0;0;1;TOLIMA NORTE;DISTRIBUCION TOLIMA;CELSIA - TOLIMA CENTRO;CO-TOL-DI-CELSIA-TNORTE-CENTRO;RB1955;;SAN JORGE 2 13.2 KV;MT-No Programada Con Interrupción;1;No;Permanente;;No;Despachado;Restaurado;0;Pendiente;L1;02/10/2026 21:21:41.132;20;0;Medium;1;0;(-8373988.3, 498857.6);0;Llamada;03/10/2026 10:02:57.908;Interruptor compuesto;VDA ANCON TESORITO;No;No;DISTRIBUCION;Alimentador/Troncal MT;No
89;;02/10/2026 21:36:37.211;INC 146600973;;2211165-A;PAYANDE 2 13.2 KV;PAYANDE;Ninguna;BOLM-310 (I-10);0;0;1;TOLIMA NORTE;DISTRIBUCION TOLIMA;CELSIA - TOLIMA CENTRO;CO-TOL-DI-CELSIA-TNORTE-CENTRO;1620673A;;PAYANDE 2 13.2 KV;MT-No Programada Con Interrupción;1;No;Permanente;;No;Despachado;No hay interrupción;0;Cancelada;L1;02/10/2026 21:36:37.028;17;0;Low;1;0;(-8359298.7, 461491.8);0;Llamada;;Interruptor compuesto;VDA PARAGUAY;No;No;DISTRIBUCION;Alimentador/Troncal MT;No
90;;02/10/2026 21:37:37.612;INC 146600974;;65924293-A;SAN JORGE 1 13.2 KV;SAN JORGE;Desconocida;BOLV-394;0;0;1;TOLIMA NORTE;DISTRIBUCION TOLIMA;CELSIA - TOLIMA CENTRO;CO-TOL-DI-CELSIA-TNORTE-CENTRO;RC1251;;SAN JORGE 2 13.2 KV;MT-No Programada Con Interrupción;2;No;Permanente;;No;Despachado;Restaurado;0;Cancelada;L1;02/10/2026 21:37:37.565;94;1;Raised;1;0;(-8375637.0, 495977.4);0;Llamada;03/10/2026 10:02:57.908;Interruptor compuesto;CRA 12 No 11-85 BRR BELENCITO;No;No;DISTRIBUCION;Alimentador/Troncal MT;No
91;;02/10/2026 21:40:20.676;INC 146600978;;65924633-A;SAN JORGE 1 13.2 KV;SAN JORGE;Desconocida;BOLV-394;0;0;1;TOLIMA NORTE;DISTRIBUCION TOLIMA;CELSIA - TOLIMA CENTRO;CO-TOL-DI-CELSIA-TNORTE-CENTRO;RB1956;;SAN JORGE 2 13.2 KV;MT-No Programada Con Interrupción;2;No;Permanente;;No;Despachado;Restaurado;0;Cancelada;L1;02/10/2026 21:39:10.283;153;0;Medium;1;0;(-8376170.8, 496481.1);0;Llamada;03/10/2026 10:02:57.908;Interruptor compuesto;CLL 2Nº12A-22;No;No;DISTRIBUCION;Alimentador/Troncal MT;No
92;;02/10/2026 21:40:56.139;INC 146600980;;65925397A;SAN JORGE 1 13.2 KV;SAN JORGE;Ninguna;BOLV-337;0;0;1;TOLIMA NORTE;DISTRIBUCION TOLIMA;CELSIA - TOLIMA CENTRO;CO-TOL-DI-CELSIA-TNORTE-CENTRO;RC1251;;SAN JORGE 2 13.2 KV;MT-No Programada Con Interrupción;1;No;Permanente;;No;Despachado;Restaurado;0;Pendiente;L1 L2;02/10/2026 21:40:55.946;180;0;Medium;1;0;(-8375238.0, 495875.9);0;Llamada;03/10/2026 10:02:57.908;Interruptor compuesto;CRA 11Nº14-51;No;No;DISTRIBUCION;Alimentador/Troncal MT;No
93;;02/10/2026 21:43:17.621;INC 146600984;;65203669-A;SAN JORGE 1 13.2 KV;SAN JORGE;Desconocida;BOLV-394;0;0;1;TOLIMA NORTE;DISTRIBUCION TOLIMA;CELSIA - TOLIMA CENTRO;CO-TOL-DI-CELSIA-TNORTE-CENTRO;RC1251;;SAN JORGE 2 13.2 KV;MT-No Programada Con Interrupción;2;No;Permanente;;No;Despachado;Restaurado;0;Cancelada;L1;02/10/2026 21:43:17.337;121;0;Medium;1;0;(-8375668.9, 496127.5);0;Llamada;03/10/2026 10:02:57.908;Interruptor compuesto;CARRERA 13 NUMERO 8-13 BARRIO 20 DE JULIO;No;No;DISTRIBUCION;Alimentador/Troncal MT;No
94;;02/10/2026 21:45:38.828;INC 146600985;;65930188A;BRISAS 1 13.2 KV;BRISAS;Ninguna;BOLV-394;0;0;1;TOLIMA NORTE;DISTRIBUCION TOLIMA;CELSIA - TOLIMA CENTRO;CO-TOL-DI-CELSIA-TNORTE-CENTRO;RC1039;;BRISAS 1 13.2 KV;MT-No Programada Con Interrupción;1;No;Permanente;;No;Despachado;No hay interrupción;0;Pendiente;L1 L2;02/10/2026 21:45:38.766;278;1;Raised;1;0;(-8374180.1, 493756.8);0;Llamada;;Interruptor compuesto;CRA 1ANº29B-05;No;No;DISTRIBUCION;Alimentador/Troncal MT;No
95;;02/10/2026 21:47:39.919;INC 146600990;;65167441-A;SAN JORGE 1 13.2 KV;SAN JORGE;Ninguna;BOLV-394;0;0;1;TOLIMA NORTE;DISTRIBUCION TOLIMA;CELSIA - TOLIMA CENTRO;CO-TOL-DI-CELSIA-TNORTE-CENTRO;RC1251;;SAN JORGE 2 13.2 KV;MT-No Programada Con Interrupción;1;No;Permanente;;No;Despachado;Restaurado;0;Pendiente;L1;02/10/2026 21:47:39.733;66;0;Medium;1;0;(-8375310.4, 496210.1);0;Llamada;03/10/2026 10:02:57.908;Interruptor compuesto;BARRIO 7 DE AGOSTO CRA 14 # 14-13;No;No;DISTRIBUCION;Alimentador/Troncal MT;No
96;;02/10/2026 21:52:21.801;INC 146600994;INC 146600294;65234599-A;BRISAS 3 13.2 KV;BRISAS;Ninguna;BOLV-394;0;0;25;TOLIMA NORTE;DISTRIBUCION TOLIMA;CELSIA - TOLIMA CENTRO;CO-TOL-DI-CELSIA-TNORTE-CENTRO;65928851A;;BRISAS 3 13.2 KV;MT-No Programada Con Interrupción;1;No;Permanente;;No;Despachado;Restaurado;0;Pendiente;L1 L2 L3;02/10/2026 15:33:34.508;144;0;Medium;1;0;(-8375197.4, 493356.9);0;Llamada;03/10/2026 04:13:27.766;Interruptor compuesto;MZ H CS 1 BRR LA PRADERA;No;No;DISTRIBUCION;Alimentador/Troncal MT;Sí
97;;02/10/2026 21:53:56.691;INC 146600995;;S08121;LA MIEL 2 13.2 KV;LA MIEL;Alta vegetación;BOLM-302 (I-2);0;0;1;TOLIMA NORTE;DISTRIBUCION TOLIMA;CELSIA - TOLIMA CENTRO;CO-TOL-DI-CELSIA-TNORTE-CENTRO;L320;;LA MIEL 2 13.2 KV;MT-No Programada Con Interrupción;1;No;Permanente;;No;Despachado;No hay interrupción;0;Finalizada;L1;02/10/2026 21:53:56.646;161;0;Medium;1;0;(-8360450.9, 486335.9);0;Llamada;;Interruptor compuesto;SECCIONAMIENTO LA MIEL;No;No;DISTRIBUCION;Alimentador/Troncal MT;No
98;;02/10/2026 21:58:12.351;INC 146600998;;65968533;VERGEL 3 13.2 KV;VERGEL;Ninguna;BOLM-348(SERRATO GONZALEZ JOSE HUMBERTO;0;0;1;TOLIMA NORTE;DISTRIBUCION TOLIMA;CELSIA - TOLIMA CENTRO;CO-TOL-DI-CELSIA-TNORTE-CENTRO;RB1947;;VERGEL 3 13.2 KV;MT-No Programada Con Interrupción;1;No;Permanente;;No;Despachado;No hay interrupción;0;No Realizado;L1;02/10/2026 21:58:12.283;144;0;Medium;1;0;(-8369991.5, 494814.9);0;Llamada;;Interruptor compuesto;SECCIONAMEINTO;No;No;DISTRIBUCION;Alimentador/Troncal MT;No
99;;02/10/2026 21:58:49.203;INC 146601001;;65925265-A;SAN JORGE 1 13.2 KV;SAN JORGE;Ninguna;BOLV-394;0;0;1;TOLIMA NORTE;DISTRIBUCION TOLIMA;CELSIA - TOLIMA CENTRO;CO-TOL-DI-CELSIA-TNORTE-CENTRO;65925206A;;SAN JORGE 2 13.2 KV;MT-No Programada Con Interrupción;1;No;Permanente;;No;Despachado;Restaurado;0;Pendiente;L2;02/10/2026 21:58:49.002;20;0;Low;1;0;(-8374953.5, 496272.2);0;Llamada;03/10/2026 10:02:57.908;Interruptor compuesto;VDA LA UCRANIA;No;No;DISTRIBUCION;Alimentador/Troncal MT;No
100;;02/10/2026 22:04:42.581;INC 146601005;;65928851A;BRISAS 3 13.2 KV;BRISAS;Ninguna;"BOLV-398 (Apoyo); BOLV-394";0;0;54;TOLIMA NORTE;DISTRIBUCION TOLIMA;CELSIA - TOLIMA CENTRO;CO-TOL-DI-CELSIA-TNORTE-CENTRO;RB2086;;BRISAS 3 13.2 KV;MT-No Programada Con Interrupción;1;No;Permanente;;No;Despachado;Restaurado;0;"Pendiente; Cancelada";L1 L2 L3;02/10/2026 22:04:42.535;854;2;High;9;0;(-8375262.3, 493495.3);0;Llamada;03/10/2026 04:13:27.766;Interruptor compuesto;SECCIONAMIENTO LA PRADERA HACIA EL DIVINO NIÑO;No;No;DISTRIBUCION;Alimentador/Troncal MT;Sí
101;;02/10/2026 23:33:48.222;INC 146601057;;65968241;VERGEL 3 13.2 KV;VERGEL;Ninguna;BOLV-398 (Apoyo);0;0;1;TOLIMA NORTE;DISTRIBUCION TOLIMA;CELSIA - TOLIMA CENTRO;CO-TOL-DI-CELSIA-TNORTE-CENTRO;65968177A;;VERGEL 3 13.2 KV;MT-No Programada Con Interrupción;2;No;Permanente;;No;Despachado;No hay interrupción;0;Pendiente;L1;02/10/2026 23:33:48.154;64;0;Medium;1;0;(-8369975.8, 494954.8);0;Llamada;;Interruptor compuesto;CALLE 71A #8A-20;No;No;DISTRIBUCION;Alimentador/Troncal MT;No
102;;03/10/2026 04:27:46.719;INC 146601111;;2073129A;EL SALTO CTO 3 A 13,2 kV;EL SALTO;Descargas atmosfericas;BOLV-363 (M-18A);0;0;1;TOLIMA NORTE;DISTRIBUCION TOLIMA;CELSIA - TOLIMA NORTE;CO-TOL-DI-CELSIA-TNORTE-CENTRO;2547333A;CORE\jjlopez;EL SALTO CTO 3 A 13,2 kV;MT-No Programada Con Interrupción;3;No;Permanente;;No;Despachado;No hay interrupción;0;Finalizada;L1 L2 L3;03/10/2026 04:27:46.657;2;0;Low;1;0;(-8327704.0, 583674.5);0;Llamada;;Interruptor compuesto;HDA YARCOBO;No;No;DISTRIBUCION;Alimentador/Troncal MT;No
103;;03/10/2026 05:21:52.019;INC 146601128;;65916274-A;SAN JORGE 2 13.2 KV;SAN JORGE;Ninguna;BOLV-394;0;0;1;TOLIMA NORTE;DISTRIBUCION TOLIMA;CELSIA - TOLIMA CENTRO;CO-TOL-DI-CELSIA-TNORTE-CENTRO;S00211;;SAN JORGE 2 13.2 KV;MT-No Programada Con Interrupción;2;No;Permanente;;No;Despachado;Restaurado;0;Pendiente;L1;03/10/2026 05:21:25.144;77;4;High;1;0;(-8375746.6, 495379.2);0;Llamada;03/10/2026 10:03:32.404;Interruptor compuesto;CRA 5 CLL 11;No;No;DISTRIBUCION;Alimentador/Troncal MT;No
104;;03/10/2026 05:28:01.756;INC 146601131;;65968460A;VERGEL 3 13.2 KV;VERGEL;Ninguna;BOLM-348(SERRATO GONZALEZ JOSE HUMBERTO;0;0;1;TOLIMA NORTE;DISTRIBUCION TOLIMA;CELSIA - TOLIMA CENTRO;CO-TOL-DI-CELSIA-TNORTE-CENTRO;RB1947;;VERGEL 3 13.2 KV;MT-No Programada Con Interrupción;2;No;Permanente;;No;Despachado;No hay interrupción;0;Cancelada;L1;03/10/2026 05:28:01.709;137;1;High;1;0;(-8370354.0, 494900.7);0;Llamada;;Interruptor compuesto;CLL 77CRA 8B;No;No;DISTRIBUCION;Alimentador/Troncal MT;No
105;;03/10/2026 05:37:56.511;INC 146601135;;66691268C;URBANO 13.2 KV;ROVIRA;Ninguna;BOLM-308 (I-59);0;0;3;TOLIMA NORTE;DISTRIBUCION TOLIMA;CELSIA - TOLIMA CENTRO;CO-TOL-DI-CELSIA-TNORTE-CENTRO;RB2062;;URBANO 13.2 KV;MT-No Programada Con Interrupción;2;No;Permanente;;No;Despachado;No hay interrupción;0;Pendiente;L1 L2;03/10/2026 05:37:56.470;23;1;Raised;4;0;(-8371443.2, 478432.9);0;Llamada;;Interruptor compuesto;VDA EL GOLUPO;No;No;DISTRIBUCION;Alimentador/Troncal MT;Sí
106;;03/10/2026 05:46:24.965;INC 146601139;;65547597;VERDESOL 13.2 KV;SALADO;Ninguna;BOLM-348(SERRATO GONZALEZ JOSE HUMBERTO;0;0;20;TOLIMA NORTE;DISTRIBUCION TOLIMA;CELSIA - TOLIMA CENTRO;CO-TOL-DI-CELSIA-TNORTE-CENTRO;RB2515;;VERDESOL 13.2 KV;MT-No Programada Con Interrupción;3;No;Permanente;;No;Despachado;No hay interrupción;0;Pendiente;L1 L3;03/10/2026 05:46:24.906;248;0;Medium;2;0;(-8364712.4, 496049.2);0;Llamada;;Interruptor compuesto;SECCIONAMIENTO HACIA VILLA CLARA;No;No;DISTRIBUCION;Alimentador/Troncal MT;No
107;;03/10/2026 05:59:57.329;INC 146601148;;2546400A;EL SALTO CTO 3 A 13,2 kV;EL SALTO;Ninguna;BOLV-363 (M-18A);0;0;1;TOLIMA NORTE;DISTRIBUCION TOLIMA;CELSIA - TOLIMA NORTE;CO-TOL-DI-CELSIA-TNORTE-CENTRO;2546370A;;EL SALTO CTO 3 A 13,2 kV;MT-No Programada Con Interrupción;4;No;Permanente;;No;Despachado;No hay interrupción;0;Pendiente;L1;03/10/2026 05:59:57.287;1;0;Low;1;0;(-8328244.3, 582090.8);0;Llamada;;Interruptor compuesto;HDA BUENOS AIRES;No;No;CONEXION DISTRIBUCION;Alimentador/Troncal MT;No
108;;03/10/2026 06:01:40.602;INC 146601151;;65967502B;VERGEL 1 13.2 KV;VERGEL;Ninguna;BOLM-302 (I-2);0;0;4;TOLIMA NORTE;DISTRIBUCION TOLIMA;CELSIA - TOLIMA CENTRO;CO-TOL-DI-CELSIA-TNORTE-CENTRO;S02264;;VERGEL 1 13.2 KV;MT-No Programada Con Interrupción;2;No;Permanente;;No;Despachado;No hay interrupción;0;Pendiente;L1 L2;03/10/2026 02:26:27.283;76;1;Raised;9;0;(-8372635.2, 498339.3);0;Llamada;;Interruptor compuesto;SECCIONAMIENTO FINCA ALTO BONITO;No;No;DISTRIBUCION;Alimentador/Troncal MT;Sí
109;;03/10/2026 06:04:05.797;INC 146601153;;1908049A;LA VEGA 13.2 KV;CHAPETON;Ninguna;BOLV-398 (Apoyo);0;0;1;TOLIMA NORTE;DISTRIBUCION TOLIMA;CELSIA - TOLIMA CENTRO;CO-TOL-DI-CELSIA-TNORTE-CENTRO;1621769A;;LA VEGA 13.2 KV;MT-No Programada Con Interrupción;4;No;Permanente;;No;Despachado;No hay interrupción;0;Pendiente;L1;03/10/2026 06:04:05.750;2;0;Low;1;0;(-8376976.8, 496222.1);0;Llamada;;Interruptor compuesto;SECCIONAMIENTO DE LA VEGA;No;No;DISTRIBUCION;Alimentador/Troncal MT;No
110;;03/10/2026 06:06:12.035;INC 146601154;;66856100A;EL SALTO CTO 1 13.2 kV;EL SALTO;Ninguna;BOLM-350;0;0;1;TOLIMA NORTE;DISTRIBUCION TOLIMA;CELSIA - TOLIMA NORTE;CO-TOL-DI-CELSIA-TNORTE-CENTRO;1418963A;;EL SALTO CTO 1 13.2 kV;MT-No Programada Con Interrupción;2;No;Permanente;;No;Despachado;No hay interrupción;0;Pendiente;L3;03/10/2026 06:05:23.625;10;1;High;1;0;(-8321002.3, 579642.2);0;Llamada;;Interruptor compuesto;CLL 9 CRA 22;No;No;DISTRIBUCION;Alimentador/Troncal MT;No
111;;03/10/2026 06:11:56.229;INC 146601157;;2349299-A;URBANO 13.2 KV;ROVIRA;Ninguna;BOLM-308 (I-59);0;0;1;TOLIMA NORTE;DISTRIBUCION TOLIMA;CELSIA - TOLIMA CENTRO;CO-TOL-DI-CELSIA-TNORTE-CENTRO;RB2371;;URBANO 13.2 KV;MT-No Programada Con Interrupción;4;No;Permanente;;No;Despachado;Restaurado;0;Pendiente;L3;03/10/2026 06:11:56.159;4;0;Medium;1;0;(-8371199.8, 474290.0);0;Llamada;03/10/2026 09:41:30.614;Interruptor compuesto;EL MORRO;No;No;DISTRIBUCION;Alimentador/Troncal MT;No
112;;03/10/2026 06:26:41.722;INC 146601174;;65916622-A;SAN JORGE 6 13.2 KV;SAN JORGE;Ninguna;BOLV-394;0;0;4;TOLIMA NORTE;DISTRIBUCION TOLIMA;CELSIA - TOLIMA CENTRO;CO-TOL-DI-CELSIA-TNORTE-CENTRO;"RC1353; RC1191";;SAN JORGE 2 13.2 KV;MT-No Programada Con Interrupción;2;No;Permanente;;No;Despachado;Restaurado;0;Pendiente;L1;03/10/2026 06:26:41.677;68;1;Raised;1;0;(-8375588.8, 495697.7);0;Llamada;03/10/2026 10:03:32.404;Interruptor compuesto;CLL 11 ENTRE CRA 8 Y 9;No;No;DISTRIBUCION;Alimentador/Troncal MT;No
113;;03/10/2026 06:35:42.567;INC 146601183;;RB1909;PAYANDE 2 13.2 KV;PAYANDE;Descargas atmosfericas;"BOLM-311 (I-11); BOLV-307; BOLM-308 (I-59)";0;0;12;TOLIMA NORTE;DISTRIBUCION TOLIMA;CELSIA - TOLIMA CENTRO;CO-TOL-DI-CELSIA-TNORTE-CENTRO;S06495;CORE\jramirezs;PAYANDE 2 13.2 KV;MT-No Programada Con Interrupción;2;No;Permanente;;Sí;Despachado;Restaurado;0;"Finalizada; Cancelada; Cancelada";L1 L3;02/10/2026 12:55:27.486;331;10;Raised;24;0;(-8360205.1, 470401.0);0;Llamada;03/10/2026 10:40:32.716;Reconectador;VDA EL DINDE;No;No;DISTRIBUCION;Alimentador/Troncal MT;Sí
114;;03/10/2026 06:37:47.157;INC 146601186;;65944650-A;PAPAYO 4 13.2 KV;PAPAYO;Ninguna;BOLM-348(SERRATO GONZALEZ JOSE HUMBERTO;0;0;1;TOLIMA NORTE;DISTRIBUCION TOLIMA;CELSIA - TOLIMA CENTRO;CO-TOL-DI-CELSIA-TNORTE-CENTRO;S00586;;PAPAYO 4 13.2 KV;MT-No Programada Con Interrupción;4;No;Permanente;;No;Despachado;No hay interrupción;0;Pendiente;L1;03/10/2026 06:37:47.109;70;0;Medium;1;0;(-8371587.2, 494833.2);0;Llamada;;Interruptor compuesto;AV GUAVINAL;No;No;DISTRIBUCION;Alimentador/Troncal MT;No
115;;03/10/2026 06:39:50.410;INC 146601188;;3457138-A;SAN JORGE 5 13.2 KV;SAN JORGE;Ninguna;BOLV-337;0;0;1;TOLIMA NORTE;DISTRIBUCION TOLIMA;CELSIA - TOLIMA CENTRO;CO-TOL-DI-CELSIA-TNORTE-CENTRO;65942755A;;SAN JORGE 5 13.2 KV;MT-No Programada Con Interrupción;4;No;Permanente;;No;Despachado;No hay interrupción;0;Pendiente;L1;03/10/2026 06:39:50.375;4;0;Low;1;0;(-8380202.8, 483617.3);0;Llamada;;Interruptor compuesto;VDA LA OSERA;No;No;DISTRIBUCION;Alimentador/Troncal MT;No
116;;03/10/2026 06:41:03.635;INC 146601190;;65148897-A;URBANO 13.2 KV;ROVIRA;Ninguna;BOLM-311 (I-11);0;0;1;TOLIMA NORTE;DISTRIBUCION TOLIMA;CELSIA - TOLIMA CENTRO;CO-TOL-DI-CELSIA-TNORTE-CENTRO;66622691A;;URBANO 13.2 KV;MT-No Programada Con Interrupción;2;No;Permanente;;No;Despachado;Restaurado;0;Pendiente;L2;03/10/2026 06:41:03.476;7;1;Raised;1;0;(-8369711.3, 475633.8);0;Llamada;03/10/2026 09:41:30.614;Interruptor compuesto;VDA SAN ANTONIO;No;No;DISTRIBUCION;Alimentador/Troncal MT;No
117;;03/10/2026 06:41:44.162;INC 146601193;;3446841-1-A;BRISAS 2 13.2 KV;BRISAS;Ninguna;BOLM-330;0;0;1;TOLIMA NORTE;DISTRIBUCION TOLIMA;CELSIA - TOLIMA CENTRO;CO-TOL-DI-CELSIA-TNORTE-CENTRO;65931869C;;BRISAS 2 13.2 KV;MT-No Programada Con Interrupción;4;No;Permanente;;No;Despachado;No hay interrupción;0;Pendiente;L1 L2;03/10/2026 06:41:44.107;17;0;Medium;1;0;(-8373325.0, 490490.6);0;Llamada;;Interruptor compuesto;VDA CANADAS POTRERITO;No;No;DISTRIBUCION;Alimentador/Troncal MT;No
118;;03/10/2026 06:43:19.147;INC 146601194;;65186421-A;PAPAYO 8 13.2 KV;PAPAYO;Ninguna;BOLM-348(SERRATO GONZALEZ JOSE HUMBERTO;0;0;2;TOLIMA NORTE;DISTRIBUCION TOLIMA;CELSIA - TOLIMA CENTRO;CO-TOL-DI-CELSIA-TNORTE-CENTRO;RB2664;;PAPAYO 8 13.2 KV;MT-No Programada Con Interrupción;4;No;Permanente;;No;Despachado;No hay interrupción;0;Pendiente;L1;03/10/2026 06:43:19.094;30;0;Medium;1;0;(-8373062.6, 493051.3);0;Llamada;;Interruptor compuesto;BRR URIBE URIBE;No;No;CONEXION DISTRIBUCION;Alimentador/Troncal MT;No
119;;03/10/2026 06:47:34.805;INC 146601200;;SW8773;RURAL 13.2 KV;ROVIRA;Ninguna;"BOLV-307; BOLM-308 (I-59)";0;0;39;TOLIMA NORTE;DISTRIBUCION TOLIMA;CELSIA - TOLIMA CENTRO;CO-TOL-DI-CELSIA-TNORTE-CENTRO;L090;;RURAL 13.2 KV;MT-No Programada Con Interrupción;1;No;Permanente;;No;Despachado;Restaurado;0;"Pendiente; Cancelada";L1 L2 L3;03/10/2026 05:50:19.555;2162;52;Critical;222;0;(-8375605.4, 471692.5);0;Llamada;03/10/2026 09:31:22.026;Interruptor compuesto;SIN DIRECCION;No;No;DISTRIBUCION;Alimentador/Troncal MT;Sí
120;;03/10/2026 06:50:57.135;INC 146601207;;65151588-A;PAPAYO 4 13.2 KV;PAPAYO;Ninguna;BOLM-348(SERRATO GONZALEZ JOSE HUMBERTO;0;0;3;TOLIMA NORTE;DISTRIBUCION TOLIMA;CELSIA - TOLIMA CENTRO;CO-TOL-DI-CELSIA-TNORTE-CENTRO;S09874;;PAPAYO 4 13.2 KV;MT-No Programada Con Interrupción;2;No;Permanente;;No;Despachado;No hay interrupción;0;Pendiente;L1 L2;03/10/2026 06:50:57.084;60;1;High;1;0;(-8371626.0, 494923.1);0;Llamada;;Interruptor compuesto;CRA 9 CLL  61 ESQ;No;No;DISTRIBUCION;Alimentador/Troncal MT;No
121;;03/10/2026 06:52:09.607;INC 146601209;;S00285;BRISAS 2 13.2 KV;BRISAS;Ninguna;BOLV-394;0;0;16;TOLIMA NORTE;DISTRIBUCION TOLIMA;CELSIA - TOLIMA CENTRO;CO-TOL-DI-CELSIA-TNORTE-CENTRO;65930013A;;BRISAS 2 13.2 KV;MT-No Programada Con Interrupción;2;No;Permanente;;No;Despachado;No hay interrupción;0;Pendiente;L1 L2;03/10/2026 06:52:09.562;204;1;Critical;3;0;(-8376086.5, 494651.2);0;Llamada;;Interruptor compuesto;SECCIONAMIENTO CERRO GORDO;No;No;DISTRIBUCION;Alimentador/Troncal MT;No
122;;03/10/2026 06:52:44.975;INC 146601213;;65942208A;SAN JORGE 5 13.2 KV;SAN JORGE;Ninguna;BOLV-337;0;0;1;TOLIMA NORTE;DISTRIBUCION TOLIMA;CELSIA - TOLIMA CENTRO;CO-TOL-DI-CELSIA-TNORTE-CENTRO;66652122B;;SAN JORGE 5 13.2 KV;MT-No Programada Con Interrupción;4;No;Permanente;;No;Despachado;No hay interrupción;0;Pendiente;L1;03/10/2026 06:52:44.636;2;0;Low;1;0;(-8379119.4, 485585.8);0;Llamada;;Interruptor compuesto;VDA SAN CRISTOBAL ALTO;No;No;DISTRIBUCION;Alimentador/Troncal MT;No
123;;03/10/2026 06:53:18.982;INC 146601215;;4022621-A;SAN JORGE 5 13.2 KV;SAN JORGE;Ninguna;BOLV-337;0;0;2;TOLIMA NORTE;DISTRIBUCION TOLIMA;CELSIA - TOLIMA CENTRO;CO-TOL-DI-CELSIA-TNORTE-CENTRO;65942755A;;SAN JORGE 5 13.2 KV;MT-No Programada Con Interrupción;2;No;Permanente;;No;Despachado;No hay interrupción;0;Pendiente;L1;03/10/2026 06:53:18.825;7;1;Raised;1;0;(-8377730.7, 483033.8);0;Llamada;;Interruptor compuesto;VDA LA OSERA FNC EL DOVIO;No;No;DISTRIBUCION;Alimentador/Troncal MT;No
124;;03/10/2026 06:57:07.724;INC 146601219;;2350459A;URBANO 13.2 KV;ROVIRA;Ninguna;BOLV-304;0;0;1;TOLIMA NORTE;DISTRIBUCION TOLIMA;CELSIA - TOLIMA CENTRO;CO-TOL-DI-CELSIA-TNORTE-CENTRO;S03872;;URBANO 13.2 KV;MT-No Programada Con Interrupción;4;No;Permanente;;No;Despachado;Restaurado;0;Pendiente;L1;03/10/2026 06:57:07.677;11;0;Low;1;0;(-8367265.8, 477680.9);0;Llamada;03/10/2026 09:41:30.614;Interruptor compuesto;VDA EL PORVENIR FCA LA HONDA;No;No;DISTRIBUCION;Alimentador/Troncal MT;No
125;;03/10/2026 06:58:40.796;INC 146601224;;1838407A;VENADILLO 2 13.2 KV;VENADILLO;Descargas atmosfericas;BOLV-360;0;0;1;TOLIMA NORTE;DISTRIBUCION TOLIMA;CELSIA - TOLIMA NORTE;CO-TOL-DI-CELSIA-TNORTE-CENTRO;66057062A;;VENADILLO 2 13.2 KV;MT-No Programada Con Interrupción;5;No;Permanente;;No;Despachado;No hay interrupción;0;Finalizada;L1;03/10/2026 06:58:40.754;2;0;Low;1;0;(-8344311.5, 524964.7);0;Llamada;;Interruptor compuesto;VDA POTRERITO TATARE;No;No;DISTRIBUCION;Alimentador/Troncal MT;No
126;;03/10/2026 07:00:42.344;INC 146601228;;S05944;PAYANDE 2 13.2 KV;PAYANDE;Ninguna;BOLV-304;0;0;5;TOLIMA NORTE;DISTRIBUCION TOLIMA;CELSIA - TOLIMA CENTRO;CO-TOL-DI-CELSIA-TNORTE-CENTRO;RC104;;PAYANDE 2 13.2 KV;MT-No Programada Con Interrupción;4;No;Permanente;;No;Despachado;No hay interrupción;0;Pendiente;L2;03/10/2026 07:00:42.293;32;0;Medium;1;0;(-8357542.7, 475186.6);0;Llamada;;Interruptor compuesto;SIN DIRECCION;No;No;DISTRIBUCION;Alimentador/Troncal MT;No
127;;03/10/2026 07:03:10.844;INC 146601229;;66945847A;CAJAMARCA 2 CT 2;NUEVA CAJAMARCA;Ninguna;BOLV-337;0;0;5;TOLIMA NORTE;DISTRIBUCION TOLIMA;CELSIA - TOLIMA CENTRO;CO-TOL-DI-CELSIA-TNORTE-CENTRO;MP74836A;;CAJAMARCA 2 CT 2;MT-No Programada Con Interrupción;1;No;Permanente;LRD;No;Despachado;No hay interrupción;0;Pendiente;L1;03/10/2026 07:02:52.700;39;0;Medium;1;0;(-8382511.5, 489876.1);0;Llamada;;Interruptor compuesto;VDA LOMA COCORA;No;No;DISTRIBUCION;Alimentador/Troncal MT;No
128;;03/10/2026 07:03:31.131;INC 146601230;;65916924-A;SAN JORGE 6 13.2 KV;SAN JORGE;Ninguna;BOLV-394;0;0;7;TOLIMA NORTE;DISTRIBUCION TOLIMA;CELSIA - TOLIMA CENTRO;CO-TOL-DI-CELSIA-TNORTE-CENTRO;"RB2074; RC1353; RC1191";;SAN JORGE 2 13.2 KV;MT-No Programada Con Interrupción;2;No;Permanente;FCD;No;Despachado;Restaurado;0;Pendiente;L1;03/10/2026 07:03:30.957;163;5;High;1;0;(-8375657.7, 495601.2);0;Llamada;03/10/2026 10:03:32.404;Interruptor compuesto;CRA 8 No 10A-34;No;No;DISTRIBUCION;Alimentador/Troncal MT;No
129;;03/10/2026 07:03:41.650;INC 146601231;;65925559-A;SAN JORGE 1 13.2 KV;SAN JORGE;Ninguna;BOLV-394;0;0;1;TOLIMA NORTE;DISTRIBUCION TOLIMA;CELSIA - TOLIMA CENTRO;CO-TOL-DI-CELSIA-TNORTE-CENTRO;RC1251;;SAN JORGE 2 13.2 KV;MT-No Programada Con Interrupción;2;No;Permanente;;No;Despachado;Restaurado;0;Pendiente;L1 L2 L3;03/10/2026 07:03:41.605;4;1;High;1;0;(-8374970.0, 495779.9);0;Llamada;03/10/2026 10:02:57.908;Interruptor compuesto;CLL 17Nº10-02ESQ;No;No;DISTRIBUCION;Alimentador/Troncal MT;No
130;;03/10/2026 07:05:16.618;INC 146601233;;65554941A;SAN JUAN 13.2 KV;SALADO;Ninguna;BOLM-348(SERRATO GONZALEZ JOSE HUMBERTO;0;0;7;TOLIMA NORTE;DISTRIBUCION TOLIMA;CELSIA - TOLIMA CENTRO;CO-TOL-DI-CELSIA-TNORTE-CENTRO;RB2084;;SAN JUAN 13.2 KV;MT-No Programada Con Interrupción;2;No;Permanente;;No;Despachado;No hay interrupción;0;Iniciada;L1 L2;03/10/2026 07:05:16.575;334;2;Raised;3;0;(-8363662.1, 496363.9);0;Llamada;;Interruptor compuesto;SECCIONAMIENTO DE LINEA HACIA LOS ALAMOS;No;No;DISTRIBUCION;Alimentador/Troncal MT;No
131;;03/10/2026 07:07:29.297;INC 146601235;;1847678-A;LA VEGA 13.2 KV;CHAPETON;Ninguna;BOLM-302 (I-2);0;0;1;TOLIMA NORTE;DISTRIBUCION TOLIMA;CELSIA - TOLIMA CENTRO;CO-TOL-DI-CELSIA-TNORTE-CENTRO;S02205;;LA VEGA 13.2 KV;MT-No Programada Con Interrupción;4;No;Permanente;;No;Despachado;No hay interrupción;0;Pendiente;L2;03/10/2026 07:07:29.250;24;0;Low;1;0;(-8379299.0, 492462.9);0;Llamada;;Interruptor compuesto;VDA CURAL FCA BOQUERON;No;No;DISTRIBUCION;Alimentador/Troncal MT;No
132;;03/10/2026 07:08:44.567;INC 146601237;;66945170A;VENADILLO 2 13.2 KV;VENADILLO;Ninguna;BOLV-360;1;0;1;TOLIMA NORTE;DISTRIBUCION TOLIMA;CELSIA - TOLIMA NORTE;CO-TOL-DI-CELSIA-TNORTE-CENTRO;1938550A;;VENADILLO 2 13.2 KV;MT-No Programada Con Interrupción;5;No;Permanente;;No;Despachado;No restablecido;0;Cancelada;L1 L2;03/10/2026 07:08:44.511;1;0;Low;1;0;(-8342293.5, 523855.1);0;Llamada;;Interruptor compuesto;VDA LA CUBANA;No;No;DISTRIBUCION;Alimentador/Troncal MT;No
133;;03/10/2026 07:11:20.827;INC 146601245;;65951401;PAPAYO 11 13.2 KV;PAPAYO;Ninguna;BOLG-332 (M -114C);0;0;1;TOLIMA NORTE;DISTRIBUCION TOLIMA;CELSIA - TOLIMA CENTRO;CO-TOL-DI-CELSIA-TNORTE-CENTRO;;;PAPAYO 11 13.2 KV;MT-No Programada Con Interrupción;4;No;Permanente;;No;Despachado;No hay interrupción;0;Pendiente;L1;03/10/2026 07:11:20.772;88;0;Medium;1;0;(-8370106.5, 493963.6);0;Llamada;;Interruptor compuesto;CLL 83 AV FRENTE PORTAL DE LA VIRGEN;No;No;DISTRIBUCION;Alimentador/Troncal MT;No
134;;03/10/2026 07:13:43.268;INC 146601248;;65917041A;SAN JORGE 6 13.2 KV;SAN JORGE;Ninguna;BOLV-394;0;0;1;TOLIMA NORTE;DISTRIBUCION TOLIMA;CELSIA - TOLIMA CENTRO;CO-TOL-DI-CELSIA-TNORTE-CENTRO;"S10153; RC1191";;SAN JORGE 2 13.2 KV;MT-No Programada Con Interrupción;2;No;Permanente;"FCC; LUA";No;Despachado;Restaurado;0;Pendiente;L1 L2 L3;03/10/2026 07:11:57.207;2;2;Critical;1;0;(-8375730.9, 495576.4);0;Llamada;03/10/2026 10:03:32.404;Interruptor compuesto;CRA 7 No 10-35;No;No;DISTRIBUCION;Alimentador/Troncal MT;No
135;;03/10/2026 07:14:11.900;INC 146601249;;65613115;SAN JUAN 13.2 KV;SALADO;Ninguna;BOLM-309 (I-9);0;0;1;TOLIMA NORTE;DISTRIBUCION TOLIMA;CELSIA - TOLIMA CENTRO;CO-TOL-DI-CELSIA-TNORTE-CENTRO;S03830;;SAN JUAN 13.2 KV;MT-No Programada Con Interrupción;4;No;Permanente;;No;Despachado;No hay interrupción;0;Pendiente;L1;03/10/2026 07:14:11.850;23;0;Low;1;0;(-8361769.4, 504860.0);0;Llamada;;Interruptor compuesto;SIN DIRECCION;No;No;DISTRIBUCION;Alimentador/Troncal MT;No
136;;03/10/2026 07:15:57.368;INC 146601254;;S08824;PAYANDE 1 13.2 KV;PAYANDE;Ninguna;BOLV-304;0;0;1;TOLIMA NORTE;DISTRIBUCION TOLIMA;CELSIA - TOLIMA CENTRO;CO-TOL-DI-CELSIA-TNORTE-CENTRO;RC1029;;PAYANDE 1 13.2 KV;MT-No Programada Con Interrupción;2;No;Permanente;;No;Despachado;No hay interrupción;0;Pendiente;L1 L2 L3;03/10/2026 07:15:57.330;1;1;High;1;0;(-8362634.0, 478032.1);0;Llamada;;Interruptor compuesto;SIN DIRECCION;No;No;DISTRIBUCION;Alimentador/Troncal MT;No
137;;03/10/2026 07:18:02.732;INC 146601257;;66592138A;PAPAYO 7 13.2 KV;PAPAYO;Ninguna;BOLM-330;0;0;1;TOLIMA NORTE;DISTRIBUCION TOLIMA;CELSIA - TOLIMA CENTRO;CO-TOL-DI-CELSIA-TNORTE-CENTRO;65971021A;;PAPAYO 7 13.2 KV;MT-No Programada Con Interrupción;4;No;Permanente;;No;Despachado;No hay interrupción;0;Pendiente;L2 L3;03/10/2026 07:18:02.692;1;0;Medium;1;0;(-8370126.0, 490684.9);0;Llamada;;Interruptor compuesto;VDA CAÑADAS POTRERITO FINCA LOS MANGOS IBAGUE;No;No;DISTRIBUCION;Alimentador/Troncal MT;No
138;;03/10/2026 07:19:28.700;INC 146601261;;66786196A;SAN JORGE 6 13.2 KV;SAN JORGE;Ninguna;BOLV-399 (Apoyo);0;0;2;TOLIMA NORTE;DISTRIBUCION TOLIMA;CELSIA - TOLIMA CENTRO;CO-TOL-DI-CELSIA-TNORTE-CENTRO;"RB2074; RC1353; RC1191";;SAN JORGE 2 13.2 KV;MT-No Programada Con Interrupción;4;No;Permanente;;No;Despachado;Restaurado;0;Pendiente;L2;03/10/2026 07:19:28.653;8;0;Low;1;0;(-8375334.5, 495512.3);0;Llamada;03/10/2026 10:03:32.404;Interruptor compuesto;CRA 8 CLL 13 No 12-85;No;No;DISTRIBUCION;Alimentador/Troncal MT;No
139;;03/10/2026 07:20:15.047;INC 146601262;;3413267-A;BRISAS 3 13.2 KV;BRISAS;Ninguna;BOLV-398 (Apoyo);0;0;10;TOLIMA NORTE;DISTRIBUCION TOLIMA;CELSIA - TOLIMA CENTRO;CO-TOL-DI-CELSIA-TNORTE-CENTRO;IN322;;BRISAS 3 13.2 KV;MT-No Programada Con Interrupción;4;No;Permanente;;No;Despachado;No hay interrupción;0;Pendiente;L1 L2 L3;03/10/2026 07:20:14.999;150;0;Medium;1;0;(-8375936.8, 493418.3);0;Llamada;;Interruptor compuesto;CLL 23B # 11 - 28 SUR;No;No;DISTRIBUCION;Alimentador/Troncal MT;No
140;;03/10/2026 07:23:20.277;INC 146601272;;MP201114A;PAYANDE 2 13.2 KV;PAYANDE;Ninguna;BOLM-310 (I-10);0;0;1;TOLIMA NORTE;DISTRIBUCION TOLIMA;CELSIA - TOLIMA CENTRO;CO-TOL-DI-CELSIA-TNORTE-CENTRO;2522276B;;PAYANDE 2 13.2 KV;MT-No Programada Con Interrupción;4;No;Permanente;;No;Despachado;No hay interrupción;0;Pendiente;L2;03/10/2026 07:23:20.159;4;0;Low;1;0;(-8370280.2, 452429.7);0;Llamada;;Interruptor compuesto;VDA LA MESETA;No;No;DISTRIBUCION;Alimentador/Troncal MT;No
141;;03/10/2026 07:27:32.407;INC 146601279;;65955131A;VERGEL 1 13.2 KV;VERGEL;Ninguna;BOLG-332 (M -114C);0;0;2;TOLIMA NORTE;DISTRIBUCION TOLIMA;CELSIA - TOLIMA CENTRO;CO-TOL-DI-CELSIA-TNORTE-CENTRO;L110;;VERGEL 1 13.2 KV;MT-No Programada Con Interrupción;2;No;Permanente;;No;Despachado;No hay interrupción;0;Pendiente;L2 L3;03/10/2026 07:27:32.351;35;1;High;1;0;(-8369993.1, 495460.4);0;Llamada;;Interruptor compuesto;AV.AMBALA CALLE 80 URB. SAN FRANCISCO;No;No;DISTRIBUCION;Alimentador/Troncal MT;No
142;;03/10/2026 07:28:02.749;INC 146601280;;SW8572SA;SAN JORGE 4 13.2 KV;SAN JORGE;Ninguna;BOLM-302 (I-2);0;0;5;TOLIMA NORTE;DISTRIBUCION TOLIMA;CELSIA - TOLIMA CENTRO;CO-TOL-DI-CELSIA-TNORTE-CENTRO;RC1008;;SAN JORGE 4 13.2 KV;MT-No Programada Con Interrupción;2;No;Permanente;;No;Despachado;No hay interrupción;0;Pendiente;L1 L2;03/10/2026 07:28:02.698;96;1;High;9;0;(-8373952.0, 496944.7);0;Llamada;;Interruptor compuesto;SECCIONAMINETO CALAMBEO PARTE ALTA;No;No;DISTRIBUCION;Alimentador/Troncal MT;No
143;;03/10/2026 07:29:23.533;INC 146601282;;65921979B;SAN JORGE 4 13.2 KV;SAN JORGE;Desconocida;CUAD-305;0;0;5;TOLIMA NORTE;DISTRIBUCION TOLIMA;CELSIA - TOLIMA CENTRO;CO-TOL-DI-CELSIA-TNORTE-CENTRO;L280;;SAN JORGE 4 13.2 KV;MT-No Programada Con Interrupción;4;No;Permanente;;No;Despachado;No hay interrupción;0;Finalizada;L1 L2;03/10/2026 07:29:23.464;97;0;Medium;3;0;(-8374866.1, 495224.6);0;Llamada;;Interruptor compuesto;CLL 19 No 7-69;No;No;DISTRIBUCION;Alimentador/Troncal MT;Sí
144;;03/10/2026 07:30:33.995;INC 146601284;;65967499;VERGEL 1 13.2 KV;VERGEL;Ninguna;BOLM-309 (I-9);0;0;2;TOLIMA NORTE;DISTRIBUCION TOLIMA;CELSIA - TOLIMA CENTRO;CO-TOL-DI-CELSIA-TNORTE-CENTRO;S02264;;VERGEL 1 13.2 KV;MT-No Programada Con Interrupción;4;No;Permanente;;No;Despachado;No hay interrupción;0;Pendiente;L1;03/10/2026 07:30:33.934;8;0;Low;1;0;(-8372499.1, 498384.1);0;Llamada;;Interruptor compuesto;SECCIONAMIENTO FINCA ALTO BONITO;No;No;DISTRIBUCION;Alimentador/Troncal MT;No
145;;03/10/2026 07:31:49.011;INC 146601290;;2250152-A;URBANO 13.2 KV;ROVIRA;Ninguna;BOLV-307;0;0;1;TOLIMA NORTE;DISTRIBUCION TOLIMA;CELSIA - TOLIMA CENTRO;CO-TOL-DI-CELSIA-TNORTE-CENTRO;RC1389;;URBANO 13.2 KV;MT-No Programada Con Interrupción;4;No;Permanente;;No;Despachado;No hay interrupción;0;Pendiente;L1;03/10/2026 07:31:48.970;8;0;Low;1;0;(-8382658.0, 473651.3);0;Llamada;;Interruptor compuesto;VDA LA LUISA;No;No;DISTRIBUCION;Alimentador/Troncal MT;No
146;;03/10/2026 07:34:30.839;INC 146601296;;2603845-A;PAYANDE 2 13.2 KV;PAYANDE;Ninguna;BOLM-311 (I-11);0;0;3;TOLIMA NORTE;DISTRIBUCION TOLIMA;CELSIA - TOLIMA CENTRO;CO-TOL-DI-CELSIA-TNORTE-CENTRO;RC104;;PAYANDE 2 13.2 KV;MT-No Programada Con Interrupción;4;No;Permanente;;No;Despachado;No hay interrupción;0;Pendiente;L1 L3;03/10/2026 07:34:30.755;22;0;Low;1;0;(-8359045.5, 472393.9);0;Llamada;;Interruptor compuesto;VDA CARACOLI;No;No;DISTRIBUCION;Alimentador/Troncal MT;No
147;;03/10/2026 07:36:43.086;INC 146601301;;65131595A;URBANO 13.2 KV;ROVIRA;Ninguna;BOLV-307;0;0;1;TOLIMA NORTE;DISTRIBUCION TOLIMA;CELSIA - TOLIMA CENTRO;CO-TOL-DI-CELSIA-TNORTE-CENTRO;66792005B;;URBANO 13.2 KV;MT-No Programada Con Interrupción;4;No;Permanente;;No;Despachado;Restaurado;0;Pendiente;L3;03/10/2026 07:36:43.038;8;0;Low;1;0;(-8372480.5, 471341.4);0;Llamada;03/10/2026 09:41:30.614;Interruptor compuesto;VDA LA CHAPA;No;No;DISTRIBUCION;Alimentador/Troncal MT;No
148;;03/10/2026 07:42:30.658;INC 146601309;;2244233-A;RURAL 13.2 KV;ROVIRA;Ninguna;BOLM-308 (I-59);0;0;2;TOLIMA NORTE;DISTRIBUCION TOLIMA;CELSIA - TOLIMA CENTRO;CO-TOL-DI-CELSIA-TNORTE-CENTRO;S08831;;RURAL 13.2 KV;MT-No Programada Con Interrupción;2;No;Permanente;;No;Despachado;Restaurado;0;Cancelada;L1;02/10/2026 18:03:03.589;29;1;Raised;1;0;(-8384726.9, 470384.8);0;Llamada;03/10/2026 09:31:22.026;Interruptor compuesto;VEREDA LA TOMA SECTOR ESCUELA ROVIRA;No;No;DISTRIBUCION;Alimentador/Troncal MT;Sí
149;;03/10/2026 07:44:37.106;INC 146601310;;65970449A;PAPAYO 7 13.2 KV;PAPAYO;Ninguna;BOLM-330;0;0;2;TOLIMA NORTE;DISTRIBUCION TOLIMA;CELSIA - TOLIMA CENTRO;CO-TOL-DI-CELSIA-TNORTE-CENTRO;65970414A;;PAPAYO 7 13.2 KV;MT-No Programada Con Interrupción;2;No;Permanente;;No;Despachado;No hay interrupción;0;Pendiente;L1 L2;03/10/2026 07:44:37.040;20;1;High;1;0;(-8371824.9, 489005.6);0;Llamada;;Interruptor compuesto;VEREDA POTRERO GRANDE FINCA CANTALETA;No;No;DISTRIBUCION;Alimentador/Troncal MT;No
150;;03/10/2026 07:50:19.694;INC 146601318;;65160617-A;PASTALES 13.2 KV;CHAPETON;Ninguna;BOLM-302 (I-2);0;0;1;TOLIMA NORTE;DISTRIBUCION TOLIMA;CELSIA - TOLIMA CENTRO;CO-TOL-DI-CELSIA-TNORTE-CENTRO;S03721;;PASTALES 13.2 KV;MT-No Programada Con Interrupción;4;No;Permanente;;No;Despachado;No hay interrupción;0;Pendiente;L1;03/10/2026 07:50:19.636;18;0;Low;1;0;(-8380478.9, 500706.6);0;Llamada;;Interruptor compuesto;FINCA LA ESPERANZA;No;No;DISTRIBUCION;Alimentador/Troncal MT;No
151;;03/10/2026 07:58:51.924;INC 146601334;;S07858;VENADILLO 2 13.2 KV;VENADILLO;Ninguna;BOLV-360;0;0;5;TOLIMA NORTE;DISTRIBUCION TOLIMA;CELSIA - TOLIMA NORTE;CO-TOL-DI-CELSIA-TNORTE-CENTRO;2638576A;;VENADILLO 2 13.2 KV;MT-No Programada Con Interrupción;4;No;Permanente;;No;Despachado;No hay interrupción;0;Iniciada;L1 L3;03/10/2026 07:58:51.861;16;0;Low;3;0;(-8336676.4, 518178.2);0;Llamada;;Interruptor compuesto;SIN DIRECCION;No;No;DISTRIBUCION;Alimentador/Troncal MT;No
152;;03/10/2026 08:00:19.625;INC 146601337;;65916541-A;SAN JORGE 6 13.2 KV;SAN JORGE;Ninguna;BOLV-394;0;0;1;TOLIMA NORTE;DISTRIBUCION TOLIMA;CELSIA - TOLIMA CENTRO;CO-TOL-DI-CELSIA-TNORTE-CENTRO;65916533A;;SAN JORGE 2 13.2 KV;MT-No Programada Con Interrupción;4;No;Permanente;;No;Despachado;Restaurado;0;Pendiente;L1 L2 L3;03/10/2026 08:00:19.569;2;0;None;1;0;(-8375579.9, 495363.3);0;Llamada;03/10/2026 10:03:32.404;Interruptor compuesto;CRA 5 N° 12-15 EL CENTRO;No;No;CONEXION DISTRIBUCION;Alimentador/Troncal MT;No
153;;03/10/2026 08:02:05.228;INC 146601339;;S07900;PAYANDE 2 13.2 KV;PAYANDE;Ninguna;BOLM-311 (I-11);0;0;2;TOLIMA NORTE;DISTRIBUCION TOLIMA;CELSIA - TOLIMA CENTRO;CO-TOL-DI-CELSIA-TNORTE-CENTRO;2637219A;;PAYANDE 2 13.2 KV;MT-No Programada Con Interrupción;2;No;Permanente;;No;Despachado;No hay interrupción;0;Pendiente;L1 L3;03/10/2026 08:02:05.165;28;1;Raised;4;0;(-8369536.1, 464747.0);0;Llamada;;Interruptor compuesto;SIN DIRECCION;No;No;DISTRIBUCION;Alimentador/Troncal MT;No
154;;03/10/2026 08:03:34.747;INC 146601342;;65244322A;URBANO 13.2 KV;ROVIRA;Ninguna;BOLM-308 (I-59);0;0;1;TOLIMA NORTE;DISTRIBUCION TOLIMA;CELSIA - TOLIMA CENTRO;CO-TOL-DI-CELSIA-TNORTE-CENTRO;S03892;;URBANO 13.2 KV;MT-No Programada Con Interrupción;4;No;Permanente;;No;Despachado;No hay interrupción;0;Pendiente;L3;03/10/2026 08:03:34.687;6;0;Low;1;0;(-8382116.6, 481339.9);0;Llamada;;Interruptor compuesto;VDA PAJUIL ANDES;No;No;DISTRIBUCION;Alimentador/Troncal MT;No
155;;03/10/2026 08:03:53.924;INC 146601344;;66795144A;PAYANDE 2 13.2 KV;PAYANDE;Ninguna;BOLM-301 (I-1);0;0;1;TOLIMA NORTE;DISTRIBUCION TOLIMA;CELSIA - TOLIMA SUR;CO-TOL-DI-CELSIA-TNORTE-CENTRO;S07894;;PAYANDE 2 13.2 KV;MT-No Programada Con Interrupción;4;No;Permanente;;No;Despachado;No hay interrupción;0;Pendiente;L2;03/10/2026 08:03:53.877;22;0;Low;1;0;(-8380344.8, 451156.2);0;Llamada;;Interruptor compuesto;VDA EL TRIUNFO EL ALTO;No;No;DISTRIBUCION;Alimentador/Troncal MT;No
156;;03/10/2026 08:09:27.768;INC 146601351;;65547414A;VERDESOL 13.2 KV;SALADO;Ninguna;BOLM-348(SERRATO GONZALEZ JOSE HUMBERTO;0;0;1;TOLIMA NORTE;DISTRIBUCION TOLIMA;CELSIA - TOLIMA CENTRO;CO-TOL-DI-CELSIA-TNORTE-CENTRO;RB2515;;VERDESOL 13.2 KV;MT-No Programada Con Interrupción;2;No;Permanente;;No;Despachado;No hay interrupción;0;Pendiente;L1;03/10/2026 08:09:27.704;4;1;High;1;0;(-8364919.1, 495916.7);0;Llamada;;Interruptor compuesto;CLL 147Nº13-51SALADO;No;No;DISTRIBUCION;Alimentador/Troncal MT;No
157;;03/10/2026 08:10:09.197;INC 146601354;;65954303A;PAPAYO 6 13.2 KV;PAPAYO;Ninguna;BOLV-398 (Apoyo);0;0;6;TOLIMA NORTE;DISTRIBUCION TOLIMA;CELSIA - TOLIMA CENTRO;CO-TOL-DI-CELSIA-TNORTE-CENTRO;TOLSW10043;;PAPAYO 6 13.2 KV;MT-No Programada Con Interrupción;4;No;Permanente;;No;Despachado;No hay interrupción;0;Pendiente;L1 L2 L3;03/10/2026 08:10:09.149;55;0;Medium;2;0;(-8370214.6, 493531.6);0;Llamada;;Interruptor compuesto;SECCIONAMIENTO COLEGIO CHAMPAÑAGT;No;No;DISTRIBUCION;Alimentador/Troncal MT;No
158;;03/10/2026 08:14:49.663;INC 146601364;;1908731-A;PASTALES 13.2 KV;CHAPETON;Ninguna;BOLM-302 (I-2);0;0;4;TOLIMA NORTE;DISTRIBUCION TOLIMA;CELSIA - TOLIMA CENTRO;CO-TOL-DI-CELSIA-TNORTE-CENTRO;65570300B;;PASTALES 13.2 KV;MT-No Programada Con Interrupción;4;No;Permanente;;No;Despachado;No hay interrupción;0;Pendiente;L1 L2;03/10/2026 08:14:19.700;29;0;Low;1;0;(-8378062.9, 498701.0);0;Llamada;;Interruptor compuesto;VDA CAY ALTO FINCA LA FLOR;No;No;DISTRIBUCION;Alimentador/Troncal MT;No
159;;03/10/2026 08:15:22.804;INC 146601367;;66791467A;URBANO 13.2 KV;ROVIRA;Ninguna;BOLV-307;0;0;1;TOLIMA NORTE;DISTRIBUCION TOLIMA;CELSIA - TOLIMA CENTRO;CO-TOL-DI-CELSIA-TNORTE-CENTRO;S08553;;URBANO 13.2 KV;MT-No Programada Con Interrupción;4;No;Permanente;;No;Despachado;No hay interrupción;0;Pendiente;L2;03/10/2026 08:15:22.757;28;0;Medium;1;0;(-8385030.6, 473883.8);0;Llamada;;Interruptor compuesto;VDA LA LUISA;No;No;DISTRIBUCION;Alimentador/Troncal MT;No
160;;03/10/2026 08:16:59.449;INC 146601371;;65556251A;SAN JUAN 13.2 KV;SALADO;Ninguna;BOLM-348(SERRATO GONZALEZ JOSE HUMBERTO;0;0;1;TOLIMA NORTE;DISTRIBUCION TOLIMA;CELSIA - TOLIMA CENTRO;CO-TOL-DI-CELSIA-TNORTE-CENTRO;RB3398;;SAN JUAN 13.2 KV;MT-No Programada Con Interrupción;3;No;Permanente;;No;Despachado;No hay interrupción;0;Pendiente;L1;03/10/2026 08:16:59.396;237;0;Medium;1;0;(-8363989.6, 496019.9);0;Llamada;;Interruptor compuesto;CRA 8G CLL  157 MODELIA;No;No;DISTRIBUCION;Alimentador/Troncal MT;No
161;;03/10/2026 08:24:56.127;INC 146601390;;66944451A;EL SALTO CTO 2 13.2 kV;EL SALTO;Ninguna;BOLV-363 (M-18A);0;0;1;TOLIMA NORTE;DISTRIBUCION TOLIMA;CELSIA - TOLIMA NORTE;CO-TOL-DI-CELSIA-TNORTE-CENTRO;1511769A;;EL SALTO CTO 2 13.2 kV;MT-No Programada Con Interrupción;4;No;Permanente;;No;Despachado;No hay interrupción;0;Pendiente;L2;03/10/2026 08:24:56.092;35;0;Medium;1;0;(-8318751.5, 579949.3);0;Llamada;;Interruptor compuesto;CLL 1ANº1-75;No;No;DISTRIBUCION;Alimentador/Troncal MT;No
162;;03/10/2026 08:32:33.363;INC 146601403;;1634523-A;URBANO 13.2 KV;ROVIRA;Ninguna;BOLV-307;0;0;3;TOLIMA NORTE;DISTRIBUCION TOLIMA;CELSIA - TOLIMA CENTRO;CO-TOL-DI-CELSIA-TNORTE-CENTRO;S01829;;URBANO 13.2 KV;MT-No Programada Con Interrupción;2;No;Permanente;;No;Despachado;No hay interrupción;0;Pendiente;L2;03/10/2026 08:32:33.316;97;3;Raised;1;0;(-8375227.3, 472252.6);0;Llamada;;Interruptor compuesto;CLL 7Nº9-39;No;No;DISTRIBUCION;Alimentador/Troncal MT;No
163;;03/10/2026 08:34:31.114;INC 146601410;;65916673-A;SAN JORGE 6 13.2 KV;SAN JORGE;Ninguna;BOLV-337;0;0;1;TOLIMA NORTE;DISTRIBUCION TOLIMA;CELSIA - TOLIMA CENTRO;CO-TOL-DI-CELSIA-TNORTE-CENTRO;"RC1353; RC1191";;SAN JORGE 2 13.2 KV;MT-No Programada Con Interrupción;5;No;Permanente;;No;Despachado;Restaurado;0;Pendiente;L1;03/10/2026 08:34:31.059;5;0;Low;1;0;(-8375684.5, 495429.8);0;Llamada;03/10/2026 10:03:32.404;Interruptor compuesto;CRA 6 #11-15;No;No;DISTRIBUCION;Alimentador/Troncal MT;No
164;;03/10/2026 08:38:48.701;INC 146601419;;66654222-A;CAJAMARCA 2 13.2 KV;CAJAMARCA;Ninguna;BOLV-303;0;0;1;TOLIMA NORTE;DISTRIBUCION TOLIMA;CELSIA - TOLIMA CENTRO;CO-TOL-DI-CELSIA-TNORTE-CENTRO;66675165A;;CAJAMARCA 2 CT 2;MT-No Programada Con Interrupción;4;No;Permanente;;No;Despachado;No hay interrupción;0;Pendiente;L1;03/10/2026 08:38:48.653;15;0;Low;1;0;(-8404022.8, 488290.2);0;Llamada;;Interruptor compuesto;VDA EL AGUILA FINCA LA ZAMARRIA;No;No;DISTRIBUCION;Alimentador/Troncal MT;No
165;;03/10/2026 08:43:14.248;INC 146601436;;66767574A;LA VEGA 13.2 KV;CHAPETON;Ninguna;BOLM-302 (I-2);0;0;1;TOLIMA NORTE;DISTRIBUCION TOLIMA;CELSIA - TOLIMA CENTRO;CO-TOL-DI-CELSIA-TNORTE-CENTRO;S08060;;LA VEGA 13.2 KV;MT-No Programada Con Interrupción;2;No;Permanente;;No;Despachado;No hay interrupción;0;Pendiente;L1;03/10/2026 08:43:14.178;20;2;High;1;0;(-8379695.6, 495462.3);0;Llamada;;Interruptor compuesto;VDA LAS AMARILLAS;No;No;DISTRIBUCION;Alimentador/Troncal MT;No
166;;03/10/2026 08:44:10.212;INC 146601440;;65929163-A;BRISAS 3 13.2 KV;BRISAS;Ninguna;BOLV-394;0;0;1;TOLIMA NORTE;DISTRIBUCION TOLIMA;CELSIA - TOLIMA CENTRO;CO-TOL-DI-CELSIA-TNORTE-CENTRO;65932970A;;BRISAS 3 13.2 KV;MT-No Programada Con Interrupción;4;No;Permanente;;No;Despachado;No hay interrupción;0;Pendiente;L3;03/10/2026 08:44:10.158;41;0;Medium;1;0;(-8375755.5, 493132.9);0;Llamada;;Interruptor compuesto;CRA 10CSURCLL 25BMZ9CS26B.TERRAZASTEJAR;No;No;DISTRIBUCION;Alimentador/Troncal MT;No
167;;03/10/2026 08:48:23.021;INC 146601443;;S08482;URBANO 13.2 KV;ROVIRA;Ninguna;BOLM-308 (I-59);0;0;3;TOLIMA NORTE;DISTRIBUCION TOLIMA;CELSIA - TOLIMA CENTRO;CO-TOL-DI-CELSIA-TNORTE-CENTRO;RB2370;;URBANO 13.2 KV;MT-No Programada Con Interrupción;2;No;Permanente;;No;Despachado;No hay interrupción;0;Pendiente;L1;03/10/2026 08:48:22.990;195;6;Raised;13;0;(-8382604.3, 475661.3);0;Llamada;;Interruptor compuesto;SIN DIRECCION;No;No;DISTRIBUCION;Alimentador/Troncal MT;No
168;;03/10/2026 09:02:20.050;INC 146601486;;65185288-A;SAN JUAN 13.2 KV;SALADO;Ninguna;BOLM-309 (I-9);0;0;1;TOLIMA NORTE;DISTRIBUCION TOLIMA;CELSIA - TOLIMA CENTRO;CO-TOL-DI-CELSIA-TNORTE-CENTRO;1772643A;;SAN JUAN 13.2 KV;MT-No Programada Con Interrupción;5;No;Permanente;;No;Despachado;No hay interrupción;0;Pendiente;L2;03/10/2026 09:02:19.984;7;0;Low;1;0;(-8365877.9, 500312.7);0;Llamada;;Interruptor compuesto;ESCUELA LA BELLEZA;No;No;DISTRIBUCION;Alimentador/Troncal MT;No
169;;03/10/2026 09:04:32.356;INC 146601490;;65954176;PAPAYO 6 13.2 KV;PAPAYO;Ninguna;BOLM-302 (I-2);0;0;1;TOLIMA NORTE;DISTRIBUCION TOLIMA;CELSIA - TOLIMA CENTRO;CO-TOL-DI-CELSIA-TNORTE-CENTRO;;;PAPAYO 6 13.2 KV;MT-No Programada Con Interrupción;5;No;Permanente;;No;Despachado;No hay interrupción;0;Pendiente;L1 L2 L3;03/10/2026 09:04:32.295;1;0;None;1;0;(-8370811.7, 493374.7);0;Llamada;;Interruptor compuesto;CARRERA 7 SUR NO 66-27;No;No;DISTRIBUCION;Alimentador/Troncal MT;No
170;;03/10/2026 09:17:00.975;INC 146601514;;S03068;SAN JORGE 34.5 KV;PAPAYO;Desconocida;BOLV-394;0;0;1;TOLIMA NORTE;DISTRIBUCION TOLIMA;CELSIA - TOLIMA CENTRO;CO-TOL-DI-CELSIA-TNORTE-CENTRO;RC2101;;"SAN JORGE 34.5 KV; SAN JORGE 34.5 KV; SAN JORGE 34.5 KV; VERGEL 1 34.5 KV; VERGEL 2 34.5 KV";MT-No Programada Con Interrupción;2;No;Permanente;;No;Despachado;No hay interrupción;0;Finalizada;L1 L2 L3;03/10/2026 09:17:00.924;2;1;High;1;0;(-8374658.2, 495565.8);0;Llamada;;Interruptor compuesto;SECCIONAMIENTO CLINICA DEL CORAZON A 34.5;No;No;DISTRIBUCION;Alimentador/Troncal MT;No
171;;03/10/2026 09:17:07.517;INC 146601515;;1567004A;URBANO 13.2 KV;ALVARADO;Ninguna;BOLV-312;0;0;2;TOLIMA NORTE;DISTRIBUCION TOLIMA;CELSIA - TOLIMA CENTRO;CO-TOL-DI-CELSIA-TNORTE-CENTRO;MP47745A;;URBANO 13.2 KV;MT-No Programada Con Interrupción;4;No;Permanente;;No;Despachado;No hay interrupción;0;Pendiente;L1 L2 L3;03/10/2026 09:17:07.453;98;0;Medium;1;0;(-8343791.5, 508813.2);0;Llamada;;Interruptor compuesto;CRA 3CLL 3;No;No;DISTRIBUCION;Alimentador/Troncal MT;No
172;;03/10/2026 09:17:11.537;INC 146601516;;RB1916;VERGEL 5 13.2 KV;VERGEL;Ninguna;BOLG-332 (M -114C);0;0;23;TOLIMA NORTE;DISTRIBUCION TOLIMA;CELSIA - TOLIMA CENTRO;CO-TOL-DI-CELSIA-TNORTE-CENTRO;RB3100;;VERGEL 5 13.2 KV;MT-No Programada Con Interrupción;1;No;Permanente;;No;Despachado;No hay interrupción;0;Pendiente;L1 L2 L3;03/10/2026 09:17:11.453;1006;1;Raised;13;0;(-8371911.9, 495494.2);0;Llamada;;Reconectador;AV AMBALA No 49-65;No;No;DISTRIBUCION;Alimentador/Troncal MT;No
173;;03/10/2026 09:17:11.871;INC 146601517;;65921391A;SAN JORGE 4 13.2 KV;SAN JORGE;Ninguna;BOLG-332 (M -114C);0;0;1;TOLIMA NORTE;DISTRIBUCION TOLIMA;CELSIA - TOLIMA CENTRO;CO-TOL-DI-CELSIA-TNORTE-CENTRO;S00050;;SAN JORGE 4 13.2 KV;MT-No Programada Con Interrupción;4;No;Permanente;;No;Despachado;No hay interrupción;0;Pendiente;L1;03/10/2026 09:17:11.760;134;0;Medium;1;0;(-8373012.3, 495015.3);0;Llamada;;Interruptor compuesto;CLL 37Nº9-42ESQ;No;No;DISTRIBUCION;Alimentador/Troncal MT;No
174;;03/10/2026 09:20:39.364;INC 146601527;;65950049A;PAPAYO 2 13.2 KV;PAPAYO;Ninguna;BOLG-332 (M -114C);0;0;1;TOLIMA NORTE;DISTRIBUCION TOLIMA;CELSIA - TOLIMA CENTRO;CO-TOL-DI-CELSIA-TNORTE-CENTRO;RB2061;;PAPAYO 2 13.2 KV;MT-No Programada Con Interrupción;2;No;Permanente;;No;Despachado;No hay interrupción;0;Pendiente;L1;03/10/2026 09:20:39.323;46;2;High;1;0;(-8372362.1, 494075.7);0;Llamada;;Interruptor compuesto;BRR PIEDRA PINTADA;No;No;DISTRIBUCION;Alimentador/Troncal MT;No
175;;03/10/2026 09:23:54.024;INC 146601534;;65157462-A;CAJAMARCA 2 13.2 KV;CAJAMARCA;Ninguna;BOLV-303;0;0;1;TOLIMA NORTE;DISTRIBUCION TOLIMA;CELSIA - TOLIMA CENTRO;CO-TOL-DI-CELSIA-TNORTE-CENTRO;3474355B;;CAJAMARCA 2 CT 2;MT-No Programada Con Interrupción;5;No;Permanente;;No;Despachado;No hay interrupción;0;Pendiente;L3;03/10/2026 09:23:53.981;7;0;Low;1;0;(-8407402.0, 488256.2);0;Llamada;;Interruptor compuesto;EL CAJON MORABELLES;No;No;DISTRIBUCION;Alimentador/Troncal MT;No
176;;03/10/2026 09:29:54.606;INC 146601542;;65924528-A;SAN JORGE 1 13.2 KV;SAN JORGE;Ninguna;BOLV-399 (Apoyo);0;0;1;TOLIMA NORTE;DISTRIBUCION TOLIMA;CELSIA - TOLIMA CENTRO;CO-TOL-DI-CELSIA-TNORTE-CENTRO;"RC1275; S10652";;SAN JORGE 2 13.2 KV;MT-No Programada Con Interrupción;4;No;Permanente;;No;Despachado;Restaurado;0;Pendiente;L1;03/10/2026 09:29:54.416;22;0;Low;1;0;(-8376364.8, 495955.9);0;Llamada;03/10/2026 10:02:57.908;Interruptor compuesto;CLL 3ANº6-46/60B.IRAZU;No;No;DISTRIBUCION;Alimentador/Troncal MT;No
177;;03/10/2026 09:36:38.442;INC 146601552;;65928647A;BRISAS 2 13.2 KV;BRISAS;Ninguna;BOLV-399 (Apoyo);0;0;1;TOLIMA NORTE;DISTRIBUCION TOLIMA;CELSIA - TOLIMA CENTRO;CO-TOL-DI-CELSIA-TNORTE-CENTRO;65930013A;;BRISAS 2 13.2 KV;MT-No Programada Con Interrupción;2;No;Permanente;;No;Despachado;No hay interrupción;0;Iniciada;L1 L2 L3;03/10/2026 09:36:38.397;3;1;High;1;0;(-8375718.1, 494525.9);0;Llamada;;Interruptor compuesto;CLL 16Nº2-23S;No;No;DISTRIBUCION;Alimentador/Troncal MT;No
178;;03/10/2026 09:41:28.803;INC 146601563;;1439995;SAN JORGE 2 13.2 KV;SAN JORGE;Ninguna;BOLV-399 (Apoyo);0;0;1;TOLIMA NORTE;DISTRIBUCION TOLIMA;CELSIA - TOLIMA CENTRO;CO-TOL-DI-CELSIA-TNORTE-CENTRO;;;SAN JORGE 2 13.2 KV;MT-No Programada Sin Interrupción;2;No;Permanente;;No;Despachado;No hay interrupción;0;Pendiente;L1 L2 L3;03/10/2026 09:41:28.803;269;6;High;0;0;(-8376572.7, 495629.0);0;Llamada;;Transformador de consumidor;CLL 4Nº2-49;No;No;DISTRIBUCION;Alimentador/Troncal MT;No
179;;03/10/2026 09:42:03.659;INC 146601567;;65915774-A;SAN JORGE 6 13.2 KV;SAN JORGE;Ninguna;BOLV-399 (Apoyo);0;0;3;TOLIMA NORTE;DISTRIBUCION TOLIMA;CELSIA - TOLIMA CENTRO;CO-TOL-DI-CELSIA-TNORTE-CENTRO;RC1353;;SAN JORGE 2 13.2 KV;MT-No Programada Con Interrupción;2;No;Permanente;;No;Despachado;Restaurado;0;Pendiente;L1;03/10/2026 09:42:03.612;209;11;High;1;0;(-8375403.0, 495307.9);0;Llamada;03/10/2026 10:03:32.404;Interruptor compuesto;CLL 14No6-14;No;No;DISTRIBUCION;Alimentador/Troncal MT;No
180;;03/10/2026 09:43:58.938;INC 146601571;;66141871A;PAYANDE 2 13.2 KV;PAYANDE;Ninguna;BOLM-310 (I-10);0;0;1;TOLIMA NORTE;DISTRIBUCION TOLIMA;CELSIA - TOLIMA CENTRO;CO-TOL-DI-CELSIA-TNORTE-CENTRO;S08144;;PAYANDE 2 13.2 KV;MT-No Programada Con Interrupción;2;No;Permanente;;No;Despachado;Restaurado;0;Pendiente;L1;03/10/2026 09:43:58.893;16;1;Raised;1;0;(-8369905.1, 454765.5);0;Llamada;03/10/2026 10:07:49.762;Interruptor compuesto;VDA TOMOGO;No;No;DISTRIBUCION;Alimentador/Troncal MT;No
181;;03/10/2026 09:46:40.647;INC 146601578;;65924676-A;SAN JORGE 1 13.2 KV;SAN JORGE;Ninguna;BOLV-399 (Apoyo);0;0;1;TOLIMA NORTE;DISTRIBUCION TOLIMA;CELSIA - TOLIMA CENTRO;CO-TOL-DI-CELSIA-TNORTE-CENTRO;RB1956;;SAN JORGE 2 13.2 KV;MT-No Programada Con Interrupción;4;No;Permanente;;No;Despachado;Restaurado;0;Pendiente;L1;03/10/2026 09:46:40.592;67;0;Low;1;0;(-8376174.5, 496567.0);0;Llamada;03/10/2026 10:02:57.908;Interruptor compuesto;CRA 13ACLL 1CBISMZECS12;No;No;DISTRIBUCION;Alimentador/Troncal MT;No
182;;03/10/2026 09:46:54.449;INC 146601580;;1035029-A;SAN JORGE 1 13.2 KV;SAN JORGE;Ninguna;BOLV-399 (Apoyo);0;0;1;TOLIMA NORTE;DISTRIBUCION TOLIMA;CELSIA - TOLIMA CENTRO;CO-TOL-DI-CELSIA-TNORTE-CENTRO;"RC1275; S10652";;SAN JORGE 2 13.2 KV;MT-No Programada Con Interrupción;4;No;Permanente;;No;Despachado;Restaurado;0;Pendiente;L1 L2 L3;03/10/2026 09:46:54.379;17;0;Low;1;0;(-8376183.5, 495943.0);0;Llamada;03/10/2026 10:02:57.908;Interruptor compuesto;CRA  7 Nº 4A-06 EDIF ACUARIO;No;No;DISTRIBUCION;Alimentador/Troncal MT;No
183;;03/10/2026 09:47:39.158;INC 146601582;;65970554A;PAPAYO 7 13.2 KV;PAPAYO;Ninguna;BOLM-330;0;0;3;TOLIMA NORTE;DISTRIBUCION TOLIMA;CELSIA - TOLIMA CENTRO;CO-TOL-DI-CELSIA-TNORTE-CENTRO;RB2105;;PAPAYO 7 13.2 KV;MT-No Programada Con Interrupción;4;No;Permanente;;No;Despachado;No hay interrupción;0;Pendiente;L1;03/10/2026 09:47:39.108;15;0;Low;1;0;(-8372667.8, 489442.5);0;Llamada;;Interruptor compuesto;VDA POTRERO GRANDE;No;No;DISTRIBUCION;Alimentador/Troncal MT;No
184;;03/10/2026 09:48:29.912;INC 146601584;;65164736-A;SAN JORGE 1 13.2 KV;SAN JORGE;Ninguna;BOLV-399 (Apoyo);0;0;1;TOLIMA NORTE;DISTRIBUCION TOLIMA;CELSIA - TOLIMA CENTRO;CO-TOL-DI-CELSIA-TNORTE-CENTRO;S10652;;SAN JORGE 2 13.2 KV;MT-No Programada Con Interrupción;4;No;Permanente;;No;Despachado;Restaurado;0;Pendiente;L1;03/10/2026 09:48:29.879;107;0;Medium;1;0;(-8376434.7, 496052.9);0;Llamada;03/10/2026 10:02:57.908;Interruptor compuesto;CLL 1ANº9-13B.IRAZUI;No;No;DISTRIBUCION;Alimentador/Troncal MT;No
185;;03/10/2026 09:49:54.059;INC 146601589;;65551500;TOPACIO 13.2 KV;SALADO;Ninguna;BOLM-348(SERRATO GONZALEZ JOSE HUMBERTO;0;0;16;TOLIMA NORTE;DISTRIBUCION TOLIMA;CELSIA - TOLIMA CENTRO;CO-TOL-DI-CELSIA-TNORTE-CENTRO;RC1089;;TOPACIO 13.2 KV;MT-No Programada Con Interrupción;4;No;Permanente;;No;Despachado;No hay interrupción;0;Pendiente;L1;03/10/2026 09:49:54.011;173;0;Medium;1;0;(-8367406.4, 494884.6);0;Llamada;;Interruptor compuesto;CRA 3BCLL 112BTOPACIO;No;No;DISTRIBUCION;Alimentador/Troncal MT;No
186;;03/10/2026 09:52:31.436;INC 146601599;;S05031;SAN JORGE 6 13.2 KV;SAN JORGE;Ninguna;BOLV-399 (Apoyo);0;0;2;TOLIMA NORTE;DISTRIBUCION TOLIMA;CELSIA - TOLIMA CENTRO;CO-TOL-DI-CELSIA-TNORTE-CENTRO;S00014;;SAN JORGE 2 13.2 KV;MT-No Programada Con Interrupción;4;No;Permanente;;No;Despachado;Restaurado;0;Pendiente;L1;03/10/2026 09:52:31.389;36;0;Low;1;0;(-8375771.1, 495944.8);0;Llamada;03/10/2026 10:03:32.404;Interruptor compuesto;CRA 11 CON CLL 9;No;No;DISTRIBUCION;Alimentador/Troncal MT;No
187;;03/10/2026 09:52:41.412;INC 146601600;;65234629-A;SAN JORGE 1 13.2 KV;SAN JORGE;Ninguna;BOLV-399 (Apoyo);0;0;2;TOLIMA NORTE;DISTRIBUCION TOLIMA;CELSIA - TOLIMA CENTRO;CO-TOL-DI-CELSIA-TNORTE-CENTRO;RC1251;;SAN JORGE 2 13.2 KV;MT-No Programada Con Interrupción;3;No;Permanente;;No;Despachado;Restaurado;0;Pendiente;L1;03/10/2026 09:52:41.359;286;0;Medium;1;0;(-8375542.7, 496133.7);0;Llamada;03/10/2026 10:02:57.908;Interruptor compuesto;CRA 13Nº9-39;No;No;DISTRIBUCION;Alimentador/Troncal MT;No
188;;03/10/2026 09:54:16.750;INC 146601601;;65924587-A;SAN JORGE 1 13.2 KV;SAN JORGE;Ninguna;;0;0;1;TOLIMA NORTE;DISTRIBUCION TOLIMA;CELSIA - TOLIMA CENTRO;CO-TOL-DI-CELSIA-TNORTE-CENTRO;S10652;;SAN JORGE 2 13.2 KV;MT-No Programada Con Interrupción;4;No;Permanente;;No;Pendiente;Restaurado;0;;L1;03/10/2026 09:54:16.687;35;0;Low;1;0;(-8376492.2, 495868.1);0;Llamada;03/10/2026 10:02:57.908;Interruptor compuesto;CLL 3ANº5-03RINCONDELAPOLA;No;No;DISTRIBUCION;Alimentador/Troncal MT;No
189;;03/10/2026 09:58:50.581;INC 146601604;;65922606-A;SAN JORGE 4 13.2 KV;SAN JORGE;Ninguna;BOLV-399 (Apoyo);0;0;1;TOLIMA NORTE;DISTRIBUCION TOLIMA;CELSIA - TOLIMA CENTRO;CO-TOL-DI-CELSIA-TNORTE-CENTRO;L280;;SAN JORGE 4 13.2 KV;MT-No Programada Con Interrupción;2;No;Permanente;;No;Despachado;No hay interrupción;0;Pendiente;L3;03/10/2026 09:58:50.544;9;1;High;1;0;(-8374799.9, 495480.8);0;Llamada;;Interruptor compuesto;BRR PUEBLO NUEVO;No;No;DISTRIBUCION;Alimentador/Troncal MT;No
190;;03/10/2026 09:58:55.120;INC 146601605;;65923981B;SAN JORGE 4 13.2 KV;SAN JORGE;Ninguna;BOLV-399 (Apoyo);0;0;1;TOLIMA NORTE;DISTRIBUCION TOLIMA;CELSIA - TOLIMA CENTRO;CO-TOL-DI-CELSIA-TNORTE-CENTRO;S00039;;SAN JORGE 4 13.2 KV;MT-No Programada Con Interrupción;2;No;Permanente;;No;Despachado;No hay interrupción;0;Pendiente;L1;03/10/2026 09:58:55.043;213;3;Critical;1;0;(-8374419.8, 495157.2);0;Llamada;;Interruptor compuesto;CLL 23CONCRA 8ESQ;No;No;DISTRIBUCION;Alimentador/Troncal MT;No
191;;03/10/2026 10:03:50.584;INC 146601615;;S08652;PAYANDE 2 13.2 KV;PAYANDE;Ninguna;BOLV-304;0;0;7;TOLIMA NORTE;DISTRIBUCION TOLIMA;CELSIA - TOLIMA CENTRO;CO-TOL-DI-CELSIA-TNORTE-CENTRO;RB1910;;PAYANDE 2 13.2 KV;MT-No Programada Con Interrupción;2;No;Permanente;;No;Despachado;No hay interrupción;0;Pendiente;L1 L3;03/10/2026 10:03:50.504;116;2;High;10;0;(-8356818.3, 473610.0);0;Llamada;;Interruptor compuesto;SECCIONAMIENTO;No;No;DISTRIBUCION;Alimentador/Troncal MT;No
192;;03/10/2026 10:08:03.170;INC 146601623;;65203677-A;SAN JORGE 1 13.2 KV;SAN JORGE;Ninguna;BOLV-399 (Apoyo);0;0;1;TOLIMA NORTE;DISTRIBUCION TOLIMA;CELSIA - TOLIMA CENTRO;CO-TOL-DI-CELSIA-TNORTE-CENTRO;RC1251;;SAN JORGE 2 13.2 KV;MT-No Programada Con Interrupción;2;No;Permanente;;No;Despachado;Restaurado;0;Pendiente;L1;03/10/2026 10:08:02.819;109;1;Raised;1;0;(-8375750.4, 496215.5);0;Llamada;03/10/2026 10:02:57.908;Interruptor compuesto;CRA 13Nº7-09B.20DEJULIO;No;No;DISTRIBUCION;Alimentador/Troncal MT;No
193;;03/10/2026 10:11:30.208;INC 146601629;;65916959-A;SAN JORGE 6 13.2 KV;SAN JORGE;Ninguna;BOLV-399 (Apoyo);0;0;1;TOLIMA NORTE;DISTRIBUCION TOLIMA;CELSIA - TOLIMA CENTRO;CO-TOL-DI-CELSIA-TNORTE-CENTRO;RB2075;;SAN JORGE 2 13.2 KV;MT-No Programada Con Interrupción;2;No;Permanente;;No;Despachado;No hay interrupción;0;Pendiente;L1 L2 L3;03/10/2026 10:11:30.161;95;2;Raised;1;0;(-8375895.2, 495678.5);0;Llamada;;Interruptor compuesto;CRA 7 CLL 9 ESQ BRR BELENCITO;No;No;DISTRIBUCION;Alimentador/Troncal MT;No
194;;03/10/2026 10:12:12.070;INC 146601631;;3409807-A;URBANO 13.2 KV;ALVARADO;Ninguna;BOLV-312;0;0;1;TOLIMA NORTE;DISTRIBUCION TOLIMA;CELSIA - TOLIMA CENTRO;CO-TOL-DI-CELSIA-TNORTE-CENTRO;S08420;;URBANO 13.2 KV;MT-No Programada Con Interrupción;4;No;Permanente;;No;Despachado;No hay interrupción;0;Pendiente;L1;03/10/2026 10:12:04.777;40;0;Medium;1;0;(-8344802.9, 508912.0);0;Llamada;;Interruptor compuesto;ESCUELA LA PALMITA;No;No;DISTRIBUCION;Alimentador/Troncal MT;No
195;;03/10/2026 10:16:42.052;INC 146601637;;1634372-A;URBANO 13.2 KV;ROVIRA;Ninguna;BOLV-307;0;0;1;TOLIMA NORTE;DISTRIBUCION TOLIMA;CELSIA - TOLIMA CENTRO;CO-TOL-DI-CELSIA-TNORTE-CENTRO;66947505A;;URBANO 13.2 KV;MT-No Programada Con Interrupción;2;No;Permanente;;No;Despachado;No hay interrupción;0;Pendiente;L2;03/10/2026 10:16:42.009;83;7;High;1;0;(-8375477.7, 471878.3);0;Llamada;;Interruptor compuesto;CLL 10CMZCCS8;No;No;DISTRIBUCION;Alimentador/Troncal MT;No
196;;03/10/2026 10:18:04.977;INC 146601638;;65917424-A;SAN JORGE 6 13.2 KV;SAN JORGE;Ninguna;BOLV-399 (Apoyo);0;0;1;TOLIMA NORTE;DISTRIBUCION TOLIMA;CELSIA - TOLIMA CENTRO;CO-TOL-DI-CELSIA-TNORTE-CENTRO;RC1275;;SAN JORGE 2 13.2 KV;MT-No Programada Con Interrupción;4;No;Permanente;;No;Despachado;No hay interrupción;0;Pendiente;L1 L2;03/10/2026 10:18:04.932;15;0;Medium;1;0;(-8376019.7, 495957.5);0;Llamada;;Interruptor compuesto;CRA 10 N° 5 - EDIFICIO EL NOGAL;No;No;DISTRIBUCION;Alimentador/Troncal MT;No
197;;03/10/2026 10:22:10.787;INC 146601644;;65918528-A;SAN JORGE 1 13.2 KV;SAN JORGE;Ninguna;BOLV-399 (Apoyo);0;0;1;TOLIMA NORTE;DISTRIBUCION TOLIMA;CELSIA - TOLIMA CENTRO;CO-TOL-DI-CELSIA-TNORTE-CENTRO;S10652;;SAN JORGE 2 13.2 KV;MT-No Programada Con Interrupción;3;No;Permanente;;No;Despachado;No hay interrupción;0;Pendiente;L1;03/10/2026 10:22:10.730;227;0;Medium;1;0;(-8375936.0, 496225.0);0;Llamada;;Interruptor compuesto;CRA 12 N 5-20 B SAN DIEGO;No;No;DISTRIBUCION;Alimentador/Troncal MT;No
198;;03/10/2026 10:24:45.062;INC 146601651;;65551561;TOPACIO 13.2 KV;SALADO;Ninguna;BOLM-348(SERRATO GONZALEZ JOSE HUMBERTO;0;0;1;TOLIMA NORTE;DISTRIBUCION TOLIMA;CELSIA - TOLIMA CENTRO;CO-TOL-DI-CELSIA-TNORTE-CENTRO;RC1089;;TOPACIO 13.2 KV;MT-No Programada Con Interrupción;4;No;Permanente;;No;Despachado;No hay interrupción;0;Pendiente;L1 L2;03/10/2026 10:23:58.005;102;0;Medium;1;0;(-8367210.7, 494814.9);0;Llamada;;Interruptor compuesto;CLL 114CRA 3BTOPACIO;No;No;DISTRIBUCION;Alimentador/Troncal MT;No
199;;03/10/2026 10:29:28.986;INC 146601664;;65234051-A;SAN JORGE 2 13.2 KV;SAN JORGE;Ninguna;BOLV-399 (Apoyo);0;0;1;TOLIMA NORTE;DISTRIBUCION TOLIMA;CELSIA - TOLIMA CENTRO;CO-TOL-DI-CELSIA-TNORTE-CENTRO;RB2520;;SAN JORGE 2 13.2 KV;MT-No Programada Con Interrupción;2;No;Permanente;;No;Despachado;No hay interrupción;0;Pendiente;L1 L2;03/10/2026 10:29:28.913;189;13;High;1;0;(-8375628.6, 495231.6);0;Llamada;;Interruptor compuesto;CRA 4 CLL 12 CENTRO;No;No;DISTRIBUCION;Alimentador/Troncal MT;No
200;;03/10/2026 10:32:27.410;INC 146601666;;65919184A;SAN JORGE 2 13.2 KV;SAN JORGE;Ninguna;BOLV-399 (Apoyo);0;0;1;TOLIMA NORTE;DISTRIBUCION TOLIMA;CELSIA - TOLIMA CENTRO;CO-TOL-DI-CELSIA-TNORTE-CENTRO;RB2523;;SAN JORGE 2 13.2 KV;MT-No Programada Con Interrupción;2;No;Permanente;;No;Despachado;No hay interrupción;0;Pendiente;L1 L2 L3;03/10/2026 10:32:27.358;107;5;High;1;0;(-8376221.4, 495467.3);0;Llamada;;Interruptor compuesto;CRA 3Nº6-100 PAZDELIBAN;No;No;DISTRIBUCION;Alimentador/Troncal MT;No
201;;03/10/2026 10:35:39.011;INC 146601669;;66776859A;PAYANDE 2 13.2 KV;PAYANDE;Ninguna;BOLM-310 (I-10);0;0;1;TOLIMA NORTE;DISTRIBUCION TOLIMA;CELSIA - TOLIMA CENTRO;CO-TOL-DI-CELSIA-TNORTE-CENTRO;S08819;;PAYANDE 2 13.2 KV;MT-No Programada Con Interrupción;4;No;Permanente;;No;Despachado;No hay interrupción;0;Pendiente;L1;03/10/2026 10:35:38.922;11;0;Low;1;0;(-8363159.5, 457288.9);0;Llamada;;Interruptor compuesto;VDA PARAGUAY;No;No;DISTRIBUCION;Alimentador/Troncal MT;No
202;;03/10/2026 10:36:34.796;INC 146601671;;65002760-A;SAN JORGE 3 13.2 KV;SAN JORGE;Ninguna;BOLV-399 (Apoyo);0;0;1;TOLIMA NORTE;DISTRIBUCION TOLIMA;CELSIA - TOLIMA CENTRO;CO-TOL-DI-CELSIA-TNORTE-CENTRO;RC1056;;SAN JORGE 3 13.2 KV;MT-No Programada Con Interrupción;2;No;Permanente;;No;Despachado;No hay interrupción;0;Pendiente;L1 L2 L3;03/10/2026 10:36:34.711;150;3;High;1;0;(-8375337.1, 494711.4);0;Llamada;;Interruptor compuesto;CRA 2Nº17-37;No;No;DISTRIBUCION;Alimentador/Troncal MT;No
203;;03/10/2026 10:39:15.947;INC 146601673;;65925176-A;SAN JORGE 1 13.2 KV;SAN JORGE;Ninguna;BOLV-399 (Apoyo);0;0;1;TOLIMA NORTE;DISTRIBUCION TOLIMA;CELSIA - TOLIMA CENTRO;CO-TOL-DI-CELSIA-TNORTE-CENTRO;RC1251;;SAN JORGE 2 13.2 KV;MT-No Programada Con Interrupción;3;No;Permanente;;No;Despachado;No hay interrupción;0;Pendiente;L1;03/10/2026 10:39:15.898;273;0;Medium;1;0;(-8375137.0, 496104.8);0;Llamada;;Interruptor compuesto;CLL 15Nº14-39B.MALABAR;No;No;DISTRIBUCION;Alimentador/Troncal MT;No
204;;03/10/2026 10:41:06.303;INC 146601677;;65193086-A;BRISAS 3 13.2 KV;BRISAS;Ninguna;BOLV-399 (Apoyo);0;0;1;TOLIMA NORTE;DISTRIBUCION TOLIMA;CELSIA - TOLIMA CENTRO;CO-TOL-DI-CELSIA-TNORTE-CENTRO;65934604A;;BRISAS 3 13.2 KV;MT-No Programada Con Interrupción;4;No;Permanente;;No;Despachado;No hay interrupción;0;Pendiente;L2;03/10/2026 10:41:06.244;59;0;Low;1;0;(-8376409.8, 493402.2);0;Llamada;;Interruptor compuesto;AUTOPISTA SUR CON CRA 14 SUR;No;No;CONEXION DISTRIBUCION;Alimentador/Troncal MT;No
205;;03/10/2026 10:45:32.212;INC 146601679;;S10429;VERGEL 3 13.2 KV;VERGEL;Ninguna;BOLV-398 (Apoyo);0;0;1;TOLIMA NORTE;DISTRIBUCION TOLIMA;CELSIA - TOLIMA CENTRO;CO-TOL-DI-CELSIA-TNORTE-CENTRO;65968363A;;VERGEL 3 13.2 KV;MT-No Programada Con Interrupción;2;No;Permanente;;No;Despachado;No hay interrupción;0;Pendiente;L1;03/10/2026 10:45:32.169;109;1;High;1;0;(-8370313.9, 494893.1);0;Llamada;;Interruptor compuesto;SIN DIRECCION;No;No;DISTRIBUCION;Alimentador/Troncal MT;No
206;;03/10/2026 10:48:42.557;INC 146601688;;S00213;SAN JORGE 2 13.2 KV;SAN JORGE;Ninguna;BOLV-399 (Apoyo);0;0;1;TOLIMA NORTE;DISTRIBUCION TOLIMA;CELSIA - TOLIMA CENTRO;CO-TOL-DI-CELSIA-TNORTE-CENTRO;RB2520;;SAN JORGE 2 13.2 KV;MT-No Programada Con Interrupción;5;No;Permanente;;No;Despachado;No hay interrupción;0;Pendiente;L1 L2 L3;03/10/2026 10:48:42.513;3;0;Medium;1;0;(-8375801.1, 495338.9);0;Llamada;;Interruptor compuesto;SIN DIRECCION;No;No;DISTRIBUCION;Alimentador/Troncal MT;No
207;;03/10/2026 10:50:47.646;INC 146601693;;65151413-A;VERGEL 3 13.2 KV;VERGEL;Ninguna;;0;0;1;TOLIMA NORTE;DISTRIBUCION TOLIMA;CELSIA - TOLIMA CENTRO;CO-TOL-DI-CELSIA-TNORTE-CENTRO;65967812A;;VERGEL 3 13.2 KV;MT-No Programada Con Interrupción;2;No;Permanente;;No;Pendiente;No hay interrupción;0;;L1;03/10/2026 10:50:47.599;103;1;Raised;1;0;(-8370752.8, 495013.3);0;Llamada;;Interruptor compuesto;AVGUAVINALCLL 71;No;No;DISTRIBUCION;Alimentador/Troncal MT;No
208;;03/10/2026 10:51:44.537;INC 146601696;;65553309A;SIMON BOLIVAR 2 13.2 KV;SIMON BOLIVAR;Ninguna;;0;0;1;TOLIMA NORTE;DISTRIBUCION TOLIMA;CELSIA - TOLIMA CENTRO;CO-TOL-DI-CELSIA-TNORTE-CENTRO;RB1833;;SIMON BOLIVAR 1 13.2 KV;MT-No Programada Con Interrupción;4;No;Permanente;;No;Pendiente;No hay interrupción;0;;L1 L2;03/10/2026 10:51:44.491;49;0;Medium;1;0;(-8369326.5, 494737.2);0;Llamada;;Interruptor compuesto;CRA 4BISCLL 88B.JARDINFLORESTA;No;No;DISTRIBUCION;Alimentador/Troncal MT;No
209;;03/10/2026 10:55:14.154;INC 146601701;;2070278-A;URBANO 13.2 KV;ROVIRA;Ninguna;;0;0;1;TOLIMA NORTE;DISTRIBUCION TOLIMA;CELSIA - TOLIMA CENTRO;CO-TOL-DI-CELSIA-TNORTE-CENTRO;RB1950;;URBANO 13.2 KV;MT-No Programada Con Interrupción;4;No;Permanente;;No;Pendiente;No hay interrupción;0;;L3;03/10/2026 10:54:34.099;20;0;Low;1;0;(-8370053.3, 486194.0);0;Llamada;;Interruptor compuesto;VDA EL RODEO;No;No;DISTRIBUCION;Alimentador/Troncal MT;No
210;;03/10/2026 11:01:23.981;INC 146601708;;65949768-A;PAPAYO 3 13.2 KV;PAPAYO;Ninguna;;0;0;4;TOLIMA NORTE;DISTRIBUCION TOLIMA;CELSIA - TOLIMA CENTRO;CO-TOL-DI-CELSIA-TNORTE-CENTRO;S08801;;PAPAYO 3 13.2 KV;MT-No Programada Con Interrupción;2;No;Permanente;;No;Pendiente;No hay interrupción;0;;L1;03/10/2026 11:01:23.927;246;2;High;1;0;(-8373803.0, 494113.4);0;Llamada;;Interruptor compuesto;CRA 4BCLL 32B.LAFRANCIA;No;No;DISTRIBUCION;Alimentador/Troncal MT;No
211;;03/10/2026 11:07:18.952;INC 146601713;;65576813A;PASTALES 13.2 KV;CHAPETON;Ninguna;;0;0;1;TOLIMA NORTE;DISTRIBUCION TOLIMA;CELSIA - TOLIMA CENTRO;CO-TOL-DI-CELSIA-TNORTE-CENTRO;S03779;;PASTALES 13.2 KV;MT-No Programada Con Interrupción;5;No;Permanente;;No;Pendiente;No hay interrupción;0;;L1;03/10/2026 11:07:18.889;2;0;Low;1;0;(-8385133.5, 510232.7);0;Llamada;;Interruptor compuesto;VIA EL SILECIO;No;No;DISTRIBUCION;Alimentador/Troncal MT;No
